ISO-10303-21;
HEADER;
FILE_DESCRIPTION(('FreeCAD Model'),'2;1');
FILE_NAME('Open CASCADE Shape Model','2026-07-25T17:19:16',(''),(''),
  'Open CASCADE STEP processor 7.8','FreeCAD','Unknown');
FILE_SCHEMA(('AUTOMOTIVE_DESIGN { 1 0 10303 214 1 1 1 1 }'));
ENDSEC;
DATA;
#1 = APPLICATION_PROTOCOL_DEFINITION('international standard',
  'automotive_design',2000,#2);
#2 = APPLICATION_CONTEXT(
  'core data for automotive mechanical design processes');
#3 = SHAPE_DEFINITION_REPRESENTATION(#4,#10);
#4 = PRODUCT_DEFINITION_SHAPE('','',#5);
#5 = PRODUCT_DEFINITION('design','',#6,#9);
#6 = PRODUCT_DEFINITION_FORMATION('','',#7);
#7 = PRODUCT('box-bottom-cap','box-bottom-cap','',(#8));
#8 = PRODUCT_CONTEXT('',#2,'mechanical');
#9 = PRODUCT_DEFINITION_CONTEXT('part definition',#2,'design');
#10 = ADVANCED_BREP_SHAPE_REPRESENTATION('',(#11,#15),#3065);
#11 = AXIS2_PLACEMENT_3D('',#12,#13,#14);
#12 = CARTESIAN_POINT('',(0.,0.,0.));
#13 = DIRECTION('',(0.,0.,1.));
#14 = DIRECTION('',(1.,0.,-0.));
#15 = MANIFOLD_SOLID_BREP('',#16);
#16 = CLOSED_SHELL('',(#17,#57,#90,#121,#782,#807,#831,#856,#915,#932,
    #965,#1025,#1050,#1074,#1098,#1123,#1156,#1180,#1204,#1229,#1262,
    #1286,#1310,#1335,#1360,#1393,#1417,#1441,#1466,#1499,#1524,#1549,
    #1573,#1597,#1622,#1647,#1664,#1714,#1738,#1762,#1798,#1822,#1847,
    #1871,#1889,#1939,#1963,#1987,#2023,#2056,#2116,#2141,#2165,#2189,
    #2214,#2247,#2271,#2295,#2320,#2353,#2377,#2401,#2426,#2451,#2484,
    #2508,#2532,#2557,#2590,#2615,#2640,#2664,#2688,#2713,#2738,#2755,
    #2772,#2789,#2806,#2823,#2835,#2880,#2892,#2904,#2921,#2938,#2950,
    #2967,#2984,#2996,#3041,#3053));
#17 = ADVANCED_FACE('',(#18),#52,.F.);
#18 = FACE_BOUND('',#19,.F.);
#19 = EDGE_LOOP('',(#20,#30,#38,#46));
#20 = ORIENTED_EDGE('',*,*,#21,.T.);
#21 = EDGE_CURVE('',#22,#24,#26,.T.);
#22 = VERTEX_POINT('',#23);
#23 = CARTESIAN_POINT('',(-2.,-3.,0.6));
#24 = VERTEX_POINT('',#25);
#25 = CARTESIAN_POINT('',(-2.,-3.,2.));
#26 = LINE('',#27,#28);
#27 = CARTESIAN_POINT('',(-2.,-3.,0.));
#28 = VECTOR('',#29,1.);
#29 = DIRECTION('',(0.,0.,1.));
#30 = ORIENTED_EDGE('',*,*,#31,.T.);
#31 = EDGE_CURVE('',#24,#32,#34,.T.);
#32 = VERTEX_POINT('',#33);
#33 = CARTESIAN_POINT('',(-2.,-29.,2.));
#34 = LINE('',#35,#36);
#35 = CARTESIAN_POINT('',(-2.,-3.,2.));
#36 = VECTOR('',#37,1.);
#37 = DIRECTION('',(0.,-1.,0.));
#38 = ORIENTED_EDGE('',*,*,#39,.F.);
#39 = EDGE_CURVE('',#40,#32,#42,.T.);
#40 = VERTEX_POINT('',#41);
#41 = CARTESIAN_POINT('',(-2.,-29.,0.6));
#42 = LINE('',#43,#44);
#43 = CARTESIAN_POINT('',(-2.,-29.,0.));
#44 = VECTOR('',#45,1.);
#45 = DIRECTION('',(0.,0.,1.));
#46 = ORIENTED_EDGE('',*,*,#47,.F.);
#47 = EDGE_CURVE('',#22,#40,#48,.T.);
#48 = LINE('',#49,#50);
#49 = CARTESIAN_POINT('',(-2.,-3.,0.6));
#50 = VECTOR('',#51,1.);
#51 = DIRECTION('',(0.,-1.,0.));
#52 = PLANE('',#53);
#53 = AXIS2_PLACEMENT_3D('',#54,#55,#56);
#54 = CARTESIAN_POINT('',(-2.,-3.,0.));
#55 = DIRECTION('',(1.,0.,0.));
#56 = DIRECTION('',(0.,-1.,0.));
#57 = ADVANCED_FACE('',(#58),#85,.T.);
#58 = FACE_BOUND('',#59,.F.);
#59 = EDGE_LOOP('',(#60,#70,#77,#78));
#60 = ORIENTED_EDGE('',*,*,#61,.T.);
#61 = EDGE_CURVE('',#62,#64,#66,.T.);
#62 = VERTEX_POINT('',#63);
#63 = CARTESIAN_POINT('',(3.,2.,0.6));
#64 = VERTEX_POINT('',#65);
#65 = CARTESIAN_POINT('',(3.,2.,2.));
#66 = LINE('',#67,#68);
#67 = CARTESIAN_POINT('',(3.,2.,0.));
#68 = VECTOR('',#69,1.);
#69 = DIRECTION('',(0.,0.,1.));
#70 = ORIENTED_EDGE('',*,*,#71,.T.);
#71 = EDGE_CURVE('',#64,#24,#72,.T.);
#72 = CIRCLE('',#73,5.);
#73 = AXIS2_PLACEMENT_3D('',#74,#75,#76);
#74 = CARTESIAN_POINT('',(3.,-3.,2.));
#75 = DIRECTION('',(0.,0.,1.));
#76 = DIRECTION('',(1.,0.,0.));
#77 = ORIENTED_EDGE('',*,*,#21,.F.);
#78 = ORIENTED_EDGE('',*,*,#79,.F.);
#79 = EDGE_CURVE('',#62,#22,#80,.T.);
#80 = CIRCLE('',#81,5.);
#81 = AXIS2_PLACEMENT_3D('',#82,#83,#84);
#82 = CARTESIAN_POINT('',(3.,-3.,0.6));
#83 = DIRECTION('',(0.,0.,1.));
#84 = DIRECTION('',(-3.6E-16,1.,0.));
#85 = CYLINDRICAL_SURFACE('',#86,5.);
#86 = AXIS2_PLACEMENT_3D('',#87,#88,#89);
#87 = CARTESIAN_POINT('',(3.,-3.,0.));
#88 = DIRECTION('',(-0.,-0.,-1.));
#89 = DIRECTION('',(1.,0.,0.));
#90 = ADVANCED_FACE('',(#91),#116,.F.);
#91 = FACE_BOUND('',#92,.F.);
#92 = EDGE_LOOP('',(#93,#101,#102,#110));
#93 = ORIENTED_EDGE('',*,*,#94,.F.);
#94 = EDGE_CURVE('',#22,#95,#97,.T.);
#95 = VERTEX_POINT('',#96);
#96 = CARTESIAN_POINT('',(-1.4,-3.,0.));
#97 = LINE('',#98,#99);
#98 = CARTESIAN_POINT('',(-1.7,-3.,0.3));
#99 = VECTOR('',#100,1.);
#100 = DIRECTION('',(0.707106781187,0.,-0.707106781187));
#101 = ORIENTED_EDGE('',*,*,#47,.T.);
#102 = ORIENTED_EDGE('',*,*,#103,.T.);
#103 = EDGE_CURVE('',#40,#104,#106,.T.);
#104 = VERTEX_POINT('',#105);
#105 = CARTESIAN_POINT('',(-1.4,-29.,0.));
#106 = LINE('',#107,#108);
#107 = CARTESIAN_POINT('',(-1.7,-29.,0.3));
#108 = VECTOR('',#109,1.);
#109 = DIRECTION('',(0.707106781187,0.,-0.707106781187));
#110 = ORIENTED_EDGE('',*,*,#111,.F.);
#111 = EDGE_CURVE('',#95,#104,#112,.T.);
#112 = LINE('',#113,#114);
#113 = CARTESIAN_POINT('',(-1.4,-3.,0.));
#114 = VECTOR('',#115,1.);
#115 = DIRECTION('',(0.,-1.,0.));
#116 = PLANE('',#117);
#117 = AXIS2_PLACEMENT_3D('',#118,#119,#120);
#118 = CARTESIAN_POINT('',(-1.7,-3.,0.3));
#119 = DIRECTION('',(0.707106781187,1.E-17,0.707106781187));
#120 = DIRECTION('',(7.071067811865E-18,-1.,7.071067811865E-18));
#121 = ADVANCED_FACE('',(#122,#373,#423,#476,#526),#777,.T.);
#122 = FACE_BOUND('',#123,.T.);
#123 = EDGE_LOOP('',(#124,#134,#143,#151,#159,#167,#175,#183,#192,#200,
    #209,#218,#226,#235,#243,#252,#260,#269,#277,#285,#293,#302,#310,
    #319,#327,#336,#344));
#124 = ORIENTED_EDGE('',*,*,#125,.F.);
#125 = EDGE_CURVE('',#126,#128,#130,.T.);
#126 = VERTEX_POINT('',#127);
#127 = CARTESIAN_POINT('',(70.5,-25.6,2.));
#128 = VERTEX_POINT('',#129);
#129 = CARTESIAN_POINT('',(70.5,-30.3,2.));
#130 = LINE('',#131,#132);
#131 = CARTESIAN_POINT('',(70.5,-24.1,2.));
#132 = VECTOR('',#133,1.);
#133 = DIRECTION('',(0.,-1.,0.));
#134 = ORIENTED_EDGE('',*,*,#135,.T.);
#135 = EDGE_CURVE('',#126,#136,#138,.T.);
#136 = VERTEX_POINT('',#137);
#137 = CARTESIAN_POINT('',(72.,-24.1,2.));
#138 = CIRCLE('',#139,1.5);
#139 = AXIS2_PLACEMENT_3D('',#140,#141,#142);
#140 = CARTESIAN_POINT('',(72.,-25.6,2.));
#141 = DIRECTION('',(0.,0.,-1.));
#142 = DIRECTION('',(0.,1.,0.));
#143 = ORIENTED_EDGE('',*,*,#144,.F.);
#144 = EDGE_CURVE('',#145,#136,#147,.T.);
#145 = VERTEX_POINT('',#146);
#146 = CARTESIAN_POINT('',(72.1,-24.1,2.));
#147 = LINE('',#148,#149);
#148 = CARTESIAN_POINT('',(72.1,-24.1,2.));
#149 = VECTOR('',#150,1.);
#150 = DIRECTION('',(-1.,0.,0.));
#151 = ORIENTED_EDGE('',*,*,#152,.T.);
#152 = EDGE_CURVE('',#145,#153,#155,.T.);
#153 = VERTEX_POINT('',#154);
#154 = CARTESIAN_POINT('',(72.1,-22.,2.));
#155 = LINE('',#156,#157);
#156 = CARTESIAN_POINT('',(72.1,-28.9,2.));
#157 = VECTOR('',#158,1.);
#158 = DIRECTION('',(0.,1.,0.));
#159 = ORIENTED_EDGE('',*,*,#160,.T.);
#160 = EDGE_CURVE('',#153,#161,#163,.T.);
#161 = VERTEX_POINT('',#162);
#162 = CARTESIAN_POINT('',(72.9,-22.,2.));
#163 = LINE('',#164,#165);
#164 = CARTESIAN_POINT('',(72.1,-22.,2.));
#165 = VECTOR('',#166,1.);
#166 = DIRECTION('',(1.,0.,0.));
#167 = ORIENTED_EDGE('',*,*,#168,.F.);
#168 = EDGE_CURVE('',#169,#161,#171,.T.);
#169 = VERTEX_POINT('',#170);
#170 = CARTESIAN_POINT('',(72.9,-24.9,2.));
#171 = LINE('',#172,#173);
#172 = CARTESIAN_POINT('',(72.9,-28.9,2.));
#173 = VECTOR('',#174,1.);
#174 = DIRECTION('',(0.,1.,0.));
#175 = ORIENTED_EDGE('',*,*,#176,.T.);
#176 = EDGE_CURVE('',#169,#177,#179,.T.);
#177 = VERTEX_POINT('',#178);
#178 = CARTESIAN_POINT('',(72.3,-24.9,2.));
#179 = LINE('',#180,#181);
#180 = CARTESIAN_POINT('',(72.9,-24.9,2.));
#181 = VECTOR('',#182,1.);
#182 = DIRECTION('',(-1.,0.,0.));
#183 = ORIENTED_EDGE('',*,*,#184,.F.);
#184 = EDGE_CURVE('',#185,#177,#187,.T.);
#185 = VERTEX_POINT('',#186);
#186 = CARTESIAN_POINT('',(71.3,-25.9,2.));
#187 = CIRCLE('',#188,1.);
#188 = AXIS2_PLACEMENT_3D('',#189,#190,#191);
#189 = CARTESIAN_POINT('',(72.3,-25.9,2.));
#190 = DIRECTION('',(0.,0.,-1.));
#191 = DIRECTION('',(0.,1.,0.));
#192 = ORIENTED_EDGE('',*,*,#193,.F.);
#193 = EDGE_CURVE('',#194,#185,#196,.T.);
#194 = VERTEX_POINT('',#195);
#195 = CARTESIAN_POINT('',(71.3,-30.5099689438,2.));
#196 = LINE('',#197,#198);
#197 = CARTESIAN_POINT('',(71.3,-30.6,2.));
#198 = VECTOR('',#199,1.);
#199 = DIRECTION('',(0.,1.,0.));
#200 = ORIENTED_EDGE('',*,*,#201,.T.);
#201 = EDGE_CURVE('',#194,#202,#204,.T.);
#202 = VERTEX_POINT('',#203);
#203 = CARTESIAN_POINT('',(69.918633540373,-31.8999421313,2.));
#204 = CIRCLE('',#205,1.39);
#205 = AXIS2_PLACEMENT_3D('',#206,#207,#208);
#206 = CARTESIAN_POINT('',(69.91,-30.5099689438,2.));
#207 = DIRECTION('',(0.,0.,-1.));
#208 = DIRECTION('',(0.,1.,0.));
#209 = ORIENTED_EDGE('',*,*,#210,.F.);
#210 = EDGE_CURVE('',#211,#202,#213,.T.);
#211 = VERTEX_POINT('',#212);
#212 = CARTESIAN_POINT('',(69.9,-31.9,2.));
#213 = CIRCLE('',#214,3.);
#214 = AXIS2_PLACEMENT_3D('',#215,#216,#217);
#215 = CARTESIAN_POINT('',(69.9,-28.9,2.));
#216 = DIRECTION('',(0.,0.,1.));
#217 = DIRECTION('',(1.,0.,0.));
#218 = ORIENTED_EDGE('',*,*,#219,.F.);
#219 = EDGE_CURVE('',#220,#211,#222,.T.);
#220 = VERTEX_POINT('',#221);
#221 = CARTESIAN_POINT('',(7.1,-31.9,2.));
#222 = LINE('',#223,#224);
#223 = CARTESIAN_POINT('',(4.1,-31.9,2.));
#224 = VECTOR('',#225,1.);
#225 = DIRECTION('',(1.,0.,0.));
#226 = ORIENTED_EDGE('',*,*,#227,.T.);
#227 = EDGE_CURVE('',#220,#228,#230,.T.);
#228 = VERTEX_POINT('',#229);
#229 = CARTESIAN_POINT('',(5.7,-30.5,2.));
#230 = CIRCLE('',#231,1.4);
#231 = AXIS2_PLACEMENT_3D('',#232,#233,#234);
#232 = CARTESIAN_POINT('',(7.1,-30.5,2.));
#233 = DIRECTION('',(0.,0.,-1.));
#234 = DIRECTION('',(0.,1.,0.));
#235 = ORIENTED_EDGE('',*,*,#236,.T.);
#236 = EDGE_CURVE('',#228,#237,#239,.T.);
#237 = VERTEX_POINT('',#238);
#238 = CARTESIAN_POINT('',(5.7,-26.3,2.));
#239 = LINE('',#240,#241);
#240 = CARTESIAN_POINT('',(5.7,-31.9,2.));
#241 = VECTOR('',#242,1.);
#242 = DIRECTION('',(0.,1.,0.));
#243 = ORIENTED_EDGE('',*,*,#244,.F.);
#244 = EDGE_CURVE('',#245,#237,#247,.T.);
#245 = VERTEX_POINT('',#246);
#246 = CARTESIAN_POINT('',(4.3,-24.9,2.));
#247 = CIRCLE('',#248,1.4);
#248 = AXIS2_PLACEMENT_3D('',#249,#250,#251);
#249 = CARTESIAN_POINT('',(4.3,-26.3,2.));
#250 = DIRECTION('',(0.,0.,-1.));
#251 = DIRECTION('',(0.,1.,0.));
#252 = ORIENTED_EDGE('',*,*,#253,.T.);
#253 = EDGE_CURVE('',#245,#254,#256,.T.);
#254 = VERTEX_POINT('',#255);
#255 = CARTESIAN_POINT('',(3.1,-24.9,2.));
#256 = LINE('',#257,#258);
#257 = CARTESIAN_POINT('',(5.7,-24.9,2.));
#258 = VECTOR('',#259,1.);
#259 = DIRECTION('',(-1.,0.,0.));
#260 = ORIENTED_EDGE('',*,*,#261,.T.);
#261 = EDGE_CURVE('',#254,#262,#264,.T.);
#262 = VERTEX_POINT('',#263);
#263 = CARTESIAN_POINT('',(1.1,-22.9,2.));
#264 = CIRCLE('',#265,2.);
#265 = AXIS2_PLACEMENT_3D('',#266,#267,#268);
#266 = CARTESIAN_POINT('',(3.1,-22.9,2.));
#267 = DIRECTION('',(0.,0.,-1.));
#268 = DIRECTION('',(0.,1.,0.));
#269 = ORIENTED_EDGE('',*,*,#270,.F.);
#270 = EDGE_CURVE('',#271,#262,#273,.T.);
#271 = VERTEX_POINT('',#272);
#272 = CARTESIAN_POINT('',(1.1,-22.,2.));
#273 = LINE('',#274,#275);
#274 = CARTESIAN_POINT('',(1.1,-3.1,2.));
#275 = VECTOR('',#276,1.);
#276 = DIRECTION('',(0.,-1.,0.));
#277 = ORIENTED_EDGE('',*,*,#278,.T.);
#278 = EDGE_CURVE('',#271,#279,#281,.T.);
#279 = VERTEX_POINT('',#280);
#280 = CARTESIAN_POINT('',(1.9,-22.,2.));
#281 = LINE('',#282,#283);
#282 = CARTESIAN_POINT('',(1.1,-22.,2.));
#283 = VECTOR('',#284,1.);
#284 = DIRECTION('',(1.,0.,0.));
#285 = ORIENTED_EDGE('',*,*,#286,.T.);
#286 = EDGE_CURVE('',#279,#287,#289,.T.);
#287 = VERTEX_POINT('',#288);
#288 = CARTESIAN_POINT('',(1.9,-22.9,2.));
#289 = LINE('',#290,#291);
#290 = CARTESIAN_POINT('',(1.9,-3.1,2.));
#291 = VECTOR('',#292,1.);
#292 = DIRECTION('',(0.,-1.,0.));
#293 = ORIENTED_EDGE('',*,*,#294,.F.);
#294 = EDGE_CURVE('',#295,#287,#297,.T.);
#295 = VERTEX_POINT('',#296);
#296 = CARTESIAN_POINT('',(3.1,-24.1,2.));
#297 = CIRCLE('',#298,1.2);
#298 = AXIS2_PLACEMENT_3D('',#299,#300,#301);
#299 = CARTESIAN_POINT('',(3.1,-22.9,2.));
#300 = DIRECTION('',(0.,0.,-1.));
#301 = DIRECTION('',(0.,1.,0.));
#302 = ORIENTED_EDGE('',*,*,#303,.T.);
#303 = EDGE_CURVE('',#295,#304,#306,.T.);
#304 = VERTEX_POINT('',#305);
#305 = CARTESIAN_POINT('',(4.3,-24.1,2.));
#306 = LINE('',#307,#308);
#307 = CARTESIAN_POINT('',(1.9,-24.1,2.));
#308 = VECTOR('',#309,1.);
#309 = DIRECTION('',(1.,0.,0.));
#310 = ORIENTED_EDGE('',*,*,#311,.F.);
#311 = EDGE_CURVE('',#312,#304,#314,.T.);
#312 = VERTEX_POINT('',#313);
#313 = CARTESIAN_POINT('',(6.5,-26.3,2.));
#314 = CIRCLE('',#315,2.2);
#315 = AXIS2_PLACEMENT_3D('',#316,#317,#318);
#316 = CARTESIAN_POINT('',(4.3,-26.3,2.));
#317 = DIRECTION('',(0.,-0.,1.));
#318 = DIRECTION('',(0.,1.,0.));
#319 = ORIENTED_EDGE('',*,*,#320,.T.);
#320 = EDGE_CURVE('',#312,#321,#323,.T.);
#321 = VERTEX_POINT('',#322);
#322 = CARTESIAN_POINT('',(6.5,-30.3,2.));
#323 = LINE('',#324,#325);
#324 = CARTESIAN_POINT('',(6.5,-24.1,2.));
#325 = VECTOR('',#326,1.);
#326 = DIRECTION('',(0.,-1.,0.));
#327 = ORIENTED_EDGE('',*,*,#328,.T.);
#328 = EDGE_CURVE('',#321,#329,#331,.T.);
#329 = VERTEX_POINT('',#330);
#330 = CARTESIAN_POINT('',(7.3,-31.1,2.));
#331 = CIRCLE('',#332,0.8);
#332 = AXIS2_PLACEMENT_3D('',#333,#334,#335);
#333 = CARTESIAN_POINT('',(7.3,-30.3,2.));
#334 = DIRECTION('',(0.,-0.,1.));
#335 = DIRECTION('',(0.,1.,0.));
#336 = ORIENTED_EDGE('',*,*,#337,.T.);
#337 = EDGE_CURVE('',#329,#338,#340,.T.);
#338 = VERTEX_POINT('',#339);
#339 = CARTESIAN_POINT('',(69.7,-31.1,2.));
#340 = LINE('',#341,#342);
#341 = CARTESIAN_POINT('',(4.1,-31.1,2.));
#342 = VECTOR('',#343,1.);
#343 = DIRECTION('',(1.,0.,0.));
#344 = ORIENTED_EDGE('',*,*,#345,.F.);
#345 = EDGE_CURVE('',#128,#338,#346,.T.);
#346 = B_SPLINE_CURVE_WITH_KNOTS('',5,(#347,#348,#349,#350,#351,#352,
    #353,#354,#355,#356,#357,#358,#359,#360,#361,#362,#363,#364,#365,
    #366,#367,#368,#369,#370,#371,#372),.UNSPECIFIED.,.F.,.F.,(6,4,4,4,4
    ,4,6),(0.,0.148271103867,0.251945445779,0.5,0.748054554221,
    0.851728896133,1.),.UNSPECIFIED.);
#347 = CARTESIAN_POINT('',(70.5,-30.3,2.));
#348 = CARTESIAN_POINT('',(70.5,-30.33569198788,2.));
#349 = CARTESIAN_POINT('',(70.498009492346,-30.37174611716,2.));
#350 = CARTESIAN_POINT('',(70.493947758759,-30.40797215286,2.));
#351 = CARTESIAN_POINT('',(70.487767513252,-30.44416636066,2.));
#352 = CARTESIAN_POINT('',(70.473650501717,-30.50525739764,2.));
#353 = CARTESIAN_POINT('',(70.466801111042,-30.53027821161,2.));
#354 = CARTESIAN_POINT('',(70.458908171721,-30.55510937061,2.));
#355 = CARTESIAN_POINT('',(70.449977293275,-30.57967953844,2.));
#356 = CARTESIAN_POINT('',(70.416205819008,-30.66191118783,2.));
#357 = CARTESIAN_POINT('',(70.386526099411,-30.71801239391,2.));
#358 = CARTESIAN_POINT('',(70.351189647037,-30.77123688041,2.));
#359 = CARTESIAN_POINT('',(70.31067097471,-30.82069987518,2.));
#360 = CARTESIAN_POINT('',(70.220699875188,-30.91067097471,2.));
#361 = CARTESIAN_POINT('',(70.171236880417,-30.95118964703,2.));
#362 = CARTESIAN_POINT('',(70.11801239391,-30.98652609941,2.));
#363 = CARTESIAN_POINT('',(70.061911187833,-31.016205819,2.));
#364 = CARTESIAN_POINT('',(69.979679538449,-31.04997729327,2.));
#365 = CARTESIAN_POINT('',(69.955109370619,-31.05890817172,2.));
#366 = CARTESIAN_POINT('',(69.930278211618,-31.06680111104,2.));
#367 = CARTESIAN_POINT('',(69.905257397649,-31.07365050171,2.));
#368 = CARTESIAN_POINT('',(69.844166360659,-31.08776751325,2.));
#369 = CARTESIAN_POINT('',(69.807972152864,-31.09394775875,2.));
#370 = CARTESIAN_POINT('',(69.771746117163,-31.09800949234,2.));
#371 = CARTESIAN_POINT('',(69.735691987881,-31.1,2.));
#372 = CARTESIAN_POINT('',(69.7,-31.1,2.));
#373 = FACE_BOUND('',#374,.T.);
#374 = EDGE_LOOP('',(#375,#385,#393,#401,#409,#417));
#375 = ORIENTED_EDGE('',*,*,#376,.T.);
#376 = EDGE_CURVE('',#377,#379,#381,.T.);
#377 = VERTEX_POINT('',#378);
#378 = CARTESIAN_POINT('',(72.1,-21.,2.));
#379 = VERTEX_POINT('',#380);
#380 = CARTESIAN_POINT('',(71.3,-21.,2.));
#381 = LINE('',#382,#383);
#382 = CARTESIAN_POINT('',(54.829980496996,-21.,2.));
#383 = VECTOR('',#384,1.);
#384 = DIRECTION('',(-1.,9.6E-16,0.));
#385 = ORIENTED_EDGE('',*,*,#386,.T.);
#386 = EDGE_CURVE('',#379,#387,#389,.T.);
#387 = VERTEX_POINT('',#388);
#388 = CARTESIAN_POINT('',(71.3,-11.,2.));
#389 = LINE('',#390,#391);
#390 = CARTESIAN_POINT('',(71.3,-21.,2.));
#391 = VECTOR('',#392,1.);
#392 = DIRECTION('',(0.,1.,0.));
#393 = ORIENTED_EDGE('',*,*,#394,.F.);
#394 = EDGE_CURVE('',#395,#387,#397,.T.);
#395 = VERTEX_POINT('',#396);
#396 = CARTESIAN_POINT('',(72.1,-11.,2.));
#397 = LINE('',#398,#399);
#398 = CARTESIAN_POINT('',(54.829980496996,-11.,2.));
#399 = VECTOR('',#400,1.);
#400 = DIRECTION('',(-1.,-3.17E-15,0.));
#401 = ORIENTED_EDGE('',*,*,#402,.T.);
#402 = EDGE_CURVE('',#395,#403,#405,.T.);
#403 = VERTEX_POINT('',#404);
#404 = CARTESIAN_POINT('',(72.9,-11.,2.));
#405 = LINE('',#406,#407);
#406 = CARTESIAN_POINT('',(72.1,-11.,2.));
#407 = VECTOR('',#408,1.);
#408 = DIRECTION('',(1.,0.,0.));
#409 = ORIENTED_EDGE('',*,*,#410,.F.);
#410 = EDGE_CURVE('',#411,#403,#413,.T.);
#411 = VERTEX_POINT('',#412);
#412 = CARTESIAN_POINT('',(72.9,-21.,2.));
#413 = LINE('',#414,#415);
#414 = CARTESIAN_POINT('',(72.9,-28.9,2.));
#415 = VECTOR('',#416,1.);
#416 = DIRECTION('',(0.,1.,0.));
#417 = ORIENTED_EDGE('',*,*,#418,.T.);
#418 = EDGE_CURVE('',#411,#377,#419,.T.);
#419 = LINE('',#420,#421);
#420 = CARTESIAN_POINT('',(72.9,-21.,2.));
#421 = VECTOR('',#422,1.);
#422 = DIRECTION('',(-1.,0.,0.));
#423 = FACE_BOUND('',#424,.T.);
#424 = EDGE_LOOP('',(#425,#426,#435,#443,#452,#460,#469,#475));
#425 = ORIENTED_EDGE('',*,*,#31,.T.);
#426 = ORIENTED_EDGE('',*,*,#427,.T.);
#427 = EDGE_CURVE('',#32,#428,#430,.T.);
#428 = VERTEX_POINT('',#429);
#429 = CARTESIAN_POINT('',(3.,-34.,2.));
#430 = CIRCLE('',#431,5.);
#431 = AXIS2_PLACEMENT_3D('',#432,#433,#434);
#432 = CARTESIAN_POINT('',(3.,-29.,2.));
#433 = DIRECTION('',(0.,0.,1.));
#434 = DIRECTION('',(1.,0.,0.));
#435 = ORIENTED_EDGE('',*,*,#436,.T.);
#436 = EDGE_CURVE('',#428,#437,#439,.T.);
#437 = VERTEX_POINT('',#438);
#438 = CARTESIAN_POINT('',(71.,-34.,2.));
#439 = LINE('',#440,#441);
#440 = CARTESIAN_POINT('',(3.,-34.,2.));
#441 = VECTOR('',#442,1.);
#442 = DIRECTION('',(1.,0.,0.));
#443 = ORIENTED_EDGE('',*,*,#444,.T.);
#444 = EDGE_CURVE('',#437,#445,#447,.T.);
#445 = VERTEX_POINT('',#446);
#446 = CARTESIAN_POINT('',(76.,-29.,2.));
#447 = CIRCLE('',#448,5.);
#448 = AXIS2_PLACEMENT_3D('',#449,#450,#451);
#449 = CARTESIAN_POINT('',(71.,-29.,2.));
#450 = DIRECTION('',(0.,0.,1.));
#451 = DIRECTION('',(1.,0.,0.));
#452 = ORIENTED_EDGE('',*,*,#453,.T.);
#453 = EDGE_CURVE('',#445,#454,#456,.T.);
#454 = VERTEX_POINT('',#455);
#455 = CARTESIAN_POINT('',(76.,-3.,2.));
#456 = LINE('',#457,#458);
#457 = CARTESIAN_POINT('',(76.,-29.,2.));
#458 = VECTOR('',#459,1.);
#459 = DIRECTION('',(0.,1.,0.));
#460 = ORIENTED_EDGE('',*,*,#461,.T.);
#461 = EDGE_CURVE('',#454,#462,#464,.T.);
#462 = VERTEX_POINT('',#463);
#463 = CARTESIAN_POINT('',(71.,2.,2.));
#464 = CIRCLE('',#465,5.);
#465 = AXIS2_PLACEMENT_3D('',#466,#467,#468);
#466 = CARTESIAN_POINT('',(71.,-3.,2.));
#467 = DIRECTION('',(0.,0.,1.));
#468 = DIRECTION('',(1.,0.,0.));
#469 = ORIENTED_EDGE('',*,*,#470,.T.);
#470 = EDGE_CURVE('',#462,#64,#471,.T.);
#471 = LINE('',#472,#473);
#472 = CARTESIAN_POINT('',(71.,2.,2.));
#473 = VECTOR('',#474,1.);
#474 = DIRECTION('',(-1.,8.E-17,0.));
#475 = ORIENTED_EDGE('',*,*,#71,.T.);
#476 = FACE_BOUND('',#477,.T.);
#477 = EDGE_LOOP('',(#478,#488,#496,#504,#512,#520));
#478 = ORIENTED_EDGE('',*,*,#479,.T.);
#479 = EDGE_CURVE('',#480,#482,#484,.T.);
#480 = VERTEX_POINT('',#481);
#481 = CARTESIAN_POINT('',(1.9,-11.,2.));
#482 = VERTEX_POINT('',#483);
#483 = CARTESIAN_POINT('',(2.7,-11.,2.));
#484 = LINE('',#485,#486);
#485 = CARTESIAN_POINT('',(19.170019503003,-11.,2.));
#486 = VECTOR('',#487,1.);
#487 = DIRECTION('',(1.,-5.2E-16,0.));
#488 = ORIENTED_EDGE('',*,*,#489,.T.);
#489 = EDGE_CURVE('',#482,#490,#492,.T.);
#490 = VERTEX_POINT('',#491);
#491 = CARTESIAN_POINT('',(2.7,-21.,2.));
#492 = LINE('',#493,#494);
#493 = CARTESIAN_POINT('',(2.7,-11.,2.));
#494 = VECTOR('',#495,1.);
#495 = DIRECTION('',(0.,-1.,0.));
#496 = ORIENTED_EDGE('',*,*,#497,.F.);
#497 = EDGE_CURVE('',#498,#490,#500,.T.);
#498 = VERTEX_POINT('',#499);
#499 = CARTESIAN_POINT('',(1.9,-21.,2.));
#500 = LINE('',#501,#502);
#501 = CARTESIAN_POINT('',(19.170019503003,-21.,2.));
#502 = VECTOR('',#503,1.);
#503 = DIRECTION('',(1.,0.,0.));
#504 = ORIENTED_EDGE('',*,*,#505,.T.);
#505 = EDGE_CURVE('',#498,#506,#508,.T.);
#506 = VERTEX_POINT('',#507);
#507 = CARTESIAN_POINT('',(1.1,-21.,2.));
#508 = LINE('',#509,#510);
#509 = CARTESIAN_POINT('',(1.9,-21.,2.));
#510 = VECTOR('',#511,1.);
#511 = DIRECTION('',(-1.,0.,0.));
#512 = ORIENTED_EDGE('',*,*,#513,.F.);
#513 = EDGE_CURVE('',#514,#506,#516,.T.);
#514 = VERTEX_POINT('',#515);
#515 = CARTESIAN_POINT('',(1.1,-11.,2.));
#516 = LINE('',#517,#518);
#517 = CARTESIAN_POINT('',(1.1,-3.1,2.));
#518 = VECTOR('',#519,1.);
#519 = DIRECTION('',(0.,-1.,0.));
#520 = ORIENTED_EDGE('',*,*,#521,.T.);
#521 = EDGE_CURVE('',#514,#480,#522,.T.);
#522 = LINE('',#523,#524);
#523 = CARTESIAN_POINT('',(1.1,-11.,2.));
#524 = VECTOR('',#525,1.);
#525 = DIRECTION('',(1.,0.,0.));
#526 = FACE_BOUND('',#527,.T.);
#527 = EDGE_LOOP('',(#528,#538,#569,#577,#586,#594,#603,#611,#620,#628,
    #636,#644,#653,#661,#670,#678,#687,#695,#704,#713,#721,#730,#738,
    #746,#754,#762,#770));
#528 = ORIENTED_EDGE('',*,*,#529,.T.);
#529 = EDGE_CURVE('',#530,#532,#534,.T.);
#530 = VERTEX_POINT('',#531);
#531 = CARTESIAN_POINT('',(70.5,-6.4,2.));
#532 = VERTEX_POINT('',#533);
#533 = CARTESIAN_POINT('',(70.5,-1.7,2.));
#534 = LINE('',#535,#536);
#535 = CARTESIAN_POINT('',(70.5,-7.9,2.));
#536 = VECTOR('',#537,1.);
#537 = DIRECTION('',(0.,1.,0.));
#538 = ORIENTED_EDGE('',*,*,#539,.T.);
#539 = EDGE_CURVE('',#532,#540,#542,.T.);
#540 = VERTEX_POINT('',#541);
#541 = CARTESIAN_POINT('',(69.7,-0.9,2.));
#542 = B_SPLINE_CURVE_WITH_KNOTS('',5,(#543,#544,#545,#546,#547,#548,
    #549,#550,#551,#552,#553,#554,#555,#556,#557,#558,#559,#560,#561,
    #562,#563,#564,#565,#566,#567,#568),.UNSPECIFIED.,.F.,.F.,(6,4,4,4,4
    ,4,6),(0.,0.148271103867,0.251945445779,0.5,0.748054554221,
    0.851728896133,1.),.UNSPECIFIED.);
#543 = CARTESIAN_POINT('',(70.5,-1.7,2.));
#544 = CARTESIAN_POINT('',(70.5,-1.664308012119,2.));
#545 = CARTESIAN_POINT('',(70.498009492346,-1.628253882837,2.));
#546 = CARTESIAN_POINT('',(70.493947758759,-1.592027847136,2.));
#547 = CARTESIAN_POINT('',(70.487767513252,-1.55583363934,2.));
#548 = CARTESIAN_POINT('',(70.473650501717,-1.494742602351,2.));
#549 = CARTESIAN_POINT('',(70.466801111042,-1.469721788382,2.));
#550 = CARTESIAN_POINT('',(70.458908171721,-1.444890629381,2.));
#551 = CARTESIAN_POINT('',(70.449977293275,-1.420320461551,2.));
#552 = CARTESIAN_POINT('',(70.416205819008,-1.338088812167,2.));
#553 = CARTESIAN_POINT('',(70.386526099411,-1.28198760609,2.));
#554 = CARTESIAN_POINT('',(70.351189647037,-1.228763119583,2.));
#555 = CARTESIAN_POINT('',(70.31067097471,-1.179300124812,2.));
#556 = CARTESIAN_POINT('',(70.220699875188,-1.08932902529,2.));
#557 = CARTESIAN_POINT('',(70.171236880417,-1.048810352963,2.));
#558 = CARTESIAN_POINT('',(70.11801239391,-1.013473900589,2.));
#559 = CARTESIAN_POINT('',(70.061911187833,-0.983794180992,2.));
#560 = CARTESIAN_POINT('',(69.979679538449,-0.950022706725,2.));
#561 = CARTESIAN_POINT('',(69.955109370619,-0.941091828279,2.));
#562 = CARTESIAN_POINT('',(69.930278211618,-0.933198888958,2.));
#563 = CARTESIAN_POINT('',(69.905257397649,-0.926349498283,2.));
#564 = CARTESIAN_POINT('',(69.844166360659,-0.912232486748,2.));
#565 = CARTESIAN_POINT('',(69.807972152864,-0.906052241241,2.));
#566 = CARTESIAN_POINT('',(69.771746117163,-0.901990507653,2.));
#567 = CARTESIAN_POINT('',(69.735691987881,-0.9,2.));
#568 = CARTESIAN_POINT('',(69.7,-0.9,2.));
#569 = ORIENTED_EDGE('',*,*,#570,.T.);
#570 = EDGE_CURVE('',#540,#571,#573,.T.);
#571 = VERTEX_POINT('',#572);
#572 = CARTESIAN_POINT('',(7.3,-0.9,2.));
#573 = LINE('',#574,#575);
#574 = CARTESIAN_POINT('',(69.9,-0.9,2.));
#575 = VECTOR('',#576,1.);
#576 = DIRECTION('',(-1.,-8.E-17,0.));
#577 = ORIENTED_EDGE('',*,*,#578,.F.);
#578 = EDGE_CURVE('',#579,#571,#581,.T.);
#579 = VERTEX_POINT('',#580);
#580 = CARTESIAN_POINT('',(6.5,-1.7,2.));
#581 = CIRCLE('',#582,0.8);
#582 = AXIS2_PLACEMENT_3D('',#583,#584,#585);
#583 = CARTESIAN_POINT('',(7.3,-1.7,2.));
#584 = DIRECTION('',(0.,0.,-1.));
#585 = DIRECTION('',(0.,1.,0.));
#586 = ORIENTED_EDGE('',*,*,#587,.T.);
#587 = EDGE_CURVE('',#579,#588,#590,.T.);
#588 = VERTEX_POINT('',#589);
#589 = CARTESIAN_POINT('',(6.5,-5.7,2.));
#590 = LINE('',#591,#592);
#591 = CARTESIAN_POINT('',(6.5,-0.9,2.));
#592 = VECTOR('',#593,1.);
#593 = DIRECTION('',(0.,-1.,0.));
#594 = ORIENTED_EDGE('',*,*,#595,.F.);
#595 = EDGE_CURVE('',#596,#588,#598,.T.);
#596 = VERTEX_POINT('',#597);
#597 = CARTESIAN_POINT('',(4.3,-7.9,2.));
#598 = CIRCLE('',#599,2.2);
#599 = AXIS2_PLACEMENT_3D('',#600,#601,#602);
#600 = CARTESIAN_POINT('',(4.3,-5.7,2.));
#601 = DIRECTION('',(0.,-0.,1.));
#602 = DIRECTION('',(0.,1.,0.));
#603 = ORIENTED_EDGE('',*,*,#604,.T.);
#604 = EDGE_CURVE('',#596,#605,#607,.T.);
#605 = VERTEX_POINT('',#606);
#606 = CARTESIAN_POINT('',(3.1,-7.9,2.));
#607 = LINE('',#608,#609);
#608 = CARTESIAN_POINT('',(6.5,-7.9,2.));
#609 = VECTOR('',#610,1.);
#610 = DIRECTION('',(-1.,0.,0.));
#611 = ORIENTED_EDGE('',*,*,#612,.F.);
#612 = EDGE_CURVE('',#613,#605,#615,.T.);
#613 = VERTEX_POINT('',#614);
#614 = CARTESIAN_POINT('',(1.9,-9.1,2.));
#615 = CIRCLE('',#616,1.2);
#616 = AXIS2_PLACEMENT_3D('',#617,#618,#619);
#617 = CARTESIAN_POINT('',(3.1,-9.1,2.));
#618 = DIRECTION('',(0.,0.,-1.));
#619 = DIRECTION('',(0.,1.,0.));
#620 = ORIENTED_EDGE('',*,*,#621,.T.);
#621 = EDGE_CURVE('',#613,#622,#624,.T.);
#622 = VERTEX_POINT('',#623);
#623 = CARTESIAN_POINT('',(1.9,-10.,2.));
#624 = LINE('',#625,#626);
#625 = CARTESIAN_POINT('',(1.9,-3.1,2.));
#626 = VECTOR('',#627,1.);
#627 = DIRECTION('',(0.,-1.,0.));
#628 = ORIENTED_EDGE('',*,*,#629,.T.);
#629 = EDGE_CURVE('',#622,#630,#632,.T.);
#630 = VERTEX_POINT('',#631);
#631 = CARTESIAN_POINT('',(1.1,-10.,2.));
#632 = LINE('',#633,#634);
#633 = CARTESIAN_POINT('',(1.9,-10.,2.));
#634 = VECTOR('',#635,1.);
#635 = DIRECTION('',(-1.,0.,0.));
#636 = ORIENTED_EDGE('',*,*,#637,.F.);
#637 = EDGE_CURVE('',#638,#630,#640,.T.);
#638 = VERTEX_POINT('',#639);
#639 = CARTESIAN_POINT('',(1.1,-9.1,2.));
#640 = LINE('',#641,#642);
#641 = CARTESIAN_POINT('',(1.1,-3.1,2.));
#642 = VECTOR('',#643,1.);
#643 = DIRECTION('',(0.,-1.,0.));
#644 = ORIENTED_EDGE('',*,*,#645,.T.);
#645 = EDGE_CURVE('',#638,#646,#648,.T.);
#646 = VERTEX_POINT('',#647);
#647 = CARTESIAN_POINT('',(3.1,-7.1,2.));
#648 = CIRCLE('',#649,2.);
#649 = AXIS2_PLACEMENT_3D('',#650,#651,#652);
#650 = CARTESIAN_POINT('',(3.1,-9.1,2.));
#651 = DIRECTION('',(0.,0.,-1.));
#652 = DIRECTION('',(0.,1.,0.));
#653 = ORIENTED_EDGE('',*,*,#654,.T.);
#654 = EDGE_CURVE('',#646,#655,#657,.T.);
#655 = VERTEX_POINT('',#656);
#656 = CARTESIAN_POINT('',(4.3,-7.1,2.));
#657 = LINE('',#658,#659);
#658 = CARTESIAN_POINT('',(1.1,-7.1,2.));
#659 = VECTOR('',#660,1.);
#660 = DIRECTION('',(1.,0.,0.));
#661 = ORIENTED_EDGE('',*,*,#662,.T.);
#662 = EDGE_CURVE('',#655,#663,#665,.T.);
#663 = VERTEX_POINT('',#664);
#664 = CARTESIAN_POINT('',(5.7,-5.7,2.));
#665 = CIRCLE('',#666,1.4);
#666 = AXIS2_PLACEMENT_3D('',#667,#668,#669);
#667 = CARTESIAN_POINT('',(4.3,-5.7,2.));
#668 = DIRECTION('',(0.,-0.,1.));
#669 = DIRECTION('',(0.,1.,0.));
#670 = ORIENTED_EDGE('',*,*,#671,.T.);
#671 = EDGE_CURVE('',#663,#672,#674,.T.);
#672 = VERTEX_POINT('',#673);
#673 = CARTESIAN_POINT('',(5.7,-1.5,2.));
#674 = LINE('',#675,#676);
#675 = CARTESIAN_POINT('',(5.7,-7.1,2.));
#676 = VECTOR('',#677,1.);
#677 = DIRECTION('',(0.,1.,0.));
#678 = ORIENTED_EDGE('',*,*,#679,.F.);
#679 = EDGE_CURVE('',#680,#672,#682,.T.);
#680 = VERTEX_POINT('',#681);
#681 = CARTESIAN_POINT('',(7.1,-0.1,2.));
#682 = CIRCLE('',#683,1.4);
#683 = AXIS2_PLACEMENT_3D('',#684,#685,#686);
#684 = CARTESIAN_POINT('',(7.1,-1.5,2.));
#685 = DIRECTION('',(0.,-0.,1.));
#686 = DIRECTION('',(0.,1.,0.));
#687 = ORIENTED_EDGE('',*,*,#688,.F.);
#688 = EDGE_CURVE('',#689,#680,#691,.T.);
#689 = VERTEX_POINT('',#690);
#690 = CARTESIAN_POINT('',(69.9,-0.1,2.));
#691 = LINE('',#692,#693);
#692 = CARTESIAN_POINT('',(69.9,-0.1,2.));
#693 = VECTOR('',#694,1.);
#694 = DIRECTION('',(-1.,0.,0.));
#695 = ORIENTED_EDGE('',*,*,#696,.F.);
#696 = EDGE_CURVE('',#697,#689,#699,.T.);
#697 = VERTEX_POINT('',#698);
#698 = CARTESIAN_POINT('',(69.918633540373,-0.100057868696,2.));
#699 = CIRCLE('',#700,3.);
#700 = AXIS2_PLACEMENT_3D('',#701,#702,#703);
#701 = CARTESIAN_POINT('',(69.9,-3.1,2.));
#702 = DIRECTION('',(0.,0.,1.));
#703 = DIRECTION('',(1.,0.,0.));
#704 = ORIENTED_EDGE('',*,*,#705,.T.);
#705 = EDGE_CURVE('',#697,#706,#708,.T.);
#706 = VERTEX_POINT('',#707);
#707 = CARTESIAN_POINT('',(71.3,-1.4900310562,2.));
#708 = CIRCLE('',#709,1.39);
#709 = AXIS2_PLACEMENT_3D('',#710,#711,#712);
#710 = CARTESIAN_POINT('',(69.91,-1.4900310562,2.));
#711 = DIRECTION('',(0.,0.,-1.));
#712 = DIRECTION('',(0.,1.,0.));
#713 = ORIENTED_EDGE('',*,*,#714,.T.);
#714 = EDGE_CURVE('',#706,#715,#717,.T.);
#715 = VERTEX_POINT('',#716);
#716 = CARTESIAN_POINT('',(71.3,-6.1,2.));
#717 = LINE('',#718,#719);
#718 = CARTESIAN_POINT('',(71.3,-0.1,2.));
#719 = VECTOR('',#720,1.);
#720 = DIRECTION('',(0.,-1.,0.));
#721 = ORIENTED_EDGE('',*,*,#722,.F.);
#722 = EDGE_CURVE('',#723,#715,#725,.T.);
#723 = VERTEX_POINT('',#724);
#724 = CARTESIAN_POINT('',(72.3,-7.1,2.));
#725 = CIRCLE('',#726,1.);
#726 = AXIS2_PLACEMENT_3D('',#727,#728,#729);
#727 = CARTESIAN_POINT('',(72.3,-6.1,2.));
#728 = DIRECTION('',(0.,0.,-1.));
#729 = DIRECTION('',(0.,1.,0.));
#730 = ORIENTED_EDGE('',*,*,#731,.T.);
#731 = EDGE_CURVE('',#723,#732,#734,.T.);
#732 = VERTEX_POINT('',#733);
#733 = CARTESIAN_POINT('',(72.9,-7.1,2.));
#734 = LINE('',#735,#736);
#735 = CARTESIAN_POINT('',(71.3,-7.1,2.));
#736 = VECTOR('',#737,1.);
#737 = DIRECTION('',(1.,0.,0.));
#738 = ORIENTED_EDGE('',*,*,#739,.F.);
#739 = EDGE_CURVE('',#740,#732,#742,.T.);
#740 = VERTEX_POINT('',#741);
#741 = CARTESIAN_POINT('',(72.9,-10.,2.));
#742 = LINE('',#743,#744);
#743 = CARTESIAN_POINT('',(72.9,-28.9,2.));
#744 = VECTOR('',#745,1.);
#745 = DIRECTION('',(0.,1.,0.));
#746 = ORIENTED_EDGE('',*,*,#747,.T.);
#747 = EDGE_CURVE('',#740,#748,#750,.T.);
#748 = VERTEX_POINT('',#749);
#749 = CARTESIAN_POINT('',(72.1,-10.,2.));
#750 = LINE('',#751,#752);
#751 = CARTESIAN_POINT('',(72.9,-10.,2.));
#752 = VECTOR('',#753,1.);
#753 = DIRECTION('',(-1.,0.,0.));
#754 = ORIENTED_EDGE('',*,*,#755,.T.);
#755 = EDGE_CURVE('',#748,#756,#758,.T.);
#756 = VERTEX_POINT('',#757);
#757 = CARTESIAN_POINT('',(72.1,-7.9,2.));
#758 = LINE('',#759,#760);
#759 = CARTESIAN_POINT('',(72.1,-28.9,2.));
#760 = VECTOR('',#761,1.);
#761 = DIRECTION('',(0.,1.,0.));
#762 = ORIENTED_EDGE('',*,*,#763,.T.);
#763 = EDGE_CURVE('',#756,#764,#766,.T.);
#764 = VERTEX_POINT('',#765);
#765 = CARTESIAN_POINT('',(72.,-7.9,2.));
#766 = LINE('',#767,#768);
#767 = CARTESIAN_POINT('',(72.1,-7.9,2.));
#768 = VECTOR('',#769,1.);
#769 = DIRECTION('',(-1.,0.,0.));
#770 = ORIENTED_EDGE('',*,*,#771,.T.);
#771 = EDGE_CURVE('',#764,#530,#772,.T.);
#772 = CIRCLE('',#773,1.5);
#773 = AXIS2_PLACEMENT_3D('',#774,#775,#776);
#774 = CARTESIAN_POINT('',(72.,-6.4,2.));
#775 = DIRECTION('',(0.,0.,-1.));
#776 = DIRECTION('',(0.,1.,0.));
#777 = PLANE('',#778);
#778 = AXIS2_PLACEMENT_3D('',#779,#780,#781);
#779 = CARTESIAN_POINT('',(37.,-16.,2.));
#780 = DIRECTION('',(0.,0.,1.));
#781 = DIRECTION('',(1.,0.,0.));
#782 = ADVANCED_FACE('',(#783),#802,.T.);
#783 = FACE_BOUND('',#784,.F.);
#784 = EDGE_LOOP('',(#785,#786,#787,#795));
#785 = ORIENTED_EDGE('',*,*,#39,.T.);
#786 = ORIENTED_EDGE('',*,*,#427,.T.);
#787 = ORIENTED_EDGE('',*,*,#788,.F.);
#788 = EDGE_CURVE('',#789,#428,#791,.T.);
#789 = VERTEX_POINT('',#790);
#790 = CARTESIAN_POINT('',(3.,-34.,0.6));
#791 = LINE('',#792,#793);
#792 = CARTESIAN_POINT('',(3.,-34.,0.));
#793 = VECTOR('',#794,1.);
#794 = DIRECTION('',(0.,0.,1.));
#795 = ORIENTED_EDGE('',*,*,#796,.F.);
#796 = EDGE_CURVE('',#40,#789,#797,.T.);
#797 = CIRCLE('',#798,5.);
#798 = AXIS2_PLACEMENT_3D('',#799,#800,#801);
#799 = CARTESIAN_POINT('',(3.,-29.,0.6));
#800 = DIRECTION('',(0.,0.,1.));
#801 = DIRECTION('',(-1.,-7.1E-16,0.));
#802 = CYLINDRICAL_SURFACE('',#803,5.);
#803 = AXIS2_PLACEMENT_3D('',#804,#805,#806);
#804 = CARTESIAN_POINT('',(3.,-29.,0.));
#805 = DIRECTION('',(-0.,-0.,-1.));
#806 = DIRECTION('',(1.,0.,0.));
#807 = ADVANCED_FACE('',(#808),#826,.F.);
#808 = FACE_BOUND('',#809,.F.);
#809 = EDGE_LOOP('',(#810,#818,#819,#820));
#810 = ORIENTED_EDGE('',*,*,#811,.T.);
#811 = EDGE_CURVE('',#812,#462,#814,.T.);
#812 = VERTEX_POINT('',#813);
#813 = CARTESIAN_POINT('',(71.,2.,0.6));
#814 = LINE('',#815,#816);
#815 = CARTESIAN_POINT('',(71.,2.,0.));
#816 = VECTOR('',#817,1.);
#817 = DIRECTION('',(0.,0.,1.));
#818 = ORIENTED_EDGE('',*,*,#470,.T.);
#819 = ORIENTED_EDGE('',*,*,#61,.F.);
#820 = ORIENTED_EDGE('',*,*,#821,.F.);
#821 = EDGE_CURVE('',#812,#62,#822,.T.);
#822 = LINE('',#823,#824);
#823 = CARTESIAN_POINT('',(71.,2.,0.6));
#824 = VECTOR('',#825,1.);
#825 = DIRECTION('',(-1.,8.E-17,0.));
#826 = PLANE('',#827);
#827 = AXIS2_PLACEMENT_3D('',#828,#829,#830);
#828 = CARTESIAN_POINT('',(71.,2.,0.));
#829 = DIRECTION('',(-8.E-17,-1.,0.));
#830 = DIRECTION('',(-1.,8.E-17,0.));
#831 = ADVANCED_FACE('',(#832),#851,.T.);
#832 = FACE_BOUND('',#833,.F.);
#833 = EDGE_LOOP('',(#834,#842,#843,#844));
#834 = ORIENTED_EDGE('',*,*,#835,.F.);
#835 = EDGE_CURVE('',#62,#836,#838,.T.);
#836 = VERTEX_POINT('',#837);
#837 = CARTESIAN_POINT('',(3.,1.4,0.));
#838 = LINE('',#839,#840);
#839 = CARTESIAN_POINT('',(3.,1.7,0.3));
#840 = VECTOR('',#841,1.);
#841 = DIRECTION('',(-6.E-17,-0.707106781187,-0.707106781187));
#842 = ORIENTED_EDGE('',*,*,#79,.T.);
#843 = ORIENTED_EDGE('',*,*,#94,.T.);
#844 = ORIENTED_EDGE('',*,*,#845,.F.);
#845 = EDGE_CURVE('',#836,#95,#846,.T.);
#846 = CIRCLE('',#847,4.4);
#847 = AXIS2_PLACEMENT_3D('',#848,#849,#850);
#848 = CARTESIAN_POINT('',(3.,-3.,0.));
#849 = DIRECTION('',(0.,0.,1.));
#850 = DIRECTION('',(-3.6E-16,1.,0.));
#851 = CONICAL_SURFACE('',#852,5.,0.785398163397);
#852 = AXIS2_PLACEMENT_3D('',#853,#854,#855);
#853 = CARTESIAN_POINT('',(3.,-3.,0.6));
#854 = DIRECTION('',(-0.,-0.,1.));
#855 = DIRECTION('',(-3.6E-16,1.,0.));
#856 = ADVANCED_FACE('',(#857),#910,.T.);
#857 = FACE_BOUND('',#858,.T.);
#858 = EDGE_LOOP('',(#859,#860,#861,#869,#878,#886,#895,#903));
#859 = ORIENTED_EDGE('',*,*,#111,.F.);
#860 = ORIENTED_EDGE('',*,*,#845,.F.);
#861 = ORIENTED_EDGE('',*,*,#862,.F.);
#862 = EDGE_CURVE('',#863,#836,#865,.T.);
#863 = VERTEX_POINT('',#864);
#864 = CARTESIAN_POINT('',(71.,1.4,-3.E-15));
#865 = LINE('',#866,#867);
#866 = CARTESIAN_POINT('',(71.,1.4,0.));
#867 = VECTOR('',#868,1.);
#868 = DIRECTION('',(-1.,8.E-17,0.));
#869 = ORIENTED_EDGE('',*,*,#870,.F.);
#870 = EDGE_CURVE('',#871,#863,#873,.T.);
#871 = VERTEX_POINT('',#872);
#872 = CARTESIAN_POINT('',(75.4,-3.,-1.E-15));
#873 = CIRCLE('',#874,4.4);
#874 = AXIS2_PLACEMENT_3D('',#875,#876,#877);
#875 = CARTESIAN_POINT('',(71.,-3.,0.));
#876 = DIRECTION('',(-0.,0.,1.));
#877 = DIRECTION('',(1.,-9.E-17,0.));
#878 = ORIENTED_EDGE('',*,*,#879,.F.);
#879 = EDGE_CURVE('',#880,#871,#882,.T.);
#880 = VERTEX_POINT('',#881);
#881 = CARTESIAN_POINT('',(75.4,-29.,-3.E-15));
#882 = LINE('',#883,#884);
#883 = CARTESIAN_POINT('',(75.4,-29.,0.));
#884 = VECTOR('',#885,1.);
#885 = DIRECTION('',(0.,1.,0.));
#886 = ORIENTED_EDGE('',*,*,#887,.F.);
#887 = EDGE_CURVE('',#888,#880,#890,.T.);
#888 = VERTEX_POINT('',#889);
#889 = CARTESIAN_POINT('',(71.,-33.4,-2.E-15));
#890 = CIRCLE('',#891,4.4);
#891 = AXIS2_PLACEMENT_3D('',#892,#893,#894);
#892 = CARTESIAN_POINT('',(71.,-29.,0.));
#893 = DIRECTION('',(-0.,0.,1.));
#894 = DIRECTION('',(0.,-1.,0.));
#895 = ORIENTED_EDGE('',*,*,#896,.F.);
#896 = EDGE_CURVE('',#897,#888,#899,.T.);
#897 = VERTEX_POINT('',#898);
#898 = CARTESIAN_POINT('',(3.,-33.4,0.));
#899 = LINE('',#900,#901);
#900 = CARTESIAN_POINT('',(3.,-33.4,0.));
#901 = VECTOR('',#902,1.);
#902 = DIRECTION('',(1.,0.,0.));
#903 = ORIENTED_EDGE('',*,*,#904,.F.);
#904 = EDGE_CURVE('',#104,#897,#905,.T.);
#905 = CIRCLE('',#906,4.4);
#906 = AXIS2_PLACEMENT_3D('',#907,#908,#909);
#907 = CARTESIAN_POINT('',(3.,-29.,0.));
#908 = DIRECTION('',(0.,0.,1.));
#909 = DIRECTION('',(-1.,-7.1E-16,0.));
#910 = PLANE('',#911);
#911 = AXIS2_PLACEMENT_3D('',#912,#913,#914);
#912 = CARTESIAN_POINT('',(37.,-16.,0.));
#913 = DIRECTION('',(-0.,-0.,-1.));
#914 = DIRECTION('',(-1.,0.,0.));
#915 = ADVANCED_FACE('',(#916),#927,.T.);
#916 = FACE_BOUND('',#917,.F.);
#917 = EDGE_LOOP('',(#918,#919,#920,#926));
#918 = ORIENTED_EDGE('',*,*,#103,.F.);
#919 = ORIENTED_EDGE('',*,*,#796,.T.);
#920 = ORIENTED_EDGE('',*,*,#921,.T.);
#921 = EDGE_CURVE('',#789,#897,#922,.T.);
#922 = LINE('',#923,#924);
#923 = CARTESIAN_POINT('',(3.,-34.,0.6));
#924 = VECTOR('',#925,1.);
#925 = DIRECTION('',(-1.5E-16,0.707106781187,-0.707106781187));
#926 = ORIENTED_EDGE('',*,*,#904,.F.);
#927 = CONICAL_SURFACE('',#928,5.,0.785398163397);
#928 = AXIS2_PLACEMENT_3D('',#929,#930,#931);
#929 = CARTESIAN_POINT('',(3.,-29.,0.6));
#930 = DIRECTION('',(-0.,-0.,1.));
#931 = DIRECTION('',(-1.,-7.1E-16,-0.));
#932 = ADVANCED_FACE('',(#933),#960,.T.);
#933 = FACE_BOUND('',#934,.T.);
#934 = EDGE_LOOP('',(#935,#945,#951,#952));
#935 = ORIENTED_EDGE('',*,*,#936,.F.);
#936 = EDGE_CURVE('',#937,#939,#941,.T.);
#937 = VERTEX_POINT('',#938);
#938 = CARTESIAN_POINT('',(70.5,-25.6,3.));
#939 = VERTEX_POINT('',#940);
#940 = CARTESIAN_POINT('',(70.5,-30.3,3.));
#941 = LINE('',#942,#943);
#942 = CARTESIAN_POINT('',(70.5,-24.1,3.));
#943 = VECTOR('',#944,1.);
#944 = DIRECTION('',(0.,-1.,0.));
#945 = ORIENTED_EDGE('',*,*,#946,.T.);
#946 = EDGE_CURVE('',#937,#126,#947,.T.);
#947 = LINE('',#948,#949);
#948 = CARTESIAN_POINT('',(70.5,-25.6,3.));
#949 = VECTOR('',#950,1.);
#950 = DIRECTION('',(-0.,-0.,-1.));
#951 = ORIENTED_EDGE('',*,*,#125,.T.);
#952 = ORIENTED_EDGE('',*,*,#953,.F.);
#953 = EDGE_CURVE('',#939,#128,#954,.T.);
#954 = B_SPLINE_CURVE_WITH_KNOTS('',2,(#955,#956,#957,#958,#959),
  .UNSPECIFIED.,.F.,.F.,(3,1,1,3),(-6.119999999999E-02,5.17E-15,1.,
    1.0612),.UNSPECIFIED.);
#955 = CARTESIAN_POINT('',(70.5,-30.3,3.0612));
#956 = CARTESIAN_POINT('',(70.5,-30.3,3.0306));
#957 = CARTESIAN_POINT('',(70.5,-30.3,2.5));
#958 = CARTESIAN_POINT('',(70.5,-30.3,1.9694));
#959 = CARTESIAN_POINT('',(70.5,-30.3,1.9388));
#960 = PLANE('',#961);
#961 = AXIS2_PLACEMENT_3D('',#962,#963,#964);
#962 = CARTESIAN_POINT('',(70.5,-24.1,3.));
#963 = DIRECTION('',(-1.,0.,0.));
#964 = DIRECTION('',(0.,-1.,0.));
#965 = ADVANCED_FACE('',(#966),#1009,.F.);
#966 = FACE_BOUND('',#967,.F.);
#967 = EDGE_LOOP('',(#968,#999,#1007,#1008));
#968 = ORIENTED_EDGE('',*,*,#969,.T.);
#969 = EDGE_CURVE('',#939,#970,#972,.T.);
#970 = VERTEX_POINT('',#971);
#971 = CARTESIAN_POINT('',(69.7,-31.1,3.));
#972 = B_SPLINE_CURVE_WITH_KNOTS('',5,(#973,#974,#975,#976,#977,#978,
    #979,#980,#981,#982,#983,#984,#985,#986,#987,#988,#989,#990,#991,
    #992,#993,#994,#995,#996,#997,#998),.UNSPECIFIED.,.F.,.F.,(6,4,4,4,4
    ,4,6),(0.,0.148271103867,0.251945445779,0.5,0.748054554221,
    0.851728896133,1.),.UNSPECIFIED.);
#973 = CARTESIAN_POINT('',(70.5,-30.3,3.));
#974 = CARTESIAN_POINT('',(70.5,-30.33569198788,3.));
#975 = CARTESIAN_POINT('',(70.498009492346,-30.37174611716,3.));
#976 = CARTESIAN_POINT('',(70.493947758759,-30.40797215286,3.));
#977 = CARTESIAN_POINT('',(70.487767513252,-30.44416636066,3.));
#978 = CARTESIAN_POINT('',(70.473650501717,-30.50525739764,3.));
#979 = CARTESIAN_POINT('',(70.466801111042,-30.53027821161,3.));
#980 = CARTESIAN_POINT('',(70.458908171721,-30.55510937061,3.));
#981 = CARTESIAN_POINT('',(70.449977293275,-30.57967953844,3.));
#982 = CARTESIAN_POINT('',(70.416205819008,-30.66191118783,3.));
#983 = CARTESIAN_POINT('',(70.386526099411,-30.71801239391,3.));
#984 = CARTESIAN_POINT('',(70.351189647037,-30.77123688041,3.));
#985 = CARTESIAN_POINT('',(70.31067097471,-30.82069987518,3.));
#986 = CARTESIAN_POINT('',(70.220699875188,-30.91067097471,3.));
#987 = CARTESIAN_POINT('',(70.171236880417,-30.95118964703,3.));
#988 = CARTESIAN_POINT('',(70.11801239391,-30.98652609941,3.));
#989 = CARTESIAN_POINT('',(70.061911187833,-31.016205819,3.));
#990 = CARTESIAN_POINT('',(69.979679538449,-31.04997729327,3.));
#991 = CARTESIAN_POINT('',(69.955109370619,-31.05890817172,3.));
#992 = CARTESIAN_POINT('',(69.930278211618,-31.06680111104,3.));
#993 = CARTESIAN_POINT('',(69.905257397649,-31.07365050171,3.));
#994 = CARTESIAN_POINT('',(69.844166360659,-31.08776751325,3.));
#995 = CARTESIAN_POINT('',(69.807972152864,-31.09394775875,3.));
#996 = CARTESIAN_POINT('',(69.771746117163,-31.09800949234,3.));
#997 = CARTESIAN_POINT('',(69.735691987881,-31.1,3.));
#998 = CARTESIAN_POINT('',(69.7,-31.1,3.));
#999 = ORIENTED_EDGE('',*,*,#1000,.T.);
#1000 = EDGE_CURVE('',#970,#338,#1001,.T.);
#1001 = B_SPLINE_CURVE_WITH_KNOTS('',2,(#1002,#1003,#1004,#1005,#1006),
  .UNSPECIFIED.,.F.,.F.,(3,1,1,3),(-6.119999999999E-02,5.17E-15,1.,
    1.0612),.UNSPECIFIED.);
#1002 = CARTESIAN_POINT('',(69.7,-31.1,3.0612));
#1003 = CARTESIAN_POINT('',(69.7,-31.1,3.0306));
#1004 = CARTESIAN_POINT('',(69.7,-31.1,2.5));
#1005 = CARTESIAN_POINT('',(69.7,-31.1,1.9694));
#1006 = CARTESIAN_POINT('',(69.7,-31.1,1.9388));
#1007 = ORIENTED_EDGE('',*,*,#345,.F.);
#1008 = ORIENTED_EDGE('',*,*,#953,.F.);
#1009 = ( BOUNDED_SURFACE() B_SPLINE_SURFACE(2,2,(
    (#1010,#1011,#1012,#1013,#1014)
    ,(#1015,#1016,#1017,#1018,#1019)
    ,(#1020,#1021,#1022,#1023,#1024
)),.UNSPECIFIED.,.F.,.F.,.F.) B_SPLINE_SURFACE_WITH_KNOTS((3,3),(3,1,1,3
    ),(0.,1.),(-6.119999999999E-02,5.17E-15,1.,1.0612),.UNSPECIFIED.) 
GEOMETRIC_REPRESENTATION_ITEM() RATIONAL_B_SPLINE_SURFACE((
    (1.,1.,1.,1.,1.)
    ,(0.707106781187,0.707106781187,0.707106781187,0.707106781187
      ,0.707106781187)
,(1.,1.,1.,1.,1.))) REPRESENTATION_ITEM('') SURFACE() );
#1010 = CARTESIAN_POINT('',(70.5,-30.3,3.0612));
#1011 = CARTESIAN_POINT('',(70.5,-30.3,3.0306));
#1012 = CARTESIAN_POINT('',(70.5,-30.3,2.5));
#1013 = CARTESIAN_POINT('',(70.5,-30.3,1.9694));
#1014 = CARTESIAN_POINT('',(70.5,-30.3,1.9388));
#1015 = CARTESIAN_POINT('',(70.5,-31.1,3.0612));
#1016 = CARTESIAN_POINT('',(70.5,-31.1,3.0306));
#1017 = CARTESIAN_POINT('',(70.5,-31.1,2.5));
#1018 = CARTESIAN_POINT('',(70.5,-31.1,1.9694));
#1019 = CARTESIAN_POINT('',(70.5,-31.1,1.9388));
#1020 = CARTESIAN_POINT('',(69.7,-31.1,3.0612));
#1021 = CARTESIAN_POINT('',(69.7,-31.1,3.0306));
#1022 = CARTESIAN_POINT('',(69.7,-31.1,2.5));
#1023 = CARTESIAN_POINT('',(69.7,-31.1,1.9694));
#1024 = CARTESIAN_POINT('',(69.7,-31.1,1.9388));
#1025 = ADVANCED_FACE('',(#1026),#1045,.T.);
#1026 = FACE_BOUND('',#1027,.T.);
#1027 = EDGE_LOOP('',(#1028,#1037,#1043,#1044));
#1028 = ORIENTED_EDGE('',*,*,#1029,.T.);
#1029 = EDGE_CURVE('',#937,#1030,#1032,.T.);
#1030 = VERTEX_POINT('',#1031);
#1031 = CARTESIAN_POINT('',(72.,-24.1,3.));
#1032 = CIRCLE('',#1033,1.5);
#1033 = AXIS2_PLACEMENT_3D('',#1034,#1035,#1036);
#1034 = CARTESIAN_POINT('',(72.,-25.6,3.));
#1035 = DIRECTION('',(0.,0.,-1.));
#1036 = DIRECTION('',(0.,1.,0.));
#1037 = ORIENTED_EDGE('',*,*,#1038,.T.);
#1038 = EDGE_CURVE('',#1030,#136,#1039,.T.);
#1039 = LINE('',#1040,#1041);
#1040 = CARTESIAN_POINT('',(72.,-24.1,3.));
#1041 = VECTOR('',#1042,1.);
#1042 = DIRECTION('',(-0.,-0.,-1.));
#1043 = ORIENTED_EDGE('',*,*,#135,.F.);
#1044 = ORIENTED_EDGE('',*,*,#946,.F.);
#1045 = CYLINDRICAL_SURFACE('',#1046,1.5);
#1046 = AXIS2_PLACEMENT_3D('',#1047,#1048,#1049);
#1047 = CARTESIAN_POINT('',(72.,-25.6,3.));
#1048 = DIRECTION('',(-0.,-0.,-1.));
#1049 = DIRECTION('',(-1.,0.,0.));
#1050 = ADVANCED_FACE('',(#1051),#1069,.T.);
#1051 = FACE_BOUND('',#1052,.T.);
#1052 = EDGE_LOOP('',(#1053,#1054,#1062,#1068));
#1053 = ORIENTED_EDGE('',*,*,#337,.F.);
#1054 = ORIENTED_EDGE('',*,*,#1055,.F.);
#1055 = EDGE_CURVE('',#1056,#329,#1058,.T.);
#1056 = VERTEX_POINT('',#1057);
#1057 = CARTESIAN_POINT('',(7.3,-31.1,3.));
#1058 = LINE('',#1059,#1060);
#1059 = CARTESIAN_POINT('',(7.3,-31.1,3.));
#1060 = VECTOR('',#1061,1.);
#1061 = DIRECTION('',(-0.,-0.,-1.));
#1062 = ORIENTED_EDGE('',*,*,#1063,.T.);
#1063 = EDGE_CURVE('',#1056,#970,#1064,.T.);
#1064 = LINE('',#1065,#1066);
#1065 = CARTESIAN_POINT('',(4.1,-31.1,3.));
#1066 = VECTOR('',#1067,1.);
#1067 = DIRECTION('',(1.,0.,0.));
#1068 = ORIENTED_EDGE('',*,*,#1000,.T.);
#1069 = PLANE('',#1070);
#1070 = AXIS2_PLACEMENT_3D('',#1071,#1072,#1073);
#1071 = CARTESIAN_POINT('',(4.1,-31.1,2.));
#1072 = DIRECTION('',(0.,1.,0.));
#1073 = DIRECTION('',(1.,0.,0.));
#1074 = ADVANCED_FACE('',(#1075),#1093,.T.);
#1075 = FACE_BOUND('',#1076,.T.);
#1076 = EDGE_LOOP('',(#1077,#1085,#1091,#1092));
#1077 = ORIENTED_EDGE('',*,*,#1078,.F.);
#1078 = EDGE_CURVE('',#1079,#1030,#1081,.T.);
#1079 = VERTEX_POINT('',#1080);
#1080 = CARTESIAN_POINT('',(72.1,-24.1,3.));
#1081 = LINE('',#1082,#1083);
#1082 = CARTESIAN_POINT('',(72.1,-24.1,3.));
#1083 = VECTOR('',#1084,1.);
#1084 = DIRECTION('',(-1.,0.,0.));
#1085 = ORIENTED_EDGE('',*,*,#1086,.T.);
#1086 = EDGE_CURVE('',#1079,#145,#1087,.T.);
#1087 = LINE('',#1088,#1089);
#1088 = CARTESIAN_POINT('',(72.1,-24.1,3.));
#1089 = VECTOR('',#1090,1.);
#1090 = DIRECTION('',(-0.,-0.,-1.));
#1091 = ORIENTED_EDGE('',*,*,#144,.T.);
#1092 = ORIENTED_EDGE('',*,*,#1038,.F.);
#1093 = PLANE('',#1094);
#1094 = AXIS2_PLACEMENT_3D('',#1095,#1096,#1097);
#1095 = CARTESIAN_POINT('',(72.1,-24.1,3.));
#1096 = DIRECTION('',(0.,1.,0.));
#1097 = DIRECTION('',(-1.,0.,0.));
#1098 = ADVANCED_FACE('',(#1099),#1118,.F.);
#1099 = FACE_BOUND('',#1100,.T.);
#1100 = EDGE_LOOP('',(#1101,#1110,#1111,#1112));
#1101 = ORIENTED_EDGE('',*,*,#1102,.T.);
#1102 = EDGE_CURVE('',#1103,#1056,#1105,.T.);
#1103 = VERTEX_POINT('',#1104);
#1104 = CARTESIAN_POINT('',(6.5,-30.3,3.));
#1105 = CIRCLE('',#1106,0.8);
#1106 = AXIS2_PLACEMENT_3D('',#1107,#1108,#1109);
#1107 = CARTESIAN_POINT('',(7.3,-30.3,3.));
#1108 = DIRECTION('',(0.,-0.,1.));
#1109 = DIRECTION('',(0.,1.,0.));
#1110 = ORIENTED_EDGE('',*,*,#1055,.T.);
#1111 = ORIENTED_EDGE('',*,*,#328,.F.);
#1112 = ORIENTED_EDGE('',*,*,#1113,.F.);
#1113 = EDGE_CURVE('',#1103,#321,#1114,.T.);
#1114 = LINE('',#1115,#1116);
#1115 = CARTESIAN_POINT('',(6.5,-30.3,3.));
#1116 = VECTOR('',#1117,1.);
#1117 = DIRECTION('',(-0.,-0.,-1.));
#1118 = CYLINDRICAL_SURFACE('',#1119,0.8);
#1119 = AXIS2_PLACEMENT_3D('',#1120,#1121,#1122);
#1120 = CARTESIAN_POINT('',(7.3,-30.3,3.));
#1121 = DIRECTION('',(-0.,-0.,-1.));
#1122 = DIRECTION('',(-1.,0.,0.));
#1123 = ADVANCED_FACE('',(#1124),#1151,.T.);
#1124 = FACE_BOUND('',#1125,.T.);
#1125 = EDGE_LOOP('',(#1126,#1134,#1135,#1136,#1144));
#1126 = ORIENTED_EDGE('',*,*,#1127,.T.);
#1127 = EDGE_CURVE('',#1128,#153,#1130,.T.);
#1128 = VERTEX_POINT('',#1129);
#1129 = CARTESIAN_POINT('',(72.1,-22.,2.2));
#1130 = LINE('',#1131,#1132);
#1131 = CARTESIAN_POINT('',(72.1,-22.,3.));
#1132 = VECTOR('',#1133,1.);
#1133 = DIRECTION('',(-0.,-0.,-1.));
#1134 = ORIENTED_EDGE('',*,*,#152,.F.);
#1135 = ORIENTED_EDGE('',*,*,#1086,.F.);
#1136 = ORIENTED_EDGE('',*,*,#1137,.T.);
#1137 = EDGE_CURVE('',#1079,#1138,#1140,.T.);
#1138 = VERTEX_POINT('',#1139);
#1139 = CARTESIAN_POINT('',(72.1,-22.8,3.));
#1140 = LINE('',#1141,#1142);
#1141 = CARTESIAN_POINT('',(72.1,-28.9,3.));
#1142 = VECTOR('',#1143,1.);
#1143 = DIRECTION('',(0.,1.,0.));
#1144 = ORIENTED_EDGE('',*,*,#1145,.T.);
#1145 = EDGE_CURVE('',#1138,#1128,#1146,.T.);
#1146 = CIRCLE('',#1147,0.8);
#1147 = AXIS2_PLACEMENT_3D('',#1148,#1149,#1150);
#1148 = CARTESIAN_POINT('',(72.1,-22.8,2.2));
#1149 = DIRECTION('',(-1.,0.,0.));
#1150 = DIRECTION('',(0.,0.,1.));
#1151 = PLANE('',#1152);
#1152 = AXIS2_PLACEMENT_3D('',#1153,#1154,#1155);
#1153 = CARTESIAN_POINT('',(72.1,-28.9,2.));
#1154 = DIRECTION('',(-1.,0.,0.));
#1155 = DIRECTION('',(0.,1.,0.));
#1156 = ADVANCED_FACE('',(#1157),#1175,.F.);
#1157 = FACE_BOUND('',#1158,.F.);
#1158 = EDGE_LOOP('',(#1159,#1167,#1173,#1174));
#1159 = ORIENTED_EDGE('',*,*,#1160,.F.);
#1160 = EDGE_CURVE('',#1161,#1103,#1163,.T.);
#1161 = VERTEX_POINT('',#1162);
#1162 = CARTESIAN_POINT('',(6.5,-26.3,3.));
#1163 = LINE('',#1164,#1165);
#1164 = CARTESIAN_POINT('',(6.5,-24.1,3.));
#1165 = VECTOR('',#1166,1.);
#1166 = DIRECTION('',(0.,-1.,0.));
#1167 = ORIENTED_EDGE('',*,*,#1168,.T.);
#1168 = EDGE_CURVE('',#1161,#312,#1169,.T.);
#1169 = LINE('',#1170,#1171);
#1170 = CARTESIAN_POINT('',(6.5,-26.3,3.));
#1171 = VECTOR('',#1172,1.);
#1172 = DIRECTION('',(-0.,-0.,-1.));
#1173 = ORIENTED_EDGE('',*,*,#320,.T.);
#1174 = ORIENTED_EDGE('',*,*,#1113,.F.);
#1175 = PLANE('',#1176);
#1176 = AXIS2_PLACEMENT_3D('',#1177,#1178,#1179);
#1177 = CARTESIAN_POINT('',(6.5,-24.1,3.));
#1178 = DIRECTION('',(-1.,0.,0.));
#1179 = DIRECTION('',(0.,-1.,0.));
#1180 = ADVANCED_FACE('',(#1181),#1199,.F.);
#1181 = FACE_BOUND('',#1182,.F.);
#1182 = EDGE_LOOP('',(#1183,#1184,#1185,#1193));
#1183 = ORIENTED_EDGE('',*,*,#1127,.T.);
#1184 = ORIENTED_EDGE('',*,*,#160,.T.);
#1185 = ORIENTED_EDGE('',*,*,#1186,.F.);
#1186 = EDGE_CURVE('',#1187,#161,#1189,.T.);
#1187 = VERTEX_POINT('',#1188);
#1188 = CARTESIAN_POINT('',(72.9,-22.,2.2));
#1189 = LINE('',#1190,#1191);
#1190 = CARTESIAN_POINT('',(72.9,-22.,3.));
#1191 = VECTOR('',#1192,1.);
#1192 = DIRECTION('',(-0.,-0.,-1.));
#1193 = ORIENTED_EDGE('',*,*,#1194,.F.);
#1194 = EDGE_CURVE('',#1128,#1187,#1195,.T.);
#1195 = LINE('',#1196,#1197);
#1196 = CARTESIAN_POINT('',(72.1,-22.,2.2));
#1197 = VECTOR('',#1198,1.);
#1198 = DIRECTION('',(1.,0.,0.));
#1199 = PLANE('',#1200);
#1200 = AXIS2_PLACEMENT_3D('',#1201,#1202,#1203);
#1201 = CARTESIAN_POINT('',(72.1,-22.,3.));
#1202 = DIRECTION('',(0.,-1.,0.));
#1203 = DIRECTION('',(1.,0.,0.));
#1204 = ADVANCED_FACE('',(#1205),#1224,.T.);
#1205 = FACE_BOUND('',#1206,.F.);
#1206 = EDGE_LOOP('',(#1207,#1216,#1222,#1223));
#1207 = ORIENTED_EDGE('',*,*,#1208,.T.);
#1208 = EDGE_CURVE('',#1161,#1209,#1211,.T.);
#1209 = VERTEX_POINT('',#1210);
#1210 = CARTESIAN_POINT('',(4.3,-24.1,3.));
#1211 = CIRCLE('',#1212,2.2);
#1212 = AXIS2_PLACEMENT_3D('',#1213,#1214,#1215);
#1213 = CARTESIAN_POINT('',(4.3,-26.3,3.));
#1214 = DIRECTION('',(0.,-0.,1.));
#1215 = DIRECTION('',(0.,1.,0.));
#1216 = ORIENTED_EDGE('',*,*,#1217,.T.);
#1217 = EDGE_CURVE('',#1209,#304,#1218,.T.);
#1218 = LINE('',#1219,#1220);
#1219 = CARTESIAN_POINT('',(4.3,-24.1,3.));
#1220 = VECTOR('',#1221,1.);
#1221 = DIRECTION('',(-0.,-0.,-1.));
#1222 = ORIENTED_EDGE('',*,*,#311,.F.);
#1223 = ORIENTED_EDGE('',*,*,#1168,.F.);
#1224 = CYLINDRICAL_SURFACE('',#1225,2.2);
#1225 = AXIS2_PLACEMENT_3D('',#1226,#1227,#1228);
#1226 = CARTESIAN_POINT('',(4.3,-26.3,3.));
#1227 = DIRECTION('',(-0.,-0.,-1.));
#1228 = DIRECTION('',(1.,0.,0.));
#1229 = ADVANCED_FACE('',(#1230),#1257,.F.);
#1230 = FACE_BOUND('',#1231,.F.);
#1231 = EDGE_LOOP('',(#1232,#1233,#1234,#1242,#1250));
#1232 = ORIENTED_EDGE('',*,*,#1186,.T.);
#1233 = ORIENTED_EDGE('',*,*,#168,.F.);
#1234 = ORIENTED_EDGE('',*,*,#1235,.F.);
#1235 = EDGE_CURVE('',#1236,#169,#1238,.T.);
#1236 = VERTEX_POINT('',#1237);
#1237 = CARTESIAN_POINT('',(72.9,-24.9,3.));
#1238 = LINE('',#1239,#1240);
#1239 = CARTESIAN_POINT('',(72.9,-24.9,3.));
#1240 = VECTOR('',#1241,1.);
#1241 = DIRECTION('',(-0.,-0.,-1.));
#1242 = ORIENTED_EDGE('',*,*,#1243,.T.);
#1243 = EDGE_CURVE('',#1236,#1244,#1246,.T.);
#1244 = VERTEX_POINT('',#1245);
#1245 = CARTESIAN_POINT('',(72.9,-22.8,3.));
#1246 = LINE('',#1247,#1248);
#1247 = CARTESIAN_POINT('',(72.9,-28.9,3.));
#1248 = VECTOR('',#1249,1.);
#1249 = DIRECTION('',(0.,1.,0.));
#1250 = ORIENTED_EDGE('',*,*,#1251,.T.);
#1251 = EDGE_CURVE('',#1244,#1187,#1252,.T.);
#1252 = CIRCLE('',#1253,0.8);
#1253 = AXIS2_PLACEMENT_3D('',#1254,#1255,#1256);
#1254 = CARTESIAN_POINT('',(72.9,-22.8,2.2));
#1255 = DIRECTION('',(-1.,0.,0.));
#1256 = DIRECTION('',(0.,0.,1.));
#1257 = PLANE('',#1258);
#1258 = AXIS2_PLACEMENT_3D('',#1259,#1260,#1261);
#1259 = CARTESIAN_POINT('',(72.9,-28.9,2.));
#1260 = DIRECTION('',(-1.,0.,0.));
#1261 = DIRECTION('',(0.,1.,0.));
#1262 = ADVANCED_FACE('',(#1263),#1281,.F.);
#1263 = FACE_BOUND('',#1264,.F.);
#1264 = EDGE_LOOP('',(#1265,#1273,#1279,#1280));
#1265 = ORIENTED_EDGE('',*,*,#1266,.F.);
#1266 = EDGE_CURVE('',#1267,#1209,#1269,.T.);
#1267 = VERTEX_POINT('',#1268);
#1268 = CARTESIAN_POINT('',(3.1,-24.1,3.));
#1269 = LINE('',#1270,#1271);
#1270 = CARTESIAN_POINT('',(1.9,-24.1,3.));
#1271 = VECTOR('',#1272,1.);
#1272 = DIRECTION('',(1.,0.,0.));
#1273 = ORIENTED_EDGE('',*,*,#1274,.T.);
#1274 = EDGE_CURVE('',#1267,#295,#1275,.T.);
#1275 = LINE('',#1276,#1277);
#1276 = CARTESIAN_POINT('',(3.1,-24.1,3.));
#1277 = VECTOR('',#1278,1.);
#1278 = DIRECTION('',(-0.,-0.,-1.));
#1279 = ORIENTED_EDGE('',*,*,#303,.T.);
#1280 = ORIENTED_EDGE('',*,*,#1217,.F.);
#1281 = PLANE('',#1282);
#1282 = AXIS2_PLACEMENT_3D('',#1283,#1284,#1285);
#1283 = CARTESIAN_POINT('',(1.9,-24.1,3.));
#1284 = DIRECTION('',(0.,-1.,0.));
#1285 = DIRECTION('',(1.,0.,0.));
#1286 = ADVANCED_FACE('',(#1287),#1305,.T.);
#1287 = FACE_BOUND('',#1288,.T.);
#1288 = EDGE_LOOP('',(#1289,#1290,#1291,#1299));
#1289 = ORIENTED_EDGE('',*,*,#176,.F.);
#1290 = ORIENTED_EDGE('',*,*,#1235,.F.);
#1291 = ORIENTED_EDGE('',*,*,#1292,.T.);
#1292 = EDGE_CURVE('',#1236,#1293,#1295,.T.);
#1293 = VERTEX_POINT('',#1294);
#1294 = CARTESIAN_POINT('',(72.3,-24.9,3.));
#1295 = LINE('',#1296,#1297);
#1296 = CARTESIAN_POINT('',(72.9,-24.9,3.));
#1297 = VECTOR('',#1298,1.);
#1298 = DIRECTION('',(-1.,0.,0.));
#1299 = ORIENTED_EDGE('',*,*,#1300,.T.);
#1300 = EDGE_CURVE('',#1293,#177,#1301,.T.);
#1301 = LINE('',#1302,#1303);
#1302 = CARTESIAN_POINT('',(72.3,-24.9,3.));
#1303 = VECTOR('',#1304,1.);
#1304 = DIRECTION('',(-0.,-0.,-1.));
#1305 = PLANE('',#1306);
#1306 = AXIS2_PLACEMENT_3D('',#1307,#1308,#1309);
#1307 = CARTESIAN_POINT('',(72.1,-24.9,2.5));
#1308 = DIRECTION('',(-2.442E-14,-1.,-0.));
#1309 = DIRECTION('',(-1.,2.442E-14,0.));
#1310 = ADVANCED_FACE('',(#1311),#1330,.F.);
#1311 = FACE_BOUND('',#1312,.F.);
#1312 = EDGE_LOOP('',(#1313,#1322,#1328,#1329));
#1313 = ORIENTED_EDGE('',*,*,#1314,.T.);
#1314 = EDGE_CURVE('',#1267,#1315,#1317,.T.);
#1315 = VERTEX_POINT('',#1316);
#1316 = CARTESIAN_POINT('',(1.9,-22.9,3.));
#1317 = CIRCLE('',#1318,1.2);
#1318 = AXIS2_PLACEMENT_3D('',#1319,#1320,#1321);
#1319 = CARTESIAN_POINT('',(3.1,-22.9,3.));
#1320 = DIRECTION('',(0.,0.,-1.));
#1321 = DIRECTION('',(0.,1.,0.));
#1322 = ORIENTED_EDGE('',*,*,#1323,.T.);
#1323 = EDGE_CURVE('',#1315,#287,#1324,.T.);
#1324 = LINE('',#1325,#1326);
#1325 = CARTESIAN_POINT('',(1.9,-22.9,3.));
#1326 = VECTOR('',#1327,1.);
#1327 = DIRECTION('',(-0.,-0.,-1.));
#1328 = ORIENTED_EDGE('',*,*,#294,.F.);
#1329 = ORIENTED_EDGE('',*,*,#1274,.F.);
#1330 = CYLINDRICAL_SURFACE('',#1331,1.2);
#1331 = AXIS2_PLACEMENT_3D('',#1332,#1333,#1334);
#1332 = CARTESIAN_POINT('',(3.1,-22.9,3.));
#1333 = DIRECTION('',(-0.,-0.,-1.));
#1334 = DIRECTION('',(0.,-1.,0.));
#1335 = ADVANCED_FACE('',(#1336),#1355,.F.);
#1336 = FACE_BOUND('',#1337,.F.);
#1337 = EDGE_LOOP('',(#1338,#1347,#1348,#1349));
#1338 = ORIENTED_EDGE('',*,*,#1339,.T.);
#1339 = EDGE_CURVE('',#1340,#1293,#1342,.T.);
#1340 = VERTEX_POINT('',#1341);
#1341 = CARTESIAN_POINT('',(71.3,-25.9,3.));
#1342 = CIRCLE('',#1343,1.);
#1343 = AXIS2_PLACEMENT_3D('',#1344,#1345,#1346);
#1344 = CARTESIAN_POINT('',(72.3,-25.9,3.));
#1345 = DIRECTION('',(0.,0.,-1.));
#1346 = DIRECTION('',(0.,1.,0.));
#1347 = ORIENTED_EDGE('',*,*,#1300,.T.);
#1348 = ORIENTED_EDGE('',*,*,#184,.F.);
#1349 = ORIENTED_EDGE('',*,*,#1350,.F.);
#1350 = EDGE_CURVE('',#1340,#185,#1351,.T.);
#1351 = LINE('',#1352,#1353);
#1352 = CARTESIAN_POINT('',(71.3,-25.9,3.));
#1353 = VECTOR('',#1354,1.);
#1354 = DIRECTION('',(-0.,-0.,-1.));
#1355 = CYLINDRICAL_SURFACE('',#1356,1.);
#1356 = AXIS2_PLACEMENT_3D('',#1357,#1358,#1359);
#1357 = CARTESIAN_POINT('',(72.3,-25.9,3.));
#1358 = DIRECTION('',(-0.,-0.,-1.));
#1359 = DIRECTION('',(-1.,-1.311E-14,0.));
#1360 = ADVANCED_FACE('',(#1361),#1388,.T.);
#1361 = FACE_BOUND('',#1362,.T.);
#1362 = EDGE_LOOP('',(#1363,#1371,#1372,#1373,#1381));
#1363 = ORIENTED_EDGE('',*,*,#1364,.T.);
#1364 = EDGE_CURVE('',#1365,#1315,#1367,.T.);
#1365 = VERTEX_POINT('',#1366);
#1366 = CARTESIAN_POINT('',(1.9,-22.8,3.));
#1367 = LINE('',#1368,#1369);
#1368 = CARTESIAN_POINT('',(1.9,-3.1,3.));
#1369 = VECTOR('',#1370,1.);
#1370 = DIRECTION('',(0.,-1.,0.));
#1371 = ORIENTED_EDGE('',*,*,#1323,.T.);
#1372 = ORIENTED_EDGE('',*,*,#286,.F.);
#1373 = ORIENTED_EDGE('',*,*,#1374,.F.);
#1374 = EDGE_CURVE('',#1375,#279,#1377,.T.);
#1375 = VERTEX_POINT('',#1376);
#1376 = CARTESIAN_POINT('',(1.9,-22.,2.2));
#1377 = LINE('',#1378,#1379);
#1378 = CARTESIAN_POINT('',(1.9,-22.,3.));
#1379 = VECTOR('',#1380,1.);
#1380 = DIRECTION('',(-0.,-0.,-1.));
#1381 = ORIENTED_EDGE('',*,*,#1382,.F.);
#1382 = EDGE_CURVE('',#1365,#1375,#1383,.T.);
#1383 = CIRCLE('',#1384,0.8);
#1384 = AXIS2_PLACEMENT_3D('',#1385,#1386,#1387);
#1385 = CARTESIAN_POINT('',(1.9,-22.8,2.2));
#1386 = DIRECTION('',(-1.,0.,0.));
#1387 = DIRECTION('',(0.,0.,1.));
#1388 = PLANE('',#1389);
#1389 = AXIS2_PLACEMENT_3D('',#1390,#1391,#1392);
#1390 = CARTESIAN_POINT('',(1.9,-3.1,2.));
#1391 = DIRECTION('',(1.,0.,0.));
#1392 = DIRECTION('',(0.,-1.,0.));
#1393 = ADVANCED_FACE('',(#1394),#1412,.T.);
#1394 = FACE_BOUND('',#1395,.T.);
#1395 = EDGE_LOOP('',(#1396,#1397,#1398,#1406));
#1396 = ORIENTED_EDGE('',*,*,#193,.T.);
#1397 = ORIENTED_EDGE('',*,*,#1350,.F.);
#1398 = ORIENTED_EDGE('',*,*,#1399,.F.);
#1399 = EDGE_CURVE('',#1400,#1340,#1402,.T.);
#1400 = VERTEX_POINT('',#1401);
#1401 = CARTESIAN_POINT('',(71.3,-30.5099689438,3.));
#1402 = LINE('',#1403,#1404);
#1403 = CARTESIAN_POINT('',(71.3,-30.6,3.));
#1404 = VECTOR('',#1405,1.);
#1405 = DIRECTION('',(0.,1.,0.));
#1406 = ORIENTED_EDGE('',*,*,#1407,.T.);
#1407 = EDGE_CURVE('',#1400,#194,#1408,.T.);
#1408 = LINE('',#1409,#1410);
#1409 = CARTESIAN_POINT('',(71.3,-30.5099689438,3.));
#1410 = VECTOR('',#1411,1.);
#1411 = DIRECTION('',(-0.,-0.,-1.));
#1412 = PLANE('',#1413);
#1413 = AXIS2_PLACEMENT_3D('',#1414,#1415,#1416);
#1414 = CARTESIAN_POINT('',(71.3,-28.22664991614,2.5));
#1415 = DIRECTION('',(1.,1.311E-14,0.));
#1416 = DIRECTION('',(-1.311E-14,1.,0.));
#1417 = ADVANCED_FACE('',(#1418),#1436,.F.);
#1418 = FACE_BOUND('',#1419,.F.);
#1419 = EDGE_LOOP('',(#1420,#1428,#1429,#1430));
#1420 = ORIENTED_EDGE('',*,*,#1421,.T.);
#1421 = EDGE_CURVE('',#1422,#271,#1424,.T.);
#1422 = VERTEX_POINT('',#1423);
#1423 = CARTESIAN_POINT('',(1.1,-22.,2.2));
#1424 = LINE('',#1425,#1426);
#1425 = CARTESIAN_POINT('',(1.1,-22.,3.));
#1426 = VECTOR('',#1427,1.);
#1427 = DIRECTION('',(-0.,-0.,-1.));
#1428 = ORIENTED_EDGE('',*,*,#278,.T.);
#1429 = ORIENTED_EDGE('',*,*,#1374,.F.);
#1430 = ORIENTED_EDGE('',*,*,#1431,.F.);
#1431 = EDGE_CURVE('',#1422,#1375,#1432,.T.);
#1432 = LINE('',#1433,#1434);
#1433 = CARTESIAN_POINT('',(1.1,-22.,2.2));
#1434 = VECTOR('',#1435,1.);
#1435 = DIRECTION('',(1.,0.,0.));
#1436 = PLANE('',#1437);
#1437 = AXIS2_PLACEMENT_3D('',#1438,#1439,#1440);
#1438 = CARTESIAN_POINT('',(1.1,-22.,3.));
#1439 = DIRECTION('',(0.,-1.,0.));
#1440 = DIRECTION('',(1.,0.,0.));
#1441 = ADVANCED_FACE('',(#1442),#1461,.T.);
#1442 = FACE_BOUND('',#1443,.T.);
#1443 = EDGE_LOOP('',(#1444,#1453,#1459,#1460));
#1444 = ORIENTED_EDGE('',*,*,#1445,.T.);
#1445 = EDGE_CURVE('',#1400,#1446,#1448,.T.);
#1446 = VERTEX_POINT('',#1447);
#1447 = CARTESIAN_POINT('',(69.918633540373,-31.8999421313,3.));
#1448 = CIRCLE('',#1449,1.39);
#1449 = AXIS2_PLACEMENT_3D('',#1450,#1451,#1452);
#1450 = CARTESIAN_POINT('',(69.91,-30.5099689438,3.));
#1451 = DIRECTION('',(0.,0.,-1.));
#1452 = DIRECTION('',(0.,1.,0.));
#1453 = ORIENTED_EDGE('',*,*,#1454,.T.);
#1454 = EDGE_CURVE('',#1446,#202,#1455,.T.);
#1455 = LINE('',#1456,#1457);
#1456 = CARTESIAN_POINT('',(69.918633540373,-31.8999421313,3.));
#1457 = VECTOR('',#1458,1.);
#1458 = DIRECTION('',(-0.,-0.,-1.));
#1459 = ORIENTED_EDGE('',*,*,#201,.F.);
#1460 = ORIENTED_EDGE('',*,*,#1407,.F.);
#1461 = CYLINDRICAL_SURFACE('',#1462,1.39);
#1462 = AXIS2_PLACEMENT_3D('',#1463,#1464,#1465);
#1463 = CARTESIAN_POINT('',(69.91,-30.5099689438,3.));
#1464 = DIRECTION('',(-0.,-0.,-1.));
#1465 = DIRECTION('',(1.,1.311E-14,0.));
#1466 = ADVANCED_FACE('',(#1467),#1494,.F.);
#1467 = FACE_BOUND('',#1468,.F.);
#1468 = EDGE_LOOP('',(#1469,#1479,#1485,#1486,#1487));
#1469 = ORIENTED_EDGE('',*,*,#1470,.T.);
#1470 = EDGE_CURVE('',#1471,#1473,#1475,.T.);
#1471 = VERTEX_POINT('',#1472);
#1472 = CARTESIAN_POINT('',(1.1,-22.8,3.));
#1473 = VERTEX_POINT('',#1474);
#1474 = CARTESIAN_POINT('',(1.1,-22.9,3.));
#1475 = LINE('',#1476,#1477);
#1476 = CARTESIAN_POINT('',(1.1,-3.1,3.));
#1477 = VECTOR('',#1478,1.);
#1478 = DIRECTION('',(0.,-1.,0.));
#1479 = ORIENTED_EDGE('',*,*,#1480,.T.);
#1480 = EDGE_CURVE('',#1473,#262,#1481,.T.);
#1481 = LINE('',#1482,#1483);
#1482 = CARTESIAN_POINT('',(1.1,-22.9,3.));
#1483 = VECTOR('',#1484,1.);
#1484 = DIRECTION('',(-0.,-0.,-1.));
#1485 = ORIENTED_EDGE('',*,*,#270,.F.);
#1486 = ORIENTED_EDGE('',*,*,#1421,.F.);
#1487 = ORIENTED_EDGE('',*,*,#1488,.F.);
#1488 = EDGE_CURVE('',#1471,#1422,#1489,.T.);
#1489 = CIRCLE('',#1490,0.8);
#1490 = AXIS2_PLACEMENT_3D('',#1491,#1492,#1493);
#1491 = CARTESIAN_POINT('',(1.1,-22.8,2.2));
#1492 = DIRECTION('',(-1.,0.,0.));
#1493 = DIRECTION('',(0.,0.,1.));
#1494 = PLANE('',#1495);
#1495 = AXIS2_PLACEMENT_3D('',#1496,#1497,#1498);
#1496 = CARTESIAN_POINT('',(1.1,-3.1,2.));
#1497 = DIRECTION('',(1.,0.,0.));
#1498 = DIRECTION('',(0.,-1.,0.));
#1499 = ADVANCED_FACE('',(#1500),#1519,.T.);
#1500 = FACE_BOUND('',#1501,.F.);
#1501 = EDGE_LOOP('',(#1502,#1503,#1511,#1518));
#1502 = ORIENTED_EDGE('',*,*,#210,.F.);
#1503 = ORIENTED_EDGE('',*,*,#1504,.T.);
#1504 = EDGE_CURVE('',#211,#1505,#1507,.T.);
#1505 = VERTEX_POINT('',#1506);
#1506 = CARTESIAN_POINT('',(69.9,-31.9,3.));
#1507 = LINE('',#1508,#1509);
#1508 = CARTESIAN_POINT('',(69.9,-31.9,2.));
#1509 = VECTOR('',#1510,1.);
#1510 = DIRECTION('',(0.,0.,1.));
#1511 = ORIENTED_EDGE('',*,*,#1512,.T.);
#1512 = EDGE_CURVE('',#1505,#1446,#1513,.T.);
#1513 = CIRCLE('',#1514,3.);
#1514 = AXIS2_PLACEMENT_3D('',#1515,#1516,#1517);
#1515 = CARTESIAN_POINT('',(69.9,-28.9,3.));
#1516 = DIRECTION('',(0.,0.,1.));
#1517 = DIRECTION('',(1.,0.,0.));
#1518 = ORIENTED_EDGE('',*,*,#1454,.T.);
#1519 = CYLINDRICAL_SURFACE('',#1520,3.);
#1520 = AXIS2_PLACEMENT_3D('',#1521,#1522,#1523);
#1521 = CARTESIAN_POINT('',(69.9,-28.9,2.));
#1522 = DIRECTION('',(-0.,-0.,-1.));
#1523 = DIRECTION('',(1.,0.,0.));
#1524 = ADVANCED_FACE('',(#1525),#1544,.T.);
#1525 = FACE_BOUND('',#1526,.T.);
#1526 = EDGE_LOOP('',(#1527,#1536,#1537,#1538));
#1527 = ORIENTED_EDGE('',*,*,#1528,.T.);
#1528 = EDGE_CURVE('',#1529,#1473,#1531,.T.);
#1529 = VERTEX_POINT('',#1530);
#1530 = CARTESIAN_POINT('',(3.1,-24.9,3.));
#1531 = CIRCLE('',#1532,2.);
#1532 = AXIS2_PLACEMENT_3D('',#1533,#1534,#1535);
#1533 = CARTESIAN_POINT('',(3.1,-22.9,3.));
#1534 = DIRECTION('',(0.,0.,-1.));
#1535 = DIRECTION('',(0.,1.,0.));
#1536 = ORIENTED_EDGE('',*,*,#1480,.T.);
#1537 = ORIENTED_EDGE('',*,*,#261,.F.);
#1538 = ORIENTED_EDGE('',*,*,#1539,.F.);
#1539 = EDGE_CURVE('',#1529,#254,#1540,.T.);
#1540 = LINE('',#1541,#1542);
#1541 = CARTESIAN_POINT('',(3.1,-24.9,3.));
#1542 = VECTOR('',#1543,1.);
#1543 = DIRECTION('',(-0.,-0.,-1.));
#1544 = CYLINDRICAL_SURFACE('',#1545,2.);
#1545 = AXIS2_PLACEMENT_3D('',#1546,#1547,#1548);
#1546 = CARTESIAN_POINT('',(3.1,-22.9,3.));
#1547 = DIRECTION('',(-0.,-0.,-1.));
#1548 = DIRECTION('',(4.2E-16,-1.,0.));
#1549 = ADVANCED_FACE('',(#1550),#1568,.F.);
#1550 = FACE_BOUND('',#1551,.F.);
#1551 = EDGE_LOOP('',(#1552,#1553,#1561,#1567));
#1552 = ORIENTED_EDGE('',*,*,#219,.F.);
#1553 = ORIENTED_EDGE('',*,*,#1554,.F.);
#1554 = EDGE_CURVE('',#1555,#220,#1557,.T.);
#1555 = VERTEX_POINT('',#1556);
#1556 = CARTESIAN_POINT('',(7.1,-31.9,3.));
#1557 = LINE('',#1558,#1559);
#1558 = CARTESIAN_POINT('',(7.1,-31.9,3.));
#1559 = VECTOR('',#1560,1.);
#1560 = DIRECTION('',(-0.,-0.,-1.));
#1561 = ORIENTED_EDGE('',*,*,#1562,.T.);
#1562 = EDGE_CURVE('',#1555,#1505,#1563,.T.);
#1563 = LINE('',#1564,#1565);
#1564 = CARTESIAN_POINT('',(4.1,-31.9,3.));
#1565 = VECTOR('',#1566,1.);
#1566 = DIRECTION('',(1.,0.,0.));
#1567 = ORIENTED_EDGE('',*,*,#1504,.F.);
#1568 = PLANE('',#1569);
#1569 = AXIS2_PLACEMENT_3D('',#1570,#1571,#1572);
#1570 = CARTESIAN_POINT('',(4.1,-31.9,2.));
#1571 = DIRECTION('',(0.,1.,0.));
#1572 = DIRECTION('',(1.,0.,0.));
#1573 = ADVANCED_FACE('',(#1574),#1592,.T.);
#1574 = FACE_BOUND('',#1575,.T.);
#1575 = EDGE_LOOP('',(#1576,#1577,#1585,#1591));
#1576 = ORIENTED_EDGE('',*,*,#253,.F.);
#1577 = ORIENTED_EDGE('',*,*,#1578,.F.);
#1578 = EDGE_CURVE('',#1579,#245,#1581,.T.);
#1579 = VERTEX_POINT('',#1580);
#1580 = CARTESIAN_POINT('',(4.3,-24.9,3.));
#1581 = LINE('',#1582,#1583);
#1582 = CARTESIAN_POINT('',(4.3,-24.9,3.));
#1583 = VECTOR('',#1584,1.);
#1584 = DIRECTION('',(-0.,-0.,-1.));
#1585 = ORIENTED_EDGE('',*,*,#1586,.T.);
#1586 = EDGE_CURVE('',#1579,#1529,#1587,.T.);
#1587 = LINE('',#1588,#1589);
#1588 = CARTESIAN_POINT('',(5.7,-24.9,3.));
#1589 = VECTOR('',#1590,1.);
#1590 = DIRECTION('',(-1.,0.,0.));
#1591 = ORIENTED_EDGE('',*,*,#1539,.T.);
#1592 = PLANE('',#1593);
#1593 = AXIS2_PLACEMENT_3D('',#1594,#1595,#1596);
#1594 = CARTESIAN_POINT('',(3.4,-24.9,2.5));
#1595 = DIRECTION('',(4.2E-16,-1.,0.));
#1596 = DIRECTION('',(-1.,-4.2E-16,0.));
#1597 = ADVANCED_FACE('',(#1598),#1617,.T.);
#1598 = FACE_BOUND('',#1599,.T.);
#1599 = EDGE_LOOP('',(#1600,#1609,#1615,#1616));
#1600 = ORIENTED_EDGE('',*,*,#1601,.T.);
#1601 = EDGE_CURVE('',#1555,#1602,#1604,.T.);
#1602 = VERTEX_POINT('',#1603);
#1603 = CARTESIAN_POINT('',(5.7,-30.5,3.));
#1604 = CIRCLE('',#1605,1.4);
#1605 = AXIS2_PLACEMENT_3D('',#1606,#1607,#1608);
#1606 = CARTESIAN_POINT('',(7.1,-30.5,3.));
#1607 = DIRECTION('',(0.,0.,-1.));
#1608 = DIRECTION('',(0.,1.,0.));
#1609 = ORIENTED_EDGE('',*,*,#1610,.T.);
#1610 = EDGE_CURVE('',#1602,#228,#1611,.T.);
#1611 = LINE('',#1612,#1613);
#1612 = CARTESIAN_POINT('',(5.7,-30.5,3.));
#1613 = VECTOR('',#1614,1.);
#1614 = DIRECTION('',(-0.,-0.,-1.));
#1615 = ORIENTED_EDGE('',*,*,#227,.F.);
#1616 = ORIENTED_EDGE('',*,*,#1554,.F.);
#1617 = CYLINDRICAL_SURFACE('',#1618,1.4);
#1618 = AXIS2_PLACEMENT_3D('',#1619,#1620,#1621);
#1619 = CARTESIAN_POINT('',(7.1,-30.5,3.));
#1620 = DIRECTION('',(-0.,-0.,-1.));
#1621 = DIRECTION('',(0.,-1.,0.));
#1622 = ADVANCED_FACE('',(#1623),#1642,.F.);
#1623 = FACE_BOUND('',#1624,.F.);
#1624 = EDGE_LOOP('',(#1625,#1634,#1640,#1641));
#1625 = ORIENTED_EDGE('',*,*,#1626,.T.);
#1626 = EDGE_CURVE('',#1579,#1627,#1629,.T.);
#1627 = VERTEX_POINT('',#1628);
#1628 = CARTESIAN_POINT('',(5.7,-26.3,3.));
#1629 = CIRCLE('',#1630,1.4);
#1630 = AXIS2_PLACEMENT_3D('',#1631,#1632,#1633);
#1631 = CARTESIAN_POINT('',(4.3,-26.3,3.));
#1632 = DIRECTION('',(0.,0.,-1.));
#1633 = DIRECTION('',(0.,1.,0.));
#1634 = ORIENTED_EDGE('',*,*,#1635,.T.);
#1635 = EDGE_CURVE('',#1627,#237,#1636,.T.);
#1636 = LINE('',#1637,#1638);
#1637 = CARTESIAN_POINT('',(5.7,-26.3,3.));
#1638 = VECTOR('',#1639,1.);
#1639 = DIRECTION('',(-0.,-0.,-1.));
#1640 = ORIENTED_EDGE('',*,*,#244,.F.);
#1641 = ORIENTED_EDGE('',*,*,#1578,.F.);
#1642 = CYLINDRICAL_SURFACE('',#1643,1.4);
#1643 = AXIS2_PLACEMENT_3D('',#1644,#1645,#1646);
#1644 = CARTESIAN_POINT('',(4.3,-26.3,3.));
#1645 = DIRECTION('',(-0.,-0.,-1.));
#1646 = DIRECTION('',(-4.2E-16,1.,0.));
#1647 = ADVANCED_FACE('',(#1648),#1659,.T.);
#1648 = FACE_BOUND('',#1649,.T.);
#1649 = EDGE_LOOP('',(#1650,#1651,#1652,#1658));
#1650 = ORIENTED_EDGE('',*,*,#236,.F.);
#1651 = ORIENTED_EDGE('',*,*,#1610,.F.);
#1652 = ORIENTED_EDGE('',*,*,#1653,.T.);
#1653 = EDGE_CURVE('',#1602,#1627,#1654,.T.);
#1654 = LINE('',#1655,#1656);
#1655 = CARTESIAN_POINT('',(5.7,-31.9,3.));
#1656 = VECTOR('',#1657,1.);
#1657 = DIRECTION('',(0.,1.,0.));
#1658 = ORIENTED_EDGE('',*,*,#1635,.T.);
#1659 = PLANE('',#1660);
#1660 = AXIS2_PLACEMENT_3D('',#1661,#1662,#1663);
#1661 = CARTESIAN_POINT('',(5.7,-28.4,2.5));
#1662 = DIRECTION('',(-1.,-0.,-0.));
#1663 = DIRECTION('',(0.,0.,-1.));
#1664 = ADVANCED_FACE('',(#1665),#1709,.T.);
#1665 = FACE_BOUND('',#1666,.T.);
#1666 = EDGE_LOOP('',(#1667,#1677,#1683,#1684,#1685,#1693,#1702));
#1667 = ORIENTED_EDGE('',*,*,#1668,.T.);
#1668 = EDGE_CURVE('',#1669,#1671,#1673,.T.);
#1669 = VERTEX_POINT('',#1670);
#1670 = CARTESIAN_POINT('',(72.100000000001,-21.,4.999999999993));
#1671 = VERTEX_POINT('',#1672);
#1672 = CARTESIAN_POINT('',(72.1,-21.,3.));
#1673 = LINE('',#1674,#1675);
#1674 = CARTESIAN_POINT('',(72.1,-21.,3.));
#1675 = VECTOR('',#1676,1.);
#1676 = DIRECTION('',(-0.,-0.,-1.));
#1677 = ORIENTED_EDGE('',*,*,#1678,.F.);
#1678 = EDGE_CURVE('',#379,#1671,#1679,.T.);
#1679 = LINE('',#1680,#1681);
#1680 = CARTESIAN_POINT('',(72.125638131085,-21.,3.032047663856));
#1681 = VECTOR('',#1682,1.);
#1682 = DIRECTION('',(0.624695047555,-2.4E-15,0.780868809443));
#1683 = ORIENTED_EDGE('',*,*,#376,.F.);
#1684 = ORIENTED_EDGE('',*,*,#418,.F.);
#1685 = ORIENTED_EDGE('',*,*,#1686,.F.);
#1686 = EDGE_CURVE('',#1687,#411,#1689,.T.);
#1687 = VERTEX_POINT('',#1688);
#1688 = CARTESIAN_POINT('',(72.9,-21.,3.));
#1689 = LINE('',#1690,#1691);
#1690 = CARTESIAN_POINT('',(72.9,-21.,3.));
#1691 = VECTOR('',#1692,1.);
#1692 = DIRECTION('',(-0.,-0.,-1.));
#1693 = ORIENTED_EDGE('',*,*,#1694,.T.);
#1694 = EDGE_CURVE('',#1687,#1695,#1697,.T.);
#1695 = VERTEX_POINT('',#1696);
#1696 = CARTESIAN_POINT('',(72.899999999987,-21.,4.599999999993));
#1697 = CIRCLE('',#1698,0.8);
#1698 = AXIS2_PLACEMENT_3D('',#1699,#1700,#1701);
#1699 = CARTESIAN_POINT('',(72.9,-21.,3.8));
#1700 = DIRECTION('',(0.,-1.,0.));
#1701 = DIRECTION('',(1.,0.,0.));
#1702 = ORIENTED_EDGE('',*,*,#1703,.T.);
#1703 = EDGE_CURVE('',#1695,#1669,#1704,.T.);
#1704 = CIRCLE('',#1705,0.8);
#1705 = AXIS2_PLACEMENT_3D('',#1706,#1707,#1708);
#1706 = CARTESIAN_POINT('',(72.203352060489,-21.,4.206704121021));
#1707 = DIRECTION('',(0.,-1.,0.));
#1708 = DIRECTION('',(1.,0.,0.));
#1709 = PLANE('',#1710);
#1710 = AXIS2_PLACEMENT_3D('',#1711,#1712,#1713);
#1711 = CARTESIAN_POINT('',(72.659960993993,-21.,3.477147542253));
#1712 = DIRECTION('',(-9.6E-16,-1.,-2.3E-15));
#1713 = DIRECTION('',(0.,2.3E-15,-1.));
#1714 = ADVANCED_FACE('',(#1715),#1733,.F.);
#1715 = FACE_BOUND('',#1716,.F.);
#1716 = EDGE_LOOP('',(#1717,#1718,#1719,#1727));
#1717 = ORIENTED_EDGE('',*,*,#1678,.F.);
#1718 = ORIENTED_EDGE('',*,*,#386,.T.);
#1719 = ORIENTED_EDGE('',*,*,#1720,.T.);
#1720 = EDGE_CURVE('',#387,#1721,#1723,.T.);
#1721 = VERTEX_POINT('',#1722);
#1722 = CARTESIAN_POINT('',(72.1,-11.,3.));
#1723 = LINE('',#1724,#1725);
#1724 = CARTESIAN_POINT('',(72.125638131085,-11.,3.032047663856));
#1725 = VECTOR('',#1726,1.);
#1726 = DIRECTION('',(0.624695047555,8.38E-15,0.780868809443));
#1727 = ORIENTED_EDGE('',*,*,#1728,.F.);
#1728 = EDGE_CURVE('',#1671,#1721,#1729,.T.);
#1729 = LINE('',#1730,#1731);
#1730 = CARTESIAN_POINT('',(72.1,-21.,3.));
#1731 = VECTOR('',#1732,1.);
#1732 = DIRECTION('',(0.,1.,0.));
#1733 = PLANE('',#1734);
#1734 = AXIS2_PLACEMENT_3D('',#1735,#1736,#1737);
#1735 = CARTESIAN_POINT('',(71.7,-21.,2.5));
#1736 = DIRECTION('',(0.780868809443,0.,-0.624695047555));
#1737 = DIRECTION('',(0.,1.,0.));
#1738 = ADVANCED_FACE('',(#1739),#1757,.F.);
#1739 = FACE_BOUND('',#1740,.F.);
#1740 = EDGE_LOOP('',(#1741,#1742,#1743,#1751));
#1741 = ORIENTED_EDGE('',*,*,#410,.F.);
#1742 = ORIENTED_EDGE('',*,*,#1686,.F.);
#1743 = ORIENTED_EDGE('',*,*,#1744,.T.);
#1744 = EDGE_CURVE('',#1687,#1745,#1747,.T.);
#1745 = VERTEX_POINT('',#1746);
#1746 = CARTESIAN_POINT('',(72.9,-11.,3.));
#1747 = LINE('',#1748,#1749);
#1748 = CARTESIAN_POINT('',(72.9,-28.9,3.));
#1749 = VECTOR('',#1750,1.);
#1750 = DIRECTION('',(0.,1.,0.));
#1751 = ORIENTED_EDGE('',*,*,#1752,.T.);
#1752 = EDGE_CURVE('',#1745,#403,#1753,.T.);
#1753 = LINE('',#1754,#1755);
#1754 = CARTESIAN_POINT('',(72.9,-11.,3.));
#1755 = VECTOR('',#1756,1.);
#1756 = DIRECTION('',(-0.,-0.,-1.));
#1757 = PLANE('',#1758);
#1758 = AXIS2_PLACEMENT_3D('',#1759,#1760,#1761);
#1759 = CARTESIAN_POINT('',(72.9,-28.9,2.));
#1760 = DIRECTION('',(-1.,0.,0.));
#1761 = DIRECTION('',(0.,1.,0.));
#1762 = ADVANCED_FACE('',(#1763),#1793,.T.);
#1763 = FACE_BOUND('',#1764,.T.);
#1764 = EDGE_LOOP('',(#1765,#1773,#1782,#1789,#1790,#1791,#1792));
#1765 = ORIENTED_EDGE('',*,*,#1766,.T.);
#1766 = EDGE_CURVE('',#1721,#1767,#1769,.T.);
#1767 = VERTEX_POINT('',#1768);
#1768 = CARTESIAN_POINT('',(72.100000000001,-11.,4.999999999993));
#1769 = LINE('',#1770,#1771);
#1770 = CARTESIAN_POINT('',(72.100000000001,-11.,3.));
#1771 = VECTOR('',#1772,1.);
#1772 = DIRECTION('',(0.,2.2E-16,1.));
#1773 = ORIENTED_EDGE('',*,*,#1774,.F.);
#1774 = EDGE_CURVE('',#1775,#1767,#1777,.T.);
#1775 = VERTEX_POINT('',#1776);
#1776 = CARTESIAN_POINT('',(72.899999999987,-11.,4.599999999993));
#1777 = CIRCLE('',#1778,0.8);
#1778 = AXIS2_PLACEMENT_3D('',#1779,#1780,#1781);
#1779 = CARTESIAN_POINT('',(72.203352060489,-11.,4.206704121021));
#1780 = DIRECTION('',(0.,-1.,0.));
#1781 = DIRECTION('',(1.,0.,0.));
#1782 = ORIENTED_EDGE('',*,*,#1783,.F.);
#1783 = EDGE_CURVE('',#1745,#1775,#1784,.T.);
#1784 = CIRCLE('',#1785,0.8);
#1785 = AXIS2_PLACEMENT_3D('',#1786,#1787,#1788);
#1786 = CARTESIAN_POINT('',(72.9,-11.,3.8));
#1787 = DIRECTION('',(0.,-1.,0.));
#1788 = DIRECTION('',(1.,0.,0.));
#1789 = ORIENTED_EDGE('',*,*,#1752,.T.);
#1790 = ORIENTED_EDGE('',*,*,#402,.F.);
#1791 = ORIENTED_EDGE('',*,*,#394,.T.);
#1792 = ORIENTED_EDGE('',*,*,#1720,.T.);
#1793 = PLANE('',#1794);
#1794 = AXIS2_PLACEMENT_3D('',#1795,#1796,#1797);
#1795 = CARTESIAN_POINT('',(72.659960993993,-11.,3.477147542253));
#1796 = DIRECTION('',(-3.17E-15,1.,-8.19E-15));
#1797 = DIRECTION('',(0.,8.19E-15,1.));
#1798 = ADVANCED_FACE('',(#1799),#1817,.F.);
#1799 = FACE_BOUND('',#1800,.F.);
#1800 = EDGE_LOOP('',(#1801,#1802,#1803,#1811));
#1801 = ORIENTED_EDGE('',*,*,#788,.T.);
#1802 = ORIENTED_EDGE('',*,*,#436,.T.);
#1803 = ORIENTED_EDGE('',*,*,#1804,.F.);
#1804 = EDGE_CURVE('',#1805,#437,#1807,.T.);
#1805 = VERTEX_POINT('',#1806);
#1806 = CARTESIAN_POINT('',(71.,-34.,0.6));
#1807 = LINE('',#1808,#1809);
#1808 = CARTESIAN_POINT('',(71.,-34.,0.));
#1809 = VECTOR('',#1810,1.);
#1810 = DIRECTION('',(0.,0.,1.));
#1811 = ORIENTED_EDGE('',*,*,#1812,.F.);
#1812 = EDGE_CURVE('',#789,#1805,#1813,.T.);
#1813 = LINE('',#1814,#1815);
#1814 = CARTESIAN_POINT('',(3.,-34.,0.6));
#1815 = VECTOR('',#1816,1.);
#1816 = DIRECTION('',(1.,0.,0.));
#1817 = PLANE('',#1818);
#1818 = AXIS2_PLACEMENT_3D('',#1819,#1820,#1821);
#1819 = CARTESIAN_POINT('',(3.,-34.,0.));
#1820 = DIRECTION('',(0.,1.,0.));
#1821 = DIRECTION('',(1.,0.,0.));
#1822 = ADVANCED_FACE('',(#1823),#1842,.T.);
#1823 = FACE_BOUND('',#1824,.F.);
#1824 = EDGE_LOOP('',(#1825,#1826,#1827,#1835));
#1825 = ORIENTED_EDGE('',*,*,#1804,.T.);
#1826 = ORIENTED_EDGE('',*,*,#444,.T.);
#1827 = ORIENTED_EDGE('',*,*,#1828,.F.);
#1828 = EDGE_CURVE('',#1829,#445,#1831,.T.);
#1829 = VERTEX_POINT('',#1830);
#1830 = CARTESIAN_POINT('',(76.,-29.,0.6));
#1831 = LINE('',#1832,#1833);
#1832 = CARTESIAN_POINT('',(76.,-29.,0.));
#1833 = VECTOR('',#1834,1.);
#1834 = DIRECTION('',(0.,0.,1.));
#1835 = ORIENTED_EDGE('',*,*,#1836,.F.);
#1836 = EDGE_CURVE('',#1805,#1829,#1837,.T.);
#1837 = CIRCLE('',#1838,5.);
#1838 = AXIS2_PLACEMENT_3D('',#1839,#1840,#1841);
#1839 = CARTESIAN_POINT('',(71.,-29.,0.6));
#1840 = DIRECTION('',(-0.,0.,1.));
#1841 = DIRECTION('',(0.,-1.,0.));
#1842 = CYLINDRICAL_SURFACE('',#1843,5.);
#1843 = AXIS2_PLACEMENT_3D('',#1844,#1845,#1846);
#1844 = CARTESIAN_POINT('',(71.,-29.,0.));
#1845 = DIRECTION('',(-0.,-0.,-1.));
#1846 = DIRECTION('',(1.,0.,0.));
#1847 = ADVANCED_FACE('',(#1848),#1866,.F.);
#1848 = FACE_BOUND('',#1849,.F.);
#1849 = EDGE_LOOP('',(#1850,#1851,#1852,#1860));
#1850 = ORIENTED_EDGE('',*,*,#1828,.T.);
#1851 = ORIENTED_EDGE('',*,*,#453,.T.);
#1852 = ORIENTED_EDGE('',*,*,#1853,.F.);
#1853 = EDGE_CURVE('',#1854,#454,#1856,.T.);
#1854 = VERTEX_POINT('',#1855);
#1855 = CARTESIAN_POINT('',(76.,-3.,0.6));
#1856 = LINE('',#1857,#1858);
#1857 = CARTESIAN_POINT('',(76.,-3.,0.));
#1858 = VECTOR('',#1859,1.);
#1859 = DIRECTION('',(0.,0.,1.));
#1860 = ORIENTED_EDGE('',*,*,#1861,.F.);
#1861 = EDGE_CURVE('',#1829,#1854,#1862,.T.);
#1862 = LINE('',#1863,#1864);
#1863 = CARTESIAN_POINT('',(76.,-29.,0.6));
#1864 = VECTOR('',#1865,1.);
#1865 = DIRECTION('',(0.,1.,0.));
#1866 = PLANE('',#1867);
#1867 = AXIS2_PLACEMENT_3D('',#1868,#1869,#1870);
#1868 = CARTESIAN_POINT('',(76.,-29.,0.));
#1869 = DIRECTION('',(-1.,0.,0.));
#1870 = DIRECTION('',(0.,1.,0.));
#1871 = ADVANCED_FACE('',(#1872),#1884,.T.);
#1872 = FACE_BOUND('',#1873,.F.);
#1873 = EDGE_LOOP('',(#1874,#1875,#1876,#1877));
#1874 = ORIENTED_EDGE('',*,*,#1853,.T.);
#1875 = ORIENTED_EDGE('',*,*,#461,.T.);
#1876 = ORIENTED_EDGE('',*,*,#811,.F.);
#1877 = ORIENTED_EDGE('',*,*,#1878,.F.);
#1878 = EDGE_CURVE('',#1854,#812,#1879,.T.);
#1879 = CIRCLE('',#1880,5.);
#1880 = AXIS2_PLACEMENT_3D('',#1881,#1882,#1883);
#1881 = CARTESIAN_POINT('',(71.,-3.,0.6));
#1882 = DIRECTION('',(-0.,0.,1.));
#1883 = DIRECTION('',(1.,-9.E-17,0.));
#1884 = CYLINDRICAL_SURFACE('',#1885,5.);
#1885 = AXIS2_PLACEMENT_3D('',#1886,#1887,#1888);
#1886 = CARTESIAN_POINT('',(71.,-3.,0.));
#1887 = DIRECTION('',(-0.,-0.,-1.));
#1888 = DIRECTION('',(1.,0.,0.));
#1889 = ADVANCED_FACE('',(#1890),#1934,.T.);
#1890 = FACE_BOUND('',#1891,.T.);
#1891 = EDGE_LOOP('',(#1892,#1902,#1908,#1909,#1910,#1918,#1927));
#1892 = ORIENTED_EDGE('',*,*,#1893,.T.);
#1893 = EDGE_CURVE('',#1894,#1896,#1898,.T.);
#1894 = VERTEX_POINT('',#1895);
#1895 = CARTESIAN_POINT('',(1.9,-11.,5.));
#1896 = VERTEX_POINT('',#1897);
#1897 = CARTESIAN_POINT('',(1.9,-11.,3.));
#1898 = LINE('',#1899,#1900);
#1899 = CARTESIAN_POINT('',(1.9,-11.,3.));
#1900 = VECTOR('',#1901,1.);
#1901 = DIRECTION('',(-0.,-0.,-1.));
#1902 = ORIENTED_EDGE('',*,*,#1903,.F.);
#1903 = EDGE_CURVE('',#482,#1896,#1904,.T.);
#1904 = LINE('',#1905,#1906);
#1905 = CARTESIAN_POINT('',(1.874361868913,-11.,3.032047663858));
#1906 = VECTOR('',#1907,1.);
#1907 = DIRECTION('',(-0.624695047554,1.78E-15,0.780868809443));
#1908 = ORIENTED_EDGE('',*,*,#479,.F.);
#1909 = ORIENTED_EDGE('',*,*,#521,.F.);
#1910 = ORIENTED_EDGE('',*,*,#1911,.F.);
#1911 = EDGE_CURVE('',#1912,#514,#1914,.T.);
#1912 = VERTEX_POINT('',#1913);
#1913 = CARTESIAN_POINT('',(1.1,-11.,3.));
#1914 = LINE('',#1915,#1916);
#1915 = CARTESIAN_POINT('',(1.1,-11.,3.));
#1916 = VECTOR('',#1917,1.);
#1917 = DIRECTION('',(-0.,-0.,-1.));
#1918 = ORIENTED_EDGE('',*,*,#1919,.F.);
#1919 = EDGE_CURVE('',#1920,#1912,#1922,.T.);
#1920 = VERTEX_POINT('',#1921);
#1921 = CARTESIAN_POINT('',(1.1,-11.,4.6));
#1922 = CIRCLE('',#1923,0.8);
#1923 = AXIS2_PLACEMENT_3D('',#1924,#1925,#1926);
#1924 = CARTESIAN_POINT('',(1.1,-11.,3.8));
#1925 = DIRECTION('',(0.,-1.,0.));
#1926 = DIRECTION('',(1.,0.,0.));
#1927 = ORIENTED_EDGE('',*,*,#1928,.F.);
#1928 = EDGE_CURVE('',#1894,#1920,#1929,.T.);
#1929 = CIRCLE('',#1930,0.8);
#1930 = AXIS2_PLACEMENT_3D('',#1931,#1932,#1933);
#1931 = CARTESIAN_POINT('',(1.796647939484,-11.,4.206704121032));
#1932 = DIRECTION('',(0.,-1.,0.));
#1933 = DIRECTION('',(1.,0.,0.));
#1934 = PLANE('',#1935);
#1935 = AXIS2_PLACEMENT_3D('',#1936,#1937,#1938);
#1936 = CARTESIAN_POINT('',(1.340039006007,-11.,3.47714754226));
#1937 = DIRECTION('',(5.2E-16,1.,-1.87E-15));
#1938 = DIRECTION('',(0.,1.87E-15,1.));
#1939 = ADVANCED_FACE('',(#1940),#1958,.F.);
#1940 = FACE_BOUND('',#1941,.F.);
#1941 = EDGE_LOOP('',(#1942,#1943,#1944,#1952));
#1942 = ORIENTED_EDGE('',*,*,#1903,.F.);
#1943 = ORIENTED_EDGE('',*,*,#489,.T.);
#1944 = ORIENTED_EDGE('',*,*,#1945,.T.);
#1945 = EDGE_CURVE('',#490,#1946,#1948,.T.);
#1946 = VERTEX_POINT('',#1947);
#1947 = CARTESIAN_POINT('',(1.9,-21.,3.));
#1948 = LINE('',#1949,#1950);
#1949 = CARTESIAN_POINT('',(1.874361868913,-21.,3.032047663858));
#1950 = VECTOR('',#1951,1.);
#1951 = DIRECTION('',(-0.624695047554,0.,0.780868809443));
#1952 = ORIENTED_EDGE('',*,*,#1953,.F.);
#1953 = EDGE_CURVE('',#1896,#1946,#1954,.T.);
#1954 = LINE('',#1955,#1956);
#1955 = CARTESIAN_POINT('',(1.9,-11.,3.));
#1956 = VECTOR('',#1957,1.);
#1957 = DIRECTION('',(0.,-1.,0.));
#1958 = PLANE('',#1959);
#1959 = AXIS2_PLACEMENT_3D('',#1960,#1961,#1962);
#1960 = CARTESIAN_POINT('',(2.3,-11.,2.5));
#1961 = DIRECTION('',(-0.780868809443,-1.E-17,-0.624695047554));
#1962 = DIRECTION('',(1.171112711882E-17,-1.,1.368901695056E-18));
#1963 = ADVANCED_FACE('',(#1964),#1982,.F.);
#1964 = FACE_BOUND('',#1965,.F.);
#1965 = EDGE_LOOP('',(#1966,#1967,#1968,#1976));
#1966 = ORIENTED_EDGE('',*,*,#513,.F.);
#1967 = ORIENTED_EDGE('',*,*,#1911,.F.);
#1968 = ORIENTED_EDGE('',*,*,#1969,.T.);
#1969 = EDGE_CURVE('',#1912,#1970,#1972,.T.);
#1970 = VERTEX_POINT('',#1971);
#1971 = CARTESIAN_POINT('',(1.1,-21.,3.));
#1972 = LINE('',#1973,#1974);
#1973 = CARTESIAN_POINT('',(1.1,-3.1,3.));
#1974 = VECTOR('',#1975,1.);
#1975 = DIRECTION('',(0.,-1.,0.));
#1976 = ORIENTED_EDGE('',*,*,#1977,.T.);
#1977 = EDGE_CURVE('',#1970,#506,#1978,.T.);
#1978 = LINE('',#1979,#1980);
#1979 = CARTESIAN_POINT('',(1.1,-21.,3.));
#1980 = VECTOR('',#1981,1.);
#1981 = DIRECTION('',(-0.,-0.,-1.));
#1982 = PLANE('',#1983);
#1983 = AXIS2_PLACEMENT_3D('',#1984,#1985,#1986);
#1984 = CARTESIAN_POINT('',(1.1,-3.1,2.));
#1985 = DIRECTION('',(1.,0.,0.));
#1986 = DIRECTION('',(0.,-1.,0.));
#1987 = ADVANCED_FACE('',(#1988),#2018,.T.);
#1988 = FACE_BOUND('',#1989,.T.);
#1989 = EDGE_LOOP('',(#1990,#1998,#2007,#2014,#2015,#2016,#2017));
#1990 = ORIENTED_EDGE('',*,*,#1991,.T.);
#1991 = EDGE_CURVE('',#1946,#1992,#1994,.T.);
#1992 = VERTEX_POINT('',#1993);
#1993 = CARTESIAN_POINT('',(1.9,-21.,5.));
#1994 = LINE('',#1995,#1996);
#1995 = CARTESIAN_POINT('',(1.9,-21.,3.));
#1996 = VECTOR('',#1997,1.);
#1997 = DIRECTION('',(0.,2.2E-16,1.));
#1998 = ORIENTED_EDGE('',*,*,#1999,.T.);
#1999 = EDGE_CURVE('',#1992,#2000,#2002,.T.);
#2000 = VERTEX_POINT('',#2001);
#2001 = CARTESIAN_POINT('',(1.1,-21.,4.6));
#2002 = CIRCLE('',#2003,0.8);
#2003 = AXIS2_PLACEMENT_3D('',#2004,#2005,#2006);
#2004 = CARTESIAN_POINT('',(1.796647939484,-21.,4.206704121032));
#2005 = DIRECTION('',(0.,-1.,0.));
#2006 = DIRECTION('',(1.,0.,0.));
#2007 = ORIENTED_EDGE('',*,*,#2008,.T.);
#2008 = EDGE_CURVE('',#2000,#1970,#2009,.T.);
#2009 = CIRCLE('',#2010,0.8);
#2010 = AXIS2_PLACEMENT_3D('',#2011,#2012,#2013);
#2011 = CARTESIAN_POINT('',(1.1,-21.,3.8));
#2012 = DIRECTION('',(0.,-1.,0.));
#2013 = DIRECTION('',(1.,0.,0.));
#2014 = ORIENTED_EDGE('',*,*,#1977,.T.);
#2015 = ORIENTED_EDGE('',*,*,#505,.F.);
#2016 = ORIENTED_EDGE('',*,*,#497,.T.);
#2017 = ORIENTED_EDGE('',*,*,#1945,.T.);
#2018 = PLANE('',#2019);
#2019 = AXIS2_PLACEMENT_3D('',#2020,#2021,#2022);
#2020 = CARTESIAN_POINT('',(1.340039006007,-21.,3.47714754226));
#2021 = DIRECTION('',(-0.,-1.,-0.));
#2022 = DIRECTION('',(0.,0.,-1.));
#2023 = ADVANCED_FACE('',(#2024),#2051,.F.);
#2024 = FACE_BOUND('',#2025,.F.);
#2025 = EDGE_LOOP('',(#2026,#2036,#2042,#2043));
#2026 = ORIENTED_EDGE('',*,*,#2027,.F.);
#2027 = EDGE_CURVE('',#2028,#2030,#2032,.T.);
#2028 = VERTEX_POINT('',#2029);
#2029 = CARTESIAN_POINT('',(70.5,-6.4,3.));
#2030 = VERTEX_POINT('',#2031);
#2031 = CARTESIAN_POINT('',(70.5,-1.7,3.));
#2032 = LINE('',#2033,#2034);
#2033 = CARTESIAN_POINT('',(70.5,-7.9,3.));
#2034 = VECTOR('',#2035,1.);
#2035 = DIRECTION('',(0.,1.,0.));
#2036 = ORIENTED_EDGE('',*,*,#2037,.T.);
#2037 = EDGE_CURVE('',#2028,#530,#2038,.T.);
#2038 = LINE('',#2039,#2040);
#2039 = CARTESIAN_POINT('',(70.5,-6.4,3.));
#2040 = VECTOR('',#2041,1.);
#2041 = DIRECTION('',(-0.,-0.,-1.));
#2042 = ORIENTED_EDGE('',*,*,#529,.T.);
#2043 = ORIENTED_EDGE('',*,*,#2044,.F.);
#2044 = EDGE_CURVE('',#2030,#532,#2045,.T.);
#2045 = B_SPLINE_CURVE_WITH_KNOTS('',2,(#2046,#2047,#2048,#2049,#2050),
  .UNSPECIFIED.,.F.,.F.,(3,1,1,3),(-6.12E-02,-2.17E-15,1.,1.0612),
  .UNSPECIFIED.);
#2046 = CARTESIAN_POINT('',(70.5,-1.7,3.0612));
#2047 = CARTESIAN_POINT('',(70.5,-1.7,3.0306));
#2048 = CARTESIAN_POINT('',(70.5,-1.7,2.5));
#2049 = CARTESIAN_POINT('',(70.5,-1.7,1.9694));
#2050 = CARTESIAN_POINT('',(70.5,-1.7,1.9388));
#2051 = PLANE('',#2052);
#2052 = AXIS2_PLACEMENT_3D('',#2053,#2054,#2055);
#2053 = CARTESIAN_POINT('',(70.5,-7.9,3.));
#2054 = DIRECTION('',(1.,0.,0.));
#2055 = DIRECTION('',(0.,1.,0.));
#2056 = ADVANCED_FACE('',(#2057),#2100,.T.);
#2057 = FACE_BOUND('',#2058,.T.);
#2058 = EDGE_LOOP('',(#2059,#2090,#2098,#2099));
#2059 = ORIENTED_EDGE('',*,*,#2060,.T.);
#2060 = EDGE_CURVE('',#2030,#2061,#2063,.T.);
#2061 = VERTEX_POINT('',#2062);
#2062 = CARTESIAN_POINT('',(69.7,-0.9,3.));
#2063 = B_SPLINE_CURVE_WITH_KNOTS('',5,(#2064,#2065,#2066,#2067,#2068,
    #2069,#2070,#2071,#2072,#2073,#2074,#2075,#2076,#2077,#2078,#2079,
    #2080,#2081,#2082,#2083,#2084,#2085,#2086,#2087,#2088,#2089),
  .UNSPECIFIED.,.F.,.F.,(6,4,4,4,4,4,6),(0.,0.148271103867,
    0.251945445779,0.5,0.748054554221,0.851728896133,1.),.UNSPECIFIED.);
#2064 = CARTESIAN_POINT('',(70.5,-1.7,3.));
#2065 = CARTESIAN_POINT('',(70.5,-1.664308012119,3.));
#2066 = CARTESIAN_POINT('',(70.498009492346,-1.628253882837,3.));
#2067 = CARTESIAN_POINT('',(70.493947758759,-1.592027847136,3.));
#2068 = CARTESIAN_POINT('',(70.487767513252,-1.55583363934,3.));
#2069 = CARTESIAN_POINT('',(70.473650501717,-1.494742602351,3.));
#2070 = CARTESIAN_POINT('',(70.466801111042,-1.469721788382,3.));
#2071 = CARTESIAN_POINT('',(70.458908171721,-1.444890629381,3.));
#2072 = CARTESIAN_POINT('',(70.449977293275,-1.420320461551,3.));
#2073 = CARTESIAN_POINT('',(70.416205819008,-1.338088812167,3.));
#2074 = CARTESIAN_POINT('',(70.386526099411,-1.28198760609,3.));
#2075 = CARTESIAN_POINT('',(70.351189647037,-1.228763119583,3.));
#2076 = CARTESIAN_POINT('',(70.31067097471,-1.179300124812,3.));
#2077 = CARTESIAN_POINT('',(70.220699875188,-1.08932902529,3.));
#2078 = CARTESIAN_POINT('',(70.171236880417,-1.048810352963,3.));
#2079 = CARTESIAN_POINT('',(70.11801239391,-1.013473900589,3.));
#2080 = CARTESIAN_POINT('',(70.061911187833,-0.983794180992,3.));
#2081 = CARTESIAN_POINT('',(69.979679538449,-0.950022706725,3.));
#2082 = CARTESIAN_POINT('',(69.955109370619,-0.941091828279,3.));
#2083 = CARTESIAN_POINT('',(69.930278211618,-0.933198888958,3.));
#2084 = CARTESIAN_POINT('',(69.905257397649,-0.926349498283,3.));
#2085 = CARTESIAN_POINT('',(69.844166360659,-0.912232486748,3.));
#2086 = CARTESIAN_POINT('',(69.807972152864,-0.906052241241,3.));
#2087 = CARTESIAN_POINT('',(69.771746117163,-0.901990507653,3.));
#2088 = CARTESIAN_POINT('',(69.735691987881,-0.9,3.));
#2089 = CARTESIAN_POINT('',(69.7,-0.9,3.));
#2090 = ORIENTED_EDGE('',*,*,#2091,.T.);
#2091 = EDGE_CURVE('',#2061,#540,#2092,.T.);
#2092 = B_SPLINE_CURVE_WITH_KNOTS('',2,(#2093,#2094,#2095,#2096,#2097),
  .UNSPECIFIED.,.F.,.F.,(3,1,1,3),(-6.12E-02,-2.17E-15,1.,1.0612),
  .UNSPECIFIED.);
#2093 = CARTESIAN_POINT('',(69.7,-0.9,3.0612));
#2094 = CARTESIAN_POINT('',(69.7,-0.9,3.0306));
#2095 = CARTESIAN_POINT('',(69.7,-0.9,2.5));
#2096 = CARTESIAN_POINT('',(69.7,-0.9,1.9694));
#2097 = CARTESIAN_POINT('',(69.7,-0.9,1.9388));
#2098 = ORIENTED_EDGE('',*,*,#539,.F.);
#2099 = ORIENTED_EDGE('',*,*,#2044,.F.);
#2100 = ( BOUNDED_SURFACE() B_SPLINE_SURFACE(2,2,(
    (#2101,#2102,#2103,#2104,#2105)
    ,(#2106,#2107,#2108,#2109,#2110)
    ,(#2111,#2112,#2113,#2114,#2115
)),.UNSPECIFIED.,.F.,.F.,.F.) B_SPLINE_SURFACE_WITH_KNOTS((3,3),(3,1,1,3
    ),(0.,1.),(-6.12E-02,-2.17E-15,1.,1.0612),.UNSPECIFIED.) 
GEOMETRIC_REPRESENTATION_ITEM() RATIONAL_B_SPLINE_SURFACE((
    (1.,1.,1.,1.,1.)
    ,(0.707106781187,0.707106781187,0.707106781187,0.707106781187
      ,0.707106781187)
,(1.,1.,1.,1.,1.))) REPRESENTATION_ITEM('') SURFACE() );
#2101 = CARTESIAN_POINT('',(70.5,-1.7,3.0612));
#2102 = CARTESIAN_POINT('',(70.5,-1.7,3.0306));
#2103 = CARTESIAN_POINT('',(70.5,-1.7,2.5));
#2104 = CARTESIAN_POINT('',(70.5,-1.7,1.9694));
#2105 = CARTESIAN_POINT('',(70.5,-1.7,1.9388));
#2106 = CARTESIAN_POINT('',(70.5,-0.9,3.0612));
#2107 = CARTESIAN_POINT('',(70.5,-0.9,3.0306));
#2108 = CARTESIAN_POINT('',(70.5,-0.9,2.5));
#2109 = CARTESIAN_POINT('',(70.5,-0.9,1.9694));
#2110 = CARTESIAN_POINT('',(70.5,-0.9,1.9388));
#2111 = CARTESIAN_POINT('',(69.7,-0.9,3.0612));
#2112 = CARTESIAN_POINT('',(69.7,-0.9,3.0306));
#2113 = CARTESIAN_POINT('',(69.7,-0.9,2.5));
#2114 = CARTESIAN_POINT('',(69.7,-0.9,1.9694));
#2115 = CARTESIAN_POINT('',(69.7,-0.9,1.9388));
#2116 = ADVANCED_FACE('',(#2117),#2136,.T.);
#2117 = FACE_BOUND('',#2118,.T.);
#2118 = EDGE_LOOP('',(#2119,#2128,#2129,#2130));
#2119 = ORIENTED_EDGE('',*,*,#2120,.T.);
#2120 = EDGE_CURVE('',#2121,#2028,#2123,.T.);
#2121 = VERTEX_POINT('',#2122);
#2122 = CARTESIAN_POINT('',(72.,-7.9,3.));
#2123 = CIRCLE('',#2124,1.5);
#2124 = AXIS2_PLACEMENT_3D('',#2125,#2126,#2127);
#2125 = CARTESIAN_POINT('',(72.,-6.4,3.));
#2126 = DIRECTION('',(0.,0.,-1.));
#2127 = DIRECTION('',(0.,1.,0.));
#2128 = ORIENTED_EDGE('',*,*,#2037,.T.);
#2129 = ORIENTED_EDGE('',*,*,#771,.F.);
#2130 = ORIENTED_EDGE('',*,*,#2131,.F.);
#2131 = EDGE_CURVE('',#2121,#764,#2132,.T.);
#2132 = LINE('',#2133,#2134);
#2133 = CARTESIAN_POINT('',(72.,-7.9,3.));
#2134 = VECTOR('',#2135,1.);
#2135 = DIRECTION('',(-0.,-0.,-1.));
#2136 = CYLINDRICAL_SURFACE('',#2137,1.5);
#2137 = AXIS2_PLACEMENT_3D('',#2138,#2139,#2140);
#2138 = CARTESIAN_POINT('',(72.,-6.4,3.));
#2139 = DIRECTION('',(-0.,-0.,-1.));
#2140 = DIRECTION('',(0.,-1.,0.));
#2141 = ADVANCED_FACE('',(#2142),#2160,.T.);
#2142 = FACE_BOUND('',#2143,.T.);
#2143 = EDGE_LOOP('',(#2144,#2145,#2146,#2154));
#2144 = ORIENTED_EDGE('',*,*,#570,.F.);
#2145 = ORIENTED_EDGE('',*,*,#2091,.F.);
#2146 = ORIENTED_EDGE('',*,*,#2147,.T.);
#2147 = EDGE_CURVE('',#2061,#2148,#2150,.T.);
#2148 = VERTEX_POINT('',#2149);
#2149 = CARTESIAN_POINT('',(7.3,-0.9,3.));
#2150 = LINE('',#2151,#2152);
#2151 = CARTESIAN_POINT('',(69.9,-0.9,3.));
#2152 = VECTOR('',#2153,1.);
#2153 = DIRECTION('',(-1.,-8.E-17,0.));
#2154 = ORIENTED_EDGE('',*,*,#2155,.T.);
#2155 = EDGE_CURVE('',#2148,#571,#2156,.T.);
#2156 = LINE('',#2157,#2158);
#2157 = CARTESIAN_POINT('',(7.3,-0.9,3.));
#2158 = VECTOR('',#2159,1.);
#2159 = DIRECTION('',(-0.,-0.,-1.));
#2160 = PLANE('',#2161);
#2161 = AXIS2_PLACEMENT_3D('',#2162,#2163,#2164);
#2162 = CARTESIAN_POINT('',(69.9,-0.9,2.));
#2163 = DIRECTION('',(8.E-17,-1.,0.));
#2164 = DIRECTION('',(-1.,-8.E-17,0.));
#2165 = ADVANCED_FACE('',(#2166),#2184,.F.);
#2166 = FACE_BOUND('',#2167,.F.);
#2167 = EDGE_LOOP('',(#2168,#2176,#2182,#2183));
#2168 = ORIENTED_EDGE('',*,*,#2169,.F.);
#2169 = EDGE_CURVE('',#2170,#2121,#2172,.T.);
#2170 = VERTEX_POINT('',#2171);
#2171 = CARTESIAN_POINT('',(72.1,-7.9,3.));
#2172 = LINE('',#2173,#2174);
#2173 = CARTESIAN_POINT('',(72.1,-7.9,3.));
#2174 = VECTOR('',#2175,1.);
#2175 = DIRECTION('',(-1.,0.,0.));
#2176 = ORIENTED_EDGE('',*,*,#2177,.T.);
#2177 = EDGE_CURVE('',#2170,#756,#2178,.T.);
#2178 = LINE('',#2179,#2180);
#2179 = CARTESIAN_POINT('',(72.1,-7.9,3.));
#2180 = VECTOR('',#2181,1.);
#2181 = DIRECTION('',(-0.,-0.,-1.));
#2182 = ORIENTED_EDGE('',*,*,#763,.T.);
#2183 = ORIENTED_EDGE('',*,*,#2131,.F.);
#2184 = PLANE('',#2185);
#2185 = AXIS2_PLACEMENT_3D('',#2186,#2187,#2188);
#2186 = CARTESIAN_POINT('',(72.1,-7.9,3.));
#2187 = DIRECTION('',(0.,1.,0.));
#2188 = DIRECTION('',(-1.,0.,0.));
#2189 = ADVANCED_FACE('',(#2190),#2209,.F.);
#2190 = FACE_BOUND('',#2191,.F.);
#2191 = EDGE_LOOP('',(#2192,#2201,#2202,#2203));
#2192 = ORIENTED_EDGE('',*,*,#2193,.T.);
#2193 = EDGE_CURVE('',#2194,#2148,#2196,.T.);
#2194 = VERTEX_POINT('',#2195);
#2195 = CARTESIAN_POINT('',(6.5,-1.7,3.));
#2196 = CIRCLE('',#2197,0.8);
#2197 = AXIS2_PLACEMENT_3D('',#2198,#2199,#2200);
#2198 = CARTESIAN_POINT('',(7.3,-1.7,3.));
#2199 = DIRECTION('',(0.,0.,-1.));
#2200 = DIRECTION('',(0.,1.,0.));
#2201 = ORIENTED_EDGE('',*,*,#2155,.T.);
#2202 = ORIENTED_EDGE('',*,*,#578,.F.);
#2203 = ORIENTED_EDGE('',*,*,#2204,.F.);
#2204 = EDGE_CURVE('',#2194,#579,#2205,.T.);
#2205 = LINE('',#2206,#2207);
#2206 = CARTESIAN_POINT('',(6.5,-1.7,3.));
#2207 = VECTOR('',#2208,1.);
#2208 = DIRECTION('',(-0.,-0.,-1.));
#2209 = CYLINDRICAL_SURFACE('',#2210,0.8);
#2210 = AXIS2_PLACEMENT_3D('',#2211,#2212,#2213);
#2211 = CARTESIAN_POINT('',(7.3,-1.7,3.));
#2212 = DIRECTION('',(-0.,-0.,-1.));
#2213 = DIRECTION('',(-1.,0.,0.));
#2214 = ADVANCED_FACE('',(#2215),#2242,.T.);
#2215 = FACE_BOUND('',#2216,.T.);
#2216 = EDGE_LOOP('',(#2217,#2225,#2226,#2227,#2235));
#2217 = ORIENTED_EDGE('',*,*,#2218,.T.);
#2218 = EDGE_CURVE('',#2219,#2170,#2221,.T.);
#2219 = VERTEX_POINT('',#2220);
#2220 = CARTESIAN_POINT('',(72.1,-9.2,3.));
#2221 = LINE('',#2222,#2223);
#2222 = CARTESIAN_POINT('',(72.1,-28.9,3.));
#2223 = VECTOR('',#2224,1.);
#2224 = DIRECTION('',(0.,1.,0.));
#2225 = ORIENTED_EDGE('',*,*,#2177,.T.);
#2226 = ORIENTED_EDGE('',*,*,#755,.F.);
#2227 = ORIENTED_EDGE('',*,*,#2228,.F.);
#2228 = EDGE_CURVE('',#2229,#748,#2231,.T.);
#2229 = VERTEX_POINT('',#2230);
#2230 = CARTESIAN_POINT('',(72.1,-10.,2.2));
#2231 = LINE('',#2232,#2233);
#2232 = CARTESIAN_POINT('',(72.1,-10.,3.));
#2233 = VECTOR('',#2234,1.);
#2234 = DIRECTION('',(-0.,-0.,-1.));
#2235 = ORIENTED_EDGE('',*,*,#2236,.T.);
#2236 = EDGE_CURVE('',#2229,#2219,#2237,.T.);
#2237 = CIRCLE('',#2238,0.8);
#2238 = AXIS2_PLACEMENT_3D('',#2239,#2240,#2241);
#2239 = CARTESIAN_POINT('',(72.1,-9.2,2.2));
#2240 = DIRECTION('',(-1.,0.,0.));
#2241 = DIRECTION('',(0.,0.,-1.));
#2242 = PLANE('',#2243);
#2243 = AXIS2_PLACEMENT_3D('',#2244,#2245,#2246);
#2244 = CARTESIAN_POINT('',(72.1,-28.9,2.));
#2245 = DIRECTION('',(-1.,0.,0.));
#2246 = DIRECTION('',(0.,1.,0.));
#2247 = ADVANCED_FACE('',(#2248),#2266,.F.);
#2248 = FACE_BOUND('',#2249,.F.);
#2249 = EDGE_LOOP('',(#2250,#2258,#2259,#2260));
#2250 = ORIENTED_EDGE('',*,*,#2251,.F.);
#2251 = EDGE_CURVE('',#2194,#2252,#2254,.T.);
#2252 = VERTEX_POINT('',#2253);
#2253 = CARTESIAN_POINT('',(6.5,-5.7,3.));
#2254 = LINE('',#2255,#2256);
#2255 = CARTESIAN_POINT('',(6.5,-0.9,3.));
#2256 = VECTOR('',#2257,1.);
#2257 = DIRECTION('',(0.,-1.,0.));
#2258 = ORIENTED_EDGE('',*,*,#2204,.T.);
#2259 = ORIENTED_EDGE('',*,*,#587,.T.);
#2260 = ORIENTED_EDGE('',*,*,#2261,.F.);
#2261 = EDGE_CURVE('',#2252,#588,#2262,.T.);
#2262 = LINE('',#2263,#2264);
#2263 = CARTESIAN_POINT('',(6.5,-5.7,3.));
#2264 = VECTOR('',#2265,1.);
#2265 = DIRECTION('',(-0.,-0.,-1.));
#2266 = PLANE('',#2267);
#2267 = AXIS2_PLACEMENT_3D('',#2268,#2269,#2270);
#2268 = CARTESIAN_POINT('',(6.5,-0.9,3.));
#2269 = DIRECTION('',(-1.,0.,0.));
#2270 = DIRECTION('',(0.,-1.,0.));
#2271 = ADVANCED_FACE('',(#2272),#2290,.F.);
#2272 = FACE_BOUND('',#2273,.F.);
#2273 = EDGE_LOOP('',(#2274,#2282,#2283,#2284));
#2274 = ORIENTED_EDGE('',*,*,#2275,.T.);
#2275 = EDGE_CURVE('',#2276,#740,#2278,.T.);
#2276 = VERTEX_POINT('',#2277);
#2277 = CARTESIAN_POINT('',(72.9,-10.,2.2));
#2278 = LINE('',#2279,#2280);
#2279 = CARTESIAN_POINT('',(72.9,-10.,3.));
#2280 = VECTOR('',#2281,1.);
#2281 = DIRECTION('',(-0.,-0.,-1.));
#2282 = ORIENTED_EDGE('',*,*,#747,.T.);
#2283 = ORIENTED_EDGE('',*,*,#2228,.F.);
#2284 = ORIENTED_EDGE('',*,*,#2285,.F.);
#2285 = EDGE_CURVE('',#2276,#2229,#2286,.T.);
#2286 = LINE('',#2287,#2288);
#2287 = CARTESIAN_POINT('',(72.9,-10.,2.2));
#2288 = VECTOR('',#2289,1.);
#2289 = DIRECTION('',(-1.,0.,0.));
#2290 = PLANE('',#2291);
#2291 = AXIS2_PLACEMENT_3D('',#2292,#2293,#2294);
#2292 = CARTESIAN_POINT('',(72.9,-10.,3.));
#2293 = DIRECTION('',(0.,1.,0.));
#2294 = DIRECTION('',(-1.,0.,0.));
#2295 = ADVANCED_FACE('',(#2296),#2315,.T.);
#2296 = FACE_BOUND('',#2297,.F.);
#2297 = EDGE_LOOP('',(#2298,#2307,#2308,#2309));
#2298 = ORIENTED_EDGE('',*,*,#2299,.T.);
#2299 = EDGE_CURVE('',#2300,#2252,#2302,.T.);
#2300 = VERTEX_POINT('',#2301);
#2301 = CARTESIAN_POINT('',(4.3,-7.9,3.));
#2302 = CIRCLE('',#2303,2.2);
#2303 = AXIS2_PLACEMENT_3D('',#2304,#2305,#2306);
#2304 = CARTESIAN_POINT('',(4.3,-5.7,3.));
#2305 = DIRECTION('',(0.,-0.,1.));
#2306 = DIRECTION('',(0.,1.,0.));
#2307 = ORIENTED_EDGE('',*,*,#2261,.T.);
#2308 = ORIENTED_EDGE('',*,*,#595,.F.);
#2309 = ORIENTED_EDGE('',*,*,#2310,.F.);
#2310 = EDGE_CURVE('',#2300,#596,#2311,.T.);
#2311 = LINE('',#2312,#2313);
#2312 = CARTESIAN_POINT('',(4.3,-7.9,3.));
#2313 = VECTOR('',#2314,1.);
#2314 = DIRECTION('',(-0.,-0.,-1.));
#2315 = CYLINDRICAL_SURFACE('',#2316,2.2);
#2316 = AXIS2_PLACEMENT_3D('',#2317,#2318,#2319);
#2317 = CARTESIAN_POINT('',(4.3,-5.7,3.));
#2318 = DIRECTION('',(-0.,-0.,-1.));
#2319 = DIRECTION('',(0.,-1.,0.));
#2320 = ADVANCED_FACE('',(#2321),#2348,.F.);
#2321 = FACE_BOUND('',#2322,.F.);
#2322 = EDGE_LOOP('',(#2323,#2333,#2339,#2340,#2341));
#2323 = ORIENTED_EDGE('',*,*,#2324,.T.);
#2324 = EDGE_CURVE('',#2325,#2327,#2329,.T.);
#2325 = VERTEX_POINT('',#2326);
#2326 = CARTESIAN_POINT('',(72.9,-9.2,3.));
#2327 = VERTEX_POINT('',#2328);
#2328 = CARTESIAN_POINT('',(72.9,-7.1,3.));
#2329 = LINE('',#2330,#2331);
#2330 = CARTESIAN_POINT('',(72.9,-28.9,3.));
#2331 = VECTOR('',#2332,1.);
#2332 = DIRECTION('',(0.,1.,0.));
#2333 = ORIENTED_EDGE('',*,*,#2334,.T.);
#2334 = EDGE_CURVE('',#2327,#732,#2335,.T.);
#2335 = LINE('',#2336,#2337);
#2336 = CARTESIAN_POINT('',(72.9,-7.1,3.));
#2337 = VECTOR('',#2338,1.);
#2338 = DIRECTION('',(-0.,-0.,-1.));
#2339 = ORIENTED_EDGE('',*,*,#739,.F.);
#2340 = ORIENTED_EDGE('',*,*,#2275,.F.);
#2341 = ORIENTED_EDGE('',*,*,#2342,.T.);
#2342 = EDGE_CURVE('',#2276,#2325,#2343,.T.);
#2343 = CIRCLE('',#2344,0.8);
#2344 = AXIS2_PLACEMENT_3D('',#2345,#2346,#2347);
#2345 = CARTESIAN_POINT('',(72.9,-9.2,2.2));
#2346 = DIRECTION('',(-1.,0.,0.));
#2347 = DIRECTION('',(0.,0.,-1.));
#2348 = PLANE('',#2349);
#2349 = AXIS2_PLACEMENT_3D('',#2350,#2351,#2352);
#2350 = CARTESIAN_POINT('',(72.9,-28.9,2.));
#2351 = DIRECTION('',(-1.,0.,0.));
#2352 = DIRECTION('',(0.,1.,0.));
#2353 = ADVANCED_FACE('',(#2354),#2372,.F.);
#2354 = FACE_BOUND('',#2355,.F.);
#2355 = EDGE_LOOP('',(#2356,#2364,#2365,#2366));
#2356 = ORIENTED_EDGE('',*,*,#2357,.F.);
#2357 = EDGE_CURVE('',#2300,#2358,#2360,.T.);
#2358 = VERTEX_POINT('',#2359);
#2359 = CARTESIAN_POINT('',(3.1,-7.9,3.));
#2360 = LINE('',#2361,#2362);
#2361 = CARTESIAN_POINT('',(6.5,-7.9,3.));
#2362 = VECTOR('',#2363,1.);
#2363 = DIRECTION('',(-1.,0.,0.));
#2364 = ORIENTED_EDGE('',*,*,#2310,.T.);
#2365 = ORIENTED_EDGE('',*,*,#604,.T.);
#2366 = ORIENTED_EDGE('',*,*,#2367,.F.);
#2367 = EDGE_CURVE('',#2358,#605,#2368,.T.);
#2368 = LINE('',#2369,#2370);
#2369 = CARTESIAN_POINT('',(3.1,-7.9,3.));
#2370 = VECTOR('',#2371,1.);
#2371 = DIRECTION('',(-0.,-0.,-1.));
#2372 = PLANE('',#2373);
#2373 = AXIS2_PLACEMENT_3D('',#2374,#2375,#2376);
#2374 = CARTESIAN_POINT('',(6.5,-7.9,3.));
#2375 = DIRECTION('',(0.,1.,0.));
#2376 = DIRECTION('',(-1.,0.,0.));
#2377 = ADVANCED_FACE('',(#2378),#2396,.T.);
#2378 = FACE_BOUND('',#2379,.T.);
#2379 = EDGE_LOOP('',(#2380,#2381,#2389,#2395));
#2380 = ORIENTED_EDGE('',*,*,#731,.F.);
#2381 = ORIENTED_EDGE('',*,*,#2382,.F.);
#2382 = EDGE_CURVE('',#2383,#723,#2385,.T.);
#2383 = VERTEX_POINT('',#2384);
#2384 = CARTESIAN_POINT('',(72.3,-7.1,3.));
#2385 = LINE('',#2386,#2387);
#2386 = CARTESIAN_POINT('',(72.3,-7.1,3.));
#2387 = VECTOR('',#2388,1.);
#2388 = DIRECTION('',(-0.,-0.,-1.));
#2389 = ORIENTED_EDGE('',*,*,#2390,.T.);
#2390 = EDGE_CURVE('',#2383,#2327,#2391,.T.);
#2391 = LINE('',#2392,#2393);
#2392 = CARTESIAN_POINT('',(71.3,-7.1,3.));
#2393 = VECTOR('',#2394,1.);
#2394 = DIRECTION('',(1.,0.,0.));
#2395 = ORIENTED_EDGE('',*,*,#2334,.T.);
#2396 = PLANE('',#2397);
#2397 = AXIS2_PLACEMENT_3D('',#2398,#2399,#2400);
#2398 = CARTESIAN_POINT('',(72.1,-7.1,2.5));
#2399 = DIRECTION('',(-4.829E-14,1.,0.));
#2400 = DIRECTION('',(1.,4.829E-14,0.));
#2401 = ADVANCED_FACE('',(#2402),#2421,.F.);
#2402 = FACE_BOUND('',#2403,.F.);
#2403 = EDGE_LOOP('',(#2404,#2413,#2414,#2415));
#2404 = ORIENTED_EDGE('',*,*,#2405,.T.);
#2405 = EDGE_CURVE('',#2406,#2358,#2408,.T.);
#2406 = VERTEX_POINT('',#2407);
#2407 = CARTESIAN_POINT('',(1.9,-9.1,3.));
#2408 = CIRCLE('',#2409,1.2);
#2409 = AXIS2_PLACEMENT_3D('',#2410,#2411,#2412);
#2410 = CARTESIAN_POINT('',(3.1,-9.1,3.));
#2411 = DIRECTION('',(0.,0.,-1.));
#2412 = DIRECTION('',(0.,1.,0.));
#2413 = ORIENTED_EDGE('',*,*,#2367,.T.);
#2414 = ORIENTED_EDGE('',*,*,#612,.F.);
#2415 = ORIENTED_EDGE('',*,*,#2416,.F.);
#2416 = EDGE_CURVE('',#2406,#613,#2417,.T.);
#2417 = LINE('',#2418,#2419);
#2418 = CARTESIAN_POINT('',(1.9,-9.1,3.));
#2419 = VECTOR('',#2420,1.);
#2420 = DIRECTION('',(-0.,-0.,-1.));
#2421 = CYLINDRICAL_SURFACE('',#2422,1.2);
#2422 = AXIS2_PLACEMENT_3D('',#2423,#2424,#2425);
#2423 = CARTESIAN_POINT('',(3.1,-9.1,3.));
#2424 = DIRECTION('',(-0.,-0.,-1.));
#2425 = DIRECTION('',(-1.,0.,0.));
#2426 = ADVANCED_FACE('',(#2427),#2446,.F.);
#2427 = FACE_BOUND('',#2428,.F.);
#2428 = EDGE_LOOP('',(#2429,#2438,#2444,#2445));
#2429 = ORIENTED_EDGE('',*,*,#2430,.T.);
#2430 = EDGE_CURVE('',#2383,#2431,#2433,.T.);
#2431 = VERTEX_POINT('',#2432);
#2432 = CARTESIAN_POINT('',(71.3,-6.1,3.));
#2433 = CIRCLE('',#2434,1.);
#2434 = AXIS2_PLACEMENT_3D('',#2435,#2436,#2437);
#2435 = CARTESIAN_POINT('',(72.3,-6.1,3.));
#2436 = DIRECTION('',(0.,0.,-1.));
#2437 = DIRECTION('',(0.,1.,0.));
#2438 = ORIENTED_EDGE('',*,*,#2439,.T.);
#2439 = EDGE_CURVE('',#2431,#715,#2440,.T.);
#2440 = LINE('',#2441,#2442);
#2441 = CARTESIAN_POINT('',(71.3,-6.1,3.));
#2442 = VECTOR('',#2443,1.);
#2443 = DIRECTION('',(-0.,-0.,-1.));
#2444 = ORIENTED_EDGE('',*,*,#722,.F.);
#2445 = ORIENTED_EDGE('',*,*,#2382,.F.);
#2446 = CYLINDRICAL_SURFACE('',#2447,1.);
#2447 = AXIS2_PLACEMENT_3D('',#2448,#2449,#2450);
#2448 = CARTESIAN_POINT('',(72.3,-6.1,3.));
#2449 = DIRECTION('',(-0.,-0.,-1.));
#2450 = DIRECTION('',(4.829E-14,-1.,0.));
#2451 = ADVANCED_FACE('',(#2452),#2479,.T.);
#2452 = FACE_BOUND('',#2453,.T.);
#2453 = EDGE_LOOP('',(#2454,#2462,#2463,#2464,#2472));
#2454 = ORIENTED_EDGE('',*,*,#2455,.T.);
#2455 = EDGE_CURVE('',#2456,#622,#2458,.T.);
#2456 = VERTEX_POINT('',#2457);
#2457 = CARTESIAN_POINT('',(1.9,-10.,2.2));
#2458 = LINE('',#2459,#2460);
#2459 = CARTESIAN_POINT('',(1.9,-10.,3.));
#2460 = VECTOR('',#2461,1.);
#2461 = DIRECTION('',(-0.,-0.,-1.));
#2462 = ORIENTED_EDGE('',*,*,#621,.F.);
#2463 = ORIENTED_EDGE('',*,*,#2416,.F.);
#2464 = ORIENTED_EDGE('',*,*,#2465,.T.);
#2465 = EDGE_CURVE('',#2406,#2466,#2468,.T.);
#2466 = VERTEX_POINT('',#2467);
#2467 = CARTESIAN_POINT('',(1.9,-9.2,3.));
#2468 = LINE('',#2469,#2470);
#2469 = CARTESIAN_POINT('',(1.9,-3.1,3.));
#2470 = VECTOR('',#2471,1.);
#2471 = DIRECTION('',(0.,-1.,0.));
#2472 = ORIENTED_EDGE('',*,*,#2473,.T.);
#2473 = EDGE_CURVE('',#2466,#2456,#2474,.T.);
#2474 = CIRCLE('',#2475,0.8);
#2475 = AXIS2_PLACEMENT_3D('',#2476,#2477,#2478);
#2476 = CARTESIAN_POINT('',(1.9,-9.2,2.2));
#2477 = DIRECTION('',(1.,-0.,0.));
#2478 = DIRECTION('',(0.,0.,-1.));
#2479 = PLANE('',#2480);
#2480 = AXIS2_PLACEMENT_3D('',#2481,#2482,#2483);
#2481 = CARTESIAN_POINT('',(1.9,-3.1,2.));
#2482 = DIRECTION('',(1.,0.,0.));
#2483 = DIRECTION('',(0.,-1.,0.));
#2484 = ADVANCED_FACE('',(#2485),#2503,.T.);
#2485 = FACE_BOUND('',#2486,.T.);
#2486 = EDGE_LOOP('',(#2487,#2488,#2496,#2502));
#2487 = ORIENTED_EDGE('',*,*,#714,.F.);
#2488 = ORIENTED_EDGE('',*,*,#2489,.F.);
#2489 = EDGE_CURVE('',#2490,#706,#2492,.T.);
#2490 = VERTEX_POINT('',#2491);
#2491 = CARTESIAN_POINT('',(71.3,-1.4900310562,3.));
#2492 = LINE('',#2493,#2494);
#2493 = CARTESIAN_POINT('',(71.3,-1.4900310562,3.));
#2494 = VECTOR('',#2495,1.);
#2495 = DIRECTION('',(-0.,-0.,-1.));
#2496 = ORIENTED_EDGE('',*,*,#2497,.T.);
#2497 = EDGE_CURVE('',#2490,#2431,#2498,.T.);
#2498 = LINE('',#2499,#2500);
#2499 = CARTESIAN_POINT('',(71.3,-0.1,3.));
#2500 = VECTOR('',#2501,1.);
#2501 = DIRECTION('',(0.,-1.,0.));
#2502 = ORIENTED_EDGE('',*,*,#2439,.T.);
#2503 = PLANE('',#2504);
#2504 = AXIS2_PLACEMENT_3D('',#2505,#2506,#2507);
#2505 = CARTESIAN_POINT('',(71.3,-3.773350083858,2.5));
#2506 = DIRECTION('',(1.,-3.75E-15,0.));
#2507 = DIRECTION('',(3.75E-15,1.,0.));
#2508 = ADVANCED_FACE('',(#2509),#2527,.F.);
#2509 = FACE_BOUND('',#2510,.F.);
#2510 = EDGE_LOOP('',(#2511,#2512,#2513,#2521));
#2511 = ORIENTED_EDGE('',*,*,#2455,.T.);
#2512 = ORIENTED_EDGE('',*,*,#629,.T.);
#2513 = ORIENTED_EDGE('',*,*,#2514,.F.);
#2514 = EDGE_CURVE('',#2515,#630,#2517,.T.);
#2515 = VERTEX_POINT('',#2516);
#2516 = CARTESIAN_POINT('',(1.1,-10.,2.2));
#2517 = LINE('',#2518,#2519);
#2518 = CARTESIAN_POINT('',(1.1,-10.,3.));
#2519 = VECTOR('',#2520,1.);
#2520 = DIRECTION('',(-0.,-0.,-1.));
#2521 = ORIENTED_EDGE('',*,*,#2522,.F.);
#2522 = EDGE_CURVE('',#2456,#2515,#2523,.T.);
#2523 = LINE('',#2524,#2525);
#2524 = CARTESIAN_POINT('',(1.9,-10.,2.2));
#2525 = VECTOR('',#2526,1.);
#2526 = DIRECTION('',(-1.,0.,0.));
#2527 = PLANE('',#2528);
#2528 = AXIS2_PLACEMENT_3D('',#2529,#2530,#2531);
#2529 = CARTESIAN_POINT('',(1.9,-10.,3.));
#2530 = DIRECTION('',(0.,1.,0.));
#2531 = DIRECTION('',(-1.,0.,0.));
#2532 = ADVANCED_FACE('',(#2533),#2552,.T.);
#2533 = FACE_BOUND('',#2534,.T.);
#2534 = EDGE_LOOP('',(#2535,#2544,#2545,#2546));
#2535 = ORIENTED_EDGE('',*,*,#2536,.T.);
#2536 = EDGE_CURVE('',#2537,#2490,#2539,.T.);
#2537 = VERTEX_POINT('',#2538);
#2538 = CARTESIAN_POINT('',(69.918633540373,-0.100057868696,3.));
#2539 = CIRCLE('',#2540,1.39);
#2540 = AXIS2_PLACEMENT_3D('',#2541,#2542,#2543);
#2541 = CARTESIAN_POINT('',(69.91,-1.4900310562,3.));
#2542 = DIRECTION('',(0.,0.,-1.));
#2543 = DIRECTION('',(0.,1.,0.));
#2544 = ORIENTED_EDGE('',*,*,#2489,.T.);
#2545 = ORIENTED_EDGE('',*,*,#705,.F.);
#2546 = ORIENTED_EDGE('',*,*,#2547,.F.);
#2547 = EDGE_CURVE('',#2537,#697,#2548,.T.);
#2548 = LINE('',#2549,#2550);
#2549 = CARTESIAN_POINT('',(69.918633540373,-0.100057868696,3.));
#2550 = VECTOR('',#2551,1.);
#2551 = DIRECTION('',(-0.,-0.,-1.));
#2552 = CYLINDRICAL_SURFACE('',#2553,1.39);
#2553 = AXIS2_PLACEMENT_3D('',#2554,#2555,#2556);
#2554 = CARTESIAN_POINT('',(69.91,-1.4900310562,3.));
#2555 = DIRECTION('',(-0.,-0.,-1.));
#2556 = DIRECTION('',(6.211180124213E-03,0.999980710435,0.));
#2557 = ADVANCED_FACE('',(#2558),#2585,.F.);
#2558 = FACE_BOUND('',#2559,.F.);
#2559 = EDGE_LOOP('',(#2560,#2561,#2562,#2570,#2578));
#2560 = ORIENTED_EDGE('',*,*,#2514,.T.);
#2561 = ORIENTED_EDGE('',*,*,#637,.F.);
#2562 = ORIENTED_EDGE('',*,*,#2563,.F.);
#2563 = EDGE_CURVE('',#2564,#638,#2566,.T.);
#2564 = VERTEX_POINT('',#2565);
#2565 = CARTESIAN_POINT('',(1.1,-9.1,3.));
#2566 = LINE('',#2567,#2568);
#2567 = CARTESIAN_POINT('',(1.1,-9.1,3.));
#2568 = VECTOR('',#2569,1.);
#2569 = DIRECTION('',(-0.,-0.,-1.));
#2570 = ORIENTED_EDGE('',*,*,#2571,.T.);
#2571 = EDGE_CURVE('',#2564,#2572,#2574,.T.);
#2572 = VERTEX_POINT('',#2573);
#2573 = CARTESIAN_POINT('',(1.1,-9.2,3.));
#2574 = LINE('',#2575,#2576);
#2575 = CARTESIAN_POINT('',(1.1,-3.1,3.));
#2576 = VECTOR('',#2577,1.);
#2577 = DIRECTION('',(0.,-1.,0.));
#2578 = ORIENTED_EDGE('',*,*,#2579,.T.);
#2579 = EDGE_CURVE('',#2572,#2515,#2580,.T.);
#2580 = CIRCLE('',#2581,0.8);
#2581 = AXIS2_PLACEMENT_3D('',#2582,#2583,#2584);
#2582 = CARTESIAN_POINT('',(1.1,-9.2,2.2));
#2583 = DIRECTION('',(1.,-0.,0.));
#2584 = DIRECTION('',(0.,0.,-1.));
#2585 = PLANE('',#2586);
#2586 = AXIS2_PLACEMENT_3D('',#2587,#2588,#2589);
#2587 = CARTESIAN_POINT('',(1.1,-3.1,2.));
#2588 = DIRECTION('',(1.,0.,0.));
#2589 = DIRECTION('',(0.,-1.,0.));
#2590 = ADVANCED_FACE('',(#2591),#2610,.T.);
#2591 = FACE_BOUND('',#2592,.F.);
#2592 = EDGE_LOOP('',(#2593,#2594,#2595,#2604));
#2593 = ORIENTED_EDGE('',*,*,#696,.F.);
#2594 = ORIENTED_EDGE('',*,*,#2547,.F.);
#2595 = ORIENTED_EDGE('',*,*,#2596,.T.);
#2596 = EDGE_CURVE('',#2537,#2597,#2599,.T.);
#2597 = VERTEX_POINT('',#2598);
#2598 = CARTESIAN_POINT('',(69.9,-0.1,3.));
#2599 = CIRCLE('',#2600,3.);
#2600 = AXIS2_PLACEMENT_3D('',#2601,#2602,#2603);
#2601 = CARTESIAN_POINT('',(69.9,-3.1,3.));
#2602 = DIRECTION('',(0.,0.,1.));
#2603 = DIRECTION('',(1.,0.,0.));
#2604 = ORIENTED_EDGE('',*,*,#2605,.F.);
#2605 = EDGE_CURVE('',#689,#2597,#2606,.T.);
#2606 = LINE('',#2607,#2608);
#2607 = CARTESIAN_POINT('',(69.9,-0.1,2.));
#2608 = VECTOR('',#2609,1.);
#2609 = DIRECTION('',(0.,0.,1.));
#2610 = CYLINDRICAL_SURFACE('',#2611,3.);
#2611 = AXIS2_PLACEMENT_3D('',#2612,#2613,#2614);
#2612 = CARTESIAN_POINT('',(69.9,-3.1,2.));
#2613 = DIRECTION('',(-0.,-0.,-1.));
#2614 = DIRECTION('',(1.,0.,0.));
#2615 = ADVANCED_FACE('',(#2616),#2635,.T.);
#2616 = FACE_BOUND('',#2617,.T.);
#2617 = EDGE_LOOP('',(#2618,#2627,#2633,#2634));
#2618 = ORIENTED_EDGE('',*,*,#2619,.T.);
#2619 = EDGE_CURVE('',#2564,#2620,#2622,.T.);
#2620 = VERTEX_POINT('',#2621);
#2621 = CARTESIAN_POINT('',(3.1,-7.1,3.));
#2622 = CIRCLE('',#2623,2.);
#2623 = AXIS2_PLACEMENT_3D('',#2624,#2625,#2626);
#2624 = CARTESIAN_POINT('',(3.1,-9.1,3.));
#2625 = DIRECTION('',(0.,0.,-1.));
#2626 = DIRECTION('',(0.,1.,0.));
#2627 = ORIENTED_EDGE('',*,*,#2628,.T.);
#2628 = EDGE_CURVE('',#2620,#646,#2629,.T.);
#2629 = LINE('',#2630,#2631);
#2630 = CARTESIAN_POINT('',(3.1,-7.1,3.));
#2631 = VECTOR('',#2632,1.);
#2632 = DIRECTION('',(-0.,-0.,-1.));
#2633 = ORIENTED_EDGE('',*,*,#645,.F.);
#2634 = ORIENTED_EDGE('',*,*,#2563,.F.);
#2635 = CYLINDRICAL_SURFACE('',#2636,2.);
#2636 = AXIS2_PLACEMENT_3D('',#2637,#2638,#2639);
#2637 = CARTESIAN_POINT('',(3.1,-9.1,3.));
#2638 = DIRECTION('',(-0.,-0.,-1.));
#2639 = DIRECTION('',(-1.,0.,0.));
#2640 = ADVANCED_FACE('',(#2641),#2659,.F.);
#2641 = FACE_BOUND('',#2642,.F.);
#2642 = EDGE_LOOP('',(#2643,#2644,#2645,#2653));
#2643 = ORIENTED_EDGE('',*,*,#688,.F.);
#2644 = ORIENTED_EDGE('',*,*,#2605,.T.);
#2645 = ORIENTED_EDGE('',*,*,#2646,.T.);
#2646 = EDGE_CURVE('',#2597,#2647,#2649,.T.);
#2647 = VERTEX_POINT('',#2648);
#2648 = CARTESIAN_POINT('',(7.1,-0.1,3.));
#2649 = LINE('',#2650,#2651);
#2650 = CARTESIAN_POINT('',(69.9,-0.1,3.));
#2651 = VECTOR('',#2652,1.);
#2652 = DIRECTION('',(-1.,0.,0.));
#2653 = ORIENTED_EDGE('',*,*,#2654,.T.);
#2654 = EDGE_CURVE('',#2647,#680,#2655,.T.);
#2655 = LINE('',#2656,#2657);
#2656 = CARTESIAN_POINT('',(7.1,-0.1,3.));
#2657 = VECTOR('',#2658,1.);
#2658 = DIRECTION('',(-0.,-0.,-1.));
#2659 = PLANE('',#2660);
#2660 = AXIS2_PLACEMENT_3D('',#2661,#2662,#2663);
#2661 = CARTESIAN_POINT('',(69.9,-0.1,2.));
#2662 = DIRECTION('',(0.,-1.,0.));
#2663 = DIRECTION('',(-1.,0.,0.));
#2664 = ADVANCED_FACE('',(#2665),#2683,.T.);
#2665 = FACE_BOUND('',#2666,.T.);
#2666 = EDGE_LOOP('',(#2667,#2668,#2669,#2677));
#2667 = ORIENTED_EDGE('',*,*,#654,.F.);
#2668 = ORIENTED_EDGE('',*,*,#2628,.F.);
#2669 = ORIENTED_EDGE('',*,*,#2670,.T.);
#2670 = EDGE_CURVE('',#2620,#2671,#2673,.T.);
#2671 = VERTEX_POINT('',#2672);
#2672 = CARTESIAN_POINT('',(4.3,-7.1,3.));
#2673 = LINE('',#2674,#2675);
#2674 = CARTESIAN_POINT('',(1.1,-7.1,3.));
#2675 = VECTOR('',#2676,1.);
#2676 = DIRECTION('',(1.,0.,0.));
#2677 = ORIENTED_EDGE('',*,*,#2678,.T.);
#2678 = EDGE_CURVE('',#2671,#655,#2679,.T.);
#2679 = LINE('',#2680,#2681);
#2680 = CARTESIAN_POINT('',(4.3,-7.1,3.));
#2681 = VECTOR('',#2682,1.);
#2682 = DIRECTION('',(-0.,-0.,-1.));
#2683 = PLANE('',#2684);
#2684 = AXIS2_PLACEMENT_3D('',#2685,#2686,#2687);
#2685 = CARTESIAN_POINT('',(3.4,-7.1,2.5));
#2686 = DIRECTION('',(0.,1.,0.));
#2687 = DIRECTION('',(0.,0.,1.));
#2688 = ADVANCED_FACE('',(#2689),#2708,.T.);
#2689 = FACE_BOUND('',#2690,.F.);
#2690 = EDGE_LOOP('',(#2691,#2700,#2706,#2707));
#2691 = ORIENTED_EDGE('',*,*,#2692,.T.);
#2692 = EDGE_CURVE('',#2647,#2693,#2695,.T.);
#2693 = VERTEX_POINT('',#2694);
#2694 = CARTESIAN_POINT('',(5.7,-1.5,3.));
#2695 = CIRCLE('',#2696,1.4);
#2696 = AXIS2_PLACEMENT_3D('',#2697,#2698,#2699);
#2697 = CARTESIAN_POINT('',(7.1,-1.5,3.));
#2698 = DIRECTION('',(0.,-0.,1.));
#2699 = DIRECTION('',(0.,1.,0.));
#2700 = ORIENTED_EDGE('',*,*,#2701,.T.);
#2701 = EDGE_CURVE('',#2693,#672,#2702,.T.);
#2702 = LINE('',#2703,#2704);
#2703 = CARTESIAN_POINT('',(5.7,-1.5,3.));
#2704 = VECTOR('',#2705,1.);
#2705 = DIRECTION('',(-0.,-0.,-1.));
#2706 = ORIENTED_EDGE('',*,*,#679,.F.);
#2707 = ORIENTED_EDGE('',*,*,#2654,.F.);
#2708 = CYLINDRICAL_SURFACE('',#2709,1.4);
#2709 = AXIS2_PLACEMENT_3D('',#2710,#2711,#2712);
#2710 = CARTESIAN_POINT('',(7.1,-1.5,3.));
#2711 = DIRECTION('',(-0.,-0.,-1.));
#2712 = DIRECTION('',(0.,1.,0.));
#2713 = ADVANCED_FACE('',(#2714),#2733,.F.);
#2714 = FACE_BOUND('',#2715,.T.);
#2715 = EDGE_LOOP('',(#2716,#2725,#2731,#2732));
#2716 = ORIENTED_EDGE('',*,*,#2717,.T.);
#2717 = EDGE_CURVE('',#2671,#2718,#2720,.T.);
#2718 = VERTEX_POINT('',#2719);
#2719 = CARTESIAN_POINT('',(5.7,-5.7,3.));
#2720 = CIRCLE('',#2721,1.4);
#2721 = AXIS2_PLACEMENT_3D('',#2722,#2723,#2724);
#2722 = CARTESIAN_POINT('',(4.3,-5.7,3.));
#2723 = DIRECTION('',(0.,-0.,1.));
#2724 = DIRECTION('',(0.,1.,0.));
#2725 = ORIENTED_EDGE('',*,*,#2726,.T.);
#2726 = EDGE_CURVE('',#2718,#663,#2727,.T.);
#2727 = LINE('',#2728,#2729);
#2728 = CARTESIAN_POINT('',(5.7,-5.7,3.));
#2729 = VECTOR('',#2730,1.);
#2730 = DIRECTION('',(-0.,-0.,-1.));
#2731 = ORIENTED_EDGE('',*,*,#662,.F.);
#2732 = ORIENTED_EDGE('',*,*,#2678,.F.);
#2733 = CYLINDRICAL_SURFACE('',#2734,1.4);
#2734 = AXIS2_PLACEMENT_3D('',#2735,#2736,#2737);
#2735 = CARTESIAN_POINT('',(4.3,-5.7,3.));
#2736 = DIRECTION('',(-0.,-0.,-1.));
#2737 = DIRECTION('',(0.,-1.,0.));
#2738 = ADVANCED_FACE('',(#2739),#2750,.T.);
#2739 = FACE_BOUND('',#2740,.T.);
#2740 = EDGE_LOOP('',(#2741,#2742,#2743,#2749));
#2741 = ORIENTED_EDGE('',*,*,#671,.F.);
#2742 = ORIENTED_EDGE('',*,*,#2726,.F.);
#2743 = ORIENTED_EDGE('',*,*,#2744,.T.);
#2744 = EDGE_CURVE('',#2718,#2693,#2745,.T.);
#2745 = LINE('',#2746,#2747);
#2746 = CARTESIAN_POINT('',(5.7,-7.1,3.));
#2747 = VECTOR('',#2748,1.);
#2748 = DIRECTION('',(0.,1.,0.));
#2749 = ORIENTED_EDGE('',*,*,#2701,.T.);
#2750 = PLANE('',#2751);
#2751 = AXIS2_PLACEMENT_3D('',#2752,#2753,#2754);
#2752 = CARTESIAN_POINT('',(5.7,-3.6,2.5));
#2753 = DIRECTION('',(-1.,-0.,-0.));
#2754 = DIRECTION('',(0.,0.,-1.));
#2755 = ADVANCED_FACE('',(#2756),#2767,.F.);
#2756 = FACE_BOUND('',#2757,.F.);
#2757 = EDGE_LOOP('',(#2758,#2764,#2765,#2766));
#2758 = ORIENTED_EDGE('',*,*,#2759,.F.);
#2759 = EDGE_CURVE('',#812,#863,#2760,.T.);
#2760 = LINE('',#2761,#2762);
#2761 = CARTESIAN_POINT('',(71.,2.,0.6));
#2762 = VECTOR('',#2763,1.);
#2763 = DIRECTION('',(-1.1E-16,-0.707106781187,-0.707106781187));
#2764 = ORIENTED_EDGE('',*,*,#821,.T.);
#2765 = ORIENTED_EDGE('',*,*,#835,.T.);
#2766 = ORIENTED_EDGE('',*,*,#862,.F.);
#2767 = PLANE('',#2768);
#2768 = AXIS2_PLACEMENT_3D('',#2769,#2770,#2771);
#2769 = CARTESIAN_POINT('',(71.,1.7,0.3));
#2770 = DIRECTION('',(-6.E-17,-0.707106781187,0.707106781187));
#2771 = DIRECTION('',(-1.,8.242640687119E-17,-2.426406871193E-18));
#2772 = ADVANCED_FACE('',(#2773),#2784,.F.);
#2773 = FACE_BOUND('',#2774,.F.);
#2774 = EDGE_LOOP('',(#2775,#2776,#2777,#2783));
#2775 = ORIENTED_EDGE('',*,*,#921,.F.);
#2776 = ORIENTED_EDGE('',*,*,#1812,.T.);
#2777 = ORIENTED_EDGE('',*,*,#2778,.T.);
#2778 = EDGE_CURVE('',#1805,#888,#2779,.T.);
#2779 = LINE('',#2780,#2781);
#2780 = CARTESIAN_POINT('',(71.,-33.7,0.3));
#2781 = VECTOR('',#2782,1.);
#2782 = DIRECTION('',(0.,0.707106781187,-0.707106781187));
#2783 = ORIENTED_EDGE('',*,*,#896,.F.);
#2784 = PLANE('',#2785);
#2785 = AXIS2_PLACEMENT_3D('',#2786,#2787,#2788);
#2786 = CARTESIAN_POINT('',(3.,-33.7,0.3));
#2787 = DIRECTION('',(0.,0.707106781187,0.707106781187));
#2788 = DIRECTION('',(1.,0.,-0.));
#2789 = ADVANCED_FACE('',(#2790),#2801,.T.);
#2790 = FACE_BOUND('',#2791,.F.);
#2791 = EDGE_LOOP('',(#2792,#2798,#2799,#2800));
#2792 = ORIENTED_EDGE('',*,*,#2793,.F.);
#2793 = EDGE_CURVE('',#1854,#871,#2794,.T.);
#2794 = LINE('',#2795,#2796);
#2795 = CARTESIAN_POINT('',(75.7,-3.,0.3));
#2796 = VECTOR('',#2797,1.);
#2797 = DIRECTION('',(-0.707106781187,0.,-0.707106781187));
#2798 = ORIENTED_EDGE('',*,*,#1878,.T.);
#2799 = ORIENTED_EDGE('',*,*,#2759,.T.);
#2800 = ORIENTED_EDGE('',*,*,#870,.F.);
#2801 = CONICAL_SURFACE('',#2802,5.,0.785398163397);
#2802 = AXIS2_PLACEMENT_3D('',#2803,#2804,#2805);
#2803 = CARTESIAN_POINT('',(71.,-3.,0.6));
#2804 = DIRECTION('',(-0.,-0.,1.));
#2805 = DIRECTION('',(1.,-9.E-17,0.));
#2806 = ADVANCED_FACE('',(#2807),#2818,.T.);
#2807 = FACE_BOUND('',#2808,.F.);
#2808 = EDGE_LOOP('',(#2809,#2810,#2811,#2817));
#2809 = ORIENTED_EDGE('',*,*,#2778,.F.);
#2810 = ORIENTED_EDGE('',*,*,#1836,.T.);
#2811 = ORIENTED_EDGE('',*,*,#2812,.T.);
#2812 = EDGE_CURVE('',#1829,#880,#2813,.T.);
#2813 = LINE('',#2814,#2815);
#2814 = CARTESIAN_POINT('',(76.,-29.,0.6));
#2815 = VECTOR('',#2816,1.);
#2816 = DIRECTION('',(-0.707106781187,4.E-17,-0.707106781187));
#2817 = ORIENTED_EDGE('',*,*,#887,.F.);
#2818 = CONICAL_SURFACE('',#2819,5.,0.785398163397);
#2819 = AXIS2_PLACEMENT_3D('',#2820,#2821,#2822);
#2820 = CARTESIAN_POINT('',(71.,-29.,0.6));
#2821 = DIRECTION('',(-0.,-0.,1.));
#2822 = DIRECTION('',(0.,-1.,0.));
#2823 = ADVANCED_FACE('',(#2824),#2830,.F.);
#2824 = FACE_BOUND('',#2825,.F.);
#2825 = EDGE_LOOP('',(#2826,#2827,#2828,#2829));
#2826 = ORIENTED_EDGE('',*,*,#2812,.F.);
#2827 = ORIENTED_EDGE('',*,*,#1861,.T.);
#2828 = ORIENTED_EDGE('',*,*,#2793,.T.);
#2829 = ORIENTED_EDGE('',*,*,#879,.F.);
#2830 = PLANE('',#2831);
#2831 = AXIS2_PLACEMENT_3D('',#2832,#2833,#2834);
#2832 = CARTESIAN_POINT('',(75.7,-29.,0.3));
#2833 = DIRECTION('',(-0.707106781187,1.E-17,0.707106781187));
#2834 = DIRECTION('',(7.071067811866E-18,1.,-7.071067811865E-18));
#2835 = ADVANCED_FACE('',(#2836),#2875,.T.);
#2836 = FACE_BOUND('',#2837,.T.);
#2837 = EDGE_LOOP('',(#2838,#2839,#2840,#2841,#2842,#2843,#2844,#2845,
    #2846,#2847,#2853,#2854,#2855,#2856,#2857,#2858,#2859,#2860,#2861,
    #2862,#2863,#2864,#2865,#2866,#2872,#2873,#2874));
#2838 = ORIENTED_EDGE('',*,*,#936,.T.);
#2839 = ORIENTED_EDGE('',*,*,#969,.T.);
#2840 = ORIENTED_EDGE('',*,*,#1063,.F.);
#2841 = ORIENTED_EDGE('',*,*,#1102,.F.);
#2842 = ORIENTED_EDGE('',*,*,#1160,.F.);
#2843 = ORIENTED_EDGE('',*,*,#1208,.T.);
#2844 = ORIENTED_EDGE('',*,*,#1266,.F.);
#2845 = ORIENTED_EDGE('',*,*,#1314,.T.);
#2846 = ORIENTED_EDGE('',*,*,#1364,.F.);
#2847 = ORIENTED_EDGE('',*,*,#2848,.F.);
#2848 = EDGE_CURVE('',#1471,#1365,#2849,.T.);
#2849 = LINE('',#2850,#2851);
#2850 = CARTESIAN_POINT('',(1.1,-22.8,3.));
#2851 = VECTOR('',#2852,1.);
#2852 = DIRECTION('',(1.,0.,0.));
#2853 = ORIENTED_EDGE('',*,*,#1470,.T.);
#2854 = ORIENTED_EDGE('',*,*,#1528,.F.);
#2855 = ORIENTED_EDGE('',*,*,#1586,.F.);
#2856 = ORIENTED_EDGE('',*,*,#1626,.T.);
#2857 = ORIENTED_EDGE('',*,*,#1653,.F.);
#2858 = ORIENTED_EDGE('',*,*,#1601,.F.);
#2859 = ORIENTED_EDGE('',*,*,#1562,.T.);
#2860 = ORIENTED_EDGE('',*,*,#1512,.T.);
#2861 = ORIENTED_EDGE('',*,*,#1445,.F.);
#2862 = ORIENTED_EDGE('',*,*,#1399,.T.);
#2863 = ORIENTED_EDGE('',*,*,#1339,.T.);
#2864 = ORIENTED_EDGE('',*,*,#1292,.F.);
#2865 = ORIENTED_EDGE('',*,*,#1243,.T.);
#2866 = ORIENTED_EDGE('',*,*,#2867,.F.);
#2867 = EDGE_CURVE('',#1138,#1244,#2868,.T.);
#2868 = LINE('',#2869,#2870);
#2869 = CARTESIAN_POINT('',(72.1,-22.8,3.));
#2870 = VECTOR('',#2871,1.);
#2871 = DIRECTION('',(1.,0.,0.));
#2872 = ORIENTED_EDGE('',*,*,#1137,.F.);
#2873 = ORIENTED_EDGE('',*,*,#1078,.T.);
#2874 = ORIENTED_EDGE('',*,*,#1029,.F.);
#2875 = PLANE('',#2876);
#2876 = AXIS2_PLACEMENT_3D('',#2877,#2878,#2879);
#2877 = CARTESIAN_POINT('',(37.106218410897,-16.,3.));
#2878 = DIRECTION('',(0.,0.,1.));
#2879 = DIRECTION('',(1.,0.,0.));
#2880 = ADVANCED_FACE('',(#2881),#2887,.T.);
#2881 = FACE_BOUND('',#2882,.F.);
#2882 = EDGE_LOOP('',(#2883,#2884,#2885,#2886));
#2883 = ORIENTED_EDGE('',*,*,#1145,.T.);
#2884 = ORIENTED_EDGE('',*,*,#1194,.T.);
#2885 = ORIENTED_EDGE('',*,*,#1251,.F.);
#2886 = ORIENTED_EDGE('',*,*,#2867,.F.);
#2887 = CYLINDRICAL_SURFACE('',#2888,0.8);
#2888 = AXIS2_PLACEMENT_3D('',#2889,#2890,#2891);
#2889 = CARTESIAN_POINT('',(72.1,-22.8,2.2));
#2890 = DIRECTION('',(1.,0.,0.));
#2891 = DIRECTION('',(0.,0.,1.));
#2892 = ADVANCED_FACE('',(#2893),#2899,.T.);
#2893 = FACE_BOUND('',#2894,.F.);
#2894 = EDGE_LOOP('',(#2895,#2896,#2897,#2898));
#2895 = ORIENTED_EDGE('',*,*,#1488,.T.);
#2896 = ORIENTED_EDGE('',*,*,#1431,.T.);
#2897 = ORIENTED_EDGE('',*,*,#1382,.F.);
#2898 = ORIENTED_EDGE('',*,*,#2848,.F.);
#2899 = CYLINDRICAL_SURFACE('',#2900,0.8);
#2900 = AXIS2_PLACEMENT_3D('',#2901,#2902,#2903);
#2901 = CARTESIAN_POINT('',(1.1,-22.8,2.2));
#2902 = DIRECTION('',(1.,0.,0.));
#2903 = DIRECTION('',(0.,0.,1.));
#2904 = ADVANCED_FACE('',(#2905),#2916,.T.);
#2905 = FACE_BOUND('',#2906,.T.);
#2906 = EDGE_LOOP('',(#2907,#2908,#2914,#2915));
#2907 = ORIENTED_EDGE('',*,*,#1668,.F.);
#2908 = ORIENTED_EDGE('',*,*,#2909,.T.);
#2909 = EDGE_CURVE('',#1669,#1767,#2910,.T.);
#2910 = LINE('',#2911,#2912);
#2911 = CARTESIAN_POINT('',(72.100000000001,-21.,4.999999999993));
#2912 = VECTOR('',#2913,1.);
#2913 = DIRECTION('',(0.,1.,-2.2E-16));
#2914 = ORIENTED_EDGE('',*,*,#1766,.F.);
#2915 = ORIENTED_EDGE('',*,*,#1728,.F.);
#2916 = PLANE('',#2917);
#2917 = AXIS2_PLACEMENT_3D('',#2918,#2919,#2920);
#2918 = CARTESIAN_POINT('',(72.100000000001,-16.,3.499999999996));
#2919 = DIRECTION('',(-1.,0.,3.1291E-13));
#2920 = DIRECTION('',(-3.1291E-13,0.,-1.));
#2921 = ADVANCED_FACE('',(#2922),#2933,.T.);
#2922 = FACE_BOUND('',#2923,.T.);
#2923 = EDGE_LOOP('',(#2924,#2930,#2931,#2932));
#2924 = ORIENTED_EDGE('',*,*,#2925,.T.);
#2925 = EDGE_CURVE('',#1695,#1775,#2926,.T.);
#2926 = LINE('',#2927,#2928);
#2927 = CARTESIAN_POINT('',(72.899999999987,-21.,4.599999999993));
#2928 = VECTOR('',#2929,1.);
#2929 = DIRECTION('',(0.,1.,-2.2E-16));
#2930 = ORIENTED_EDGE('',*,*,#1774,.T.);
#2931 = ORIENTED_EDGE('',*,*,#2909,.F.);
#2932 = ORIENTED_EDGE('',*,*,#1703,.F.);
#2933 = CYLINDRICAL_SURFACE('',#2934,0.8);
#2934 = AXIS2_PLACEMENT_3D('',#2935,#2936,#2937);
#2935 = CARTESIAN_POINT('',(72.203352060489,-21.,4.206704121021));
#2936 = DIRECTION('',(0.,-1.,2.2E-16));
#2937 = DIRECTION('',(1.,0.,0.));
#2938 = ADVANCED_FACE('',(#2939),#2945,.T.);
#2939 = FACE_BOUND('',#2940,.T.);
#2940 = EDGE_LOOP('',(#2941,#2942,#2943,#2944));
#2941 = ORIENTED_EDGE('',*,*,#1744,.T.);
#2942 = ORIENTED_EDGE('',*,*,#1783,.T.);
#2943 = ORIENTED_EDGE('',*,*,#2925,.F.);
#2944 = ORIENTED_EDGE('',*,*,#1694,.F.);
#2945 = CYLINDRICAL_SURFACE('',#2946,0.8);
#2946 = AXIS2_PLACEMENT_3D('',#2947,#2948,#2949);
#2947 = CARTESIAN_POINT('',(72.9,-21.,3.8));
#2948 = DIRECTION('',(0.,-1.,2.2E-16));
#2949 = DIRECTION('',(1.,0.,0.));
#2950 = ADVANCED_FACE('',(#2951),#2962,.T.);
#2951 = FACE_BOUND('',#2952,.T.);
#2952 = EDGE_LOOP('',(#2953,#2954,#2960,#2961));
#2953 = ORIENTED_EDGE('',*,*,#1893,.F.);
#2954 = ORIENTED_EDGE('',*,*,#2955,.F.);
#2955 = EDGE_CURVE('',#1992,#1894,#2956,.T.);
#2956 = LINE('',#2957,#2958);
#2957 = CARTESIAN_POINT('',(1.9,-21.,5.));
#2958 = VECTOR('',#2959,1.);
#2959 = DIRECTION('',(0.,1.,-2.2E-16));
#2960 = ORIENTED_EDGE('',*,*,#1991,.F.);
#2961 = ORIENTED_EDGE('',*,*,#1953,.F.);
#2962 = PLANE('',#2963);
#2963 = AXIS2_PLACEMENT_3D('',#2964,#2965,#2966);
#2964 = CARTESIAN_POINT('',(1.9,-16.,3.5));
#2965 = DIRECTION('',(1.,0.,4.3E-16));
#2966 = DIRECTION('',(-4.3E-16,0.,1.));
#2967 = ADVANCED_FACE('',(#2968),#2979,.T.);
#2968 = FACE_BOUND('',#2969,.T.);
#2969 = EDGE_LOOP('',(#2970,#2971,#2972,#2978));
#2970 = ORIENTED_EDGE('',*,*,#2955,.T.);
#2971 = ORIENTED_EDGE('',*,*,#1928,.T.);
#2972 = ORIENTED_EDGE('',*,*,#2973,.F.);
#2973 = EDGE_CURVE('',#2000,#1920,#2974,.T.);
#2974 = LINE('',#2975,#2976);
#2975 = CARTESIAN_POINT('',(1.1,-21.,4.6));
#2976 = VECTOR('',#2977,1.);
#2977 = DIRECTION('',(0.,1.,-2.2E-16));
#2978 = ORIENTED_EDGE('',*,*,#1999,.F.);
#2979 = CYLINDRICAL_SURFACE('',#2980,0.8);
#2980 = AXIS2_PLACEMENT_3D('',#2981,#2982,#2983);
#2981 = CARTESIAN_POINT('',(1.796647939484,-21.,4.206704121032));
#2982 = DIRECTION('',(0.,-1.,2.2E-16));
#2983 = DIRECTION('',(1.,0.,0.));
#2984 = ADVANCED_FACE('',(#2985),#2991,.T.);
#2985 = FACE_BOUND('',#2986,.T.);
#2986 = EDGE_LOOP('',(#2987,#2988,#2989,#2990));
#2987 = ORIENTED_EDGE('',*,*,#2973,.T.);
#2988 = ORIENTED_EDGE('',*,*,#1919,.T.);
#2989 = ORIENTED_EDGE('',*,*,#1969,.T.);
#2990 = ORIENTED_EDGE('',*,*,#2008,.F.);
#2991 = CYLINDRICAL_SURFACE('',#2992,0.8);
#2992 = AXIS2_PLACEMENT_3D('',#2993,#2994,#2995);
#2993 = CARTESIAN_POINT('',(1.1,-21.,3.8));
#2994 = DIRECTION('',(0.,-1.,2.2E-16));
#2995 = DIRECTION('',(1.,0.,0.));
#2996 = ADVANCED_FACE('',(#2997),#3036,.T.);
#2997 = FACE_BOUND('',#2998,.T.);
#2998 = EDGE_LOOP('',(#2999,#3000,#3001,#3002,#3003,#3009,#3010,#3011,
    #3012,#3013,#3014,#3015,#3016,#3017,#3018,#3019,#3020,#3021,#3022,
    #3028,#3029,#3030,#3031,#3032,#3033,#3034,#3035));
#2999 = ORIENTED_EDGE('',*,*,#2027,.F.);
#3000 = ORIENTED_EDGE('',*,*,#2120,.F.);
#3001 = ORIENTED_EDGE('',*,*,#2169,.F.);
#3002 = ORIENTED_EDGE('',*,*,#2218,.F.);
#3003 = ORIENTED_EDGE('',*,*,#3004,.F.);
#3004 = EDGE_CURVE('',#2325,#2219,#3005,.T.);
#3005 = LINE('',#3006,#3007);
#3006 = CARTESIAN_POINT('',(72.9,-9.2,3.));
#3007 = VECTOR('',#3008,1.);
#3008 = DIRECTION('',(-1.,0.,0.));
#3009 = ORIENTED_EDGE('',*,*,#2324,.T.);
#3010 = ORIENTED_EDGE('',*,*,#2390,.F.);
#3011 = ORIENTED_EDGE('',*,*,#2430,.T.);
#3012 = ORIENTED_EDGE('',*,*,#2497,.F.);
#3013 = ORIENTED_EDGE('',*,*,#2536,.F.);
#3014 = ORIENTED_EDGE('',*,*,#2596,.T.);
#3015 = ORIENTED_EDGE('',*,*,#2646,.T.);
#3016 = ORIENTED_EDGE('',*,*,#2692,.T.);
#3017 = ORIENTED_EDGE('',*,*,#2744,.F.);
#3018 = ORIENTED_EDGE('',*,*,#2717,.F.);
#3019 = ORIENTED_EDGE('',*,*,#2670,.F.);
#3020 = ORIENTED_EDGE('',*,*,#2619,.F.);
#3021 = ORIENTED_EDGE('',*,*,#2571,.T.);
#3022 = ORIENTED_EDGE('',*,*,#3023,.F.);
#3023 = EDGE_CURVE('',#2466,#2572,#3024,.T.);
#3024 = LINE('',#3025,#3026);
#3025 = CARTESIAN_POINT('',(1.9,-9.2,3.));
#3026 = VECTOR('',#3027,1.);
#3027 = DIRECTION('',(-1.,0.,0.));
#3028 = ORIENTED_EDGE('',*,*,#2465,.F.);
#3029 = ORIENTED_EDGE('',*,*,#2405,.T.);
#3030 = ORIENTED_EDGE('',*,*,#2357,.F.);
#3031 = ORIENTED_EDGE('',*,*,#2299,.T.);
#3032 = ORIENTED_EDGE('',*,*,#2251,.F.);
#3033 = ORIENTED_EDGE('',*,*,#2193,.T.);
#3034 = ORIENTED_EDGE('',*,*,#2147,.F.);
#3035 = ORIENTED_EDGE('',*,*,#2060,.F.);
#3036 = PLANE('',#3037);
#3037 = AXIS2_PLACEMENT_3D('',#3038,#3039,#3040);
#3038 = CARTESIAN_POINT('',(37.106218410897,-16.,3.));
#3039 = DIRECTION('',(0.,0.,1.));
#3040 = DIRECTION('',(1.,0.,0.));
#3041 = ADVANCED_FACE('',(#3042),#3048,.T.);
#3042 = FACE_BOUND('',#3043,.T.);
#3043 = EDGE_LOOP('',(#3044,#3045,#3046,#3047));
#3044 = ORIENTED_EDGE('',*,*,#2342,.T.);
#3045 = ORIENTED_EDGE('',*,*,#3004,.T.);
#3046 = ORIENTED_EDGE('',*,*,#2236,.F.);
#3047 = ORIENTED_EDGE('',*,*,#2285,.F.);
#3048 = CYLINDRICAL_SURFACE('',#3049,0.8);
#3049 = AXIS2_PLACEMENT_3D('',#3050,#3051,#3052);
#3050 = CARTESIAN_POINT('',(72.9,-9.2,2.2));
#3051 = DIRECTION('',(-1.,0.,0.));
#3052 = DIRECTION('',(0.,-1.,0.));
#3053 = ADVANCED_FACE('',(#3054),#3060,.T.);
#3054 = FACE_BOUND('',#3055,.F.);
#3055 = EDGE_LOOP('',(#3056,#3057,#3058,#3059));
#3056 = ORIENTED_EDGE('',*,*,#2473,.T.);
#3057 = ORIENTED_EDGE('',*,*,#2522,.T.);
#3058 = ORIENTED_EDGE('',*,*,#2579,.F.);
#3059 = ORIENTED_EDGE('',*,*,#3023,.F.);
#3060 = CYLINDRICAL_SURFACE('',#3061,0.8);
#3061 = AXIS2_PLACEMENT_3D('',#3062,#3063,#3064);
#3062 = CARTESIAN_POINT('',(1.9,-9.2,2.2));
#3063 = DIRECTION('',(-1.,0.,0.));
#3064 = DIRECTION('',(0.,0.,1.));
#3065 = ( GEOMETRIC_REPRESENTATION_CONTEXT(3) 
GLOBAL_UNCERTAINTY_ASSIGNED_CONTEXT((#3069)) 
GLOBAL_UNIT_ASSIGNED_CONTEXT((#3066,#3067,#3068)) REPRESENTATION_CONTEXT
('Context #1','3D Context with UNIT and UNCERTAINTY') );
#3066 = ( LENGTH_UNIT() NAMED_UNIT(*) SI_UNIT(.MILLI.,.METRE.) );
#3067 = ( NAMED_UNIT(*) PLANE_ANGLE_UNIT() SI_UNIT($,.RADIAN.) );
#3068 = ( NAMED_UNIT(*) SI_UNIT($,.STERADIAN.) SOLID_ANGLE_UNIT() );
#3069 = UNCERTAINTY_MEASURE_WITH_UNIT(LENGTH_MEASURE(1.E-07),#3066,
  'distance_accuracy_value','confusion accuracy');
#3070 = PRODUCT_RELATED_PRODUCT_CATEGORY('part',$,(#7));
#3071 = MECHANICAL_DESIGN_GEOMETRIC_PRESENTATION_REPRESENTATION('',(
    #3072),#3065);
#3072 = STYLED_ITEM('color',(#3073),#15);
#3073 = PRESENTATION_STYLE_ASSIGNMENT((#3074,#3080));
#3074 = SURFACE_STYLE_USAGE(.BOTH.,#3075);
#3075 = SURFACE_SIDE_STYLE('',(#3076));
#3076 = SURFACE_STYLE_FILL_AREA(#3077);
#3077 = FILL_AREA_STYLE('',(#3078));
#3078 = FILL_AREA_STYLE_COLOUR('',#3079);
#3079 = COLOUR_RGB('',0.447058818107,0.474509808674,0.501960817233);
#3080 = CURVE_STYLE('',#3081,POSITIVE_LENGTH_MEASURE(0.1),#3082);
#3081 = DRAUGHTING_PRE_DEFINED_CURVE_FONT('continuous');
#3082 = COLOUR_RGB('',9.803921802644E-02,9.803921802644E-02,
  9.803921802644E-02);
ENDSEC;
END-ISO-10303-21;
