ISO-10303-21;
HEADER;
FILE_DESCRIPTION(('FreeCAD Model'),'2;1');
FILE_NAME('Open CASCADE Shape Model','2026-07-24T16:23:39',(''),(''),
  'Open CASCADE STEP processor 7.8','FreeCAD','Unknown');
FILE_SCHEMA(('AUTOMOTIVE_DESIGN { 1 0 10303 214 1 1 1 1 }'));
ENDSEC;
DATA;
#1 = APPLICATION_PROTOCOL_DEFINITION('international standard',
  'automotive_design',2000,#2);
#2 = APPLICATION_CONTEXT(
  'core data for automotive mechanical design processes');
#3 = SHAPE_DEFINITION_REPRESENTATION(#4,#10);
#4 = PRODUCT_DEFINITION_SHAPE('','',#5);
#5 = PRODUCT_DEFINITION('design','',#6,#9);
#6 = PRODUCT_DEFINITION_FORMATION('','',#7);
#7 = PRODUCT('box-top-cap','box-top-cap','',(#8));
#8 = PRODUCT_CONTEXT('',#2,'mechanical');
#9 = PRODUCT_DEFINITION_CONTEXT('part definition',#2,'design');
#10 = ADVANCED_BREP_SHAPE_REPRESENTATION('',(#11,#15),#4042);
#11 = AXIS2_PLACEMENT_3D('',#12,#13,#14);
#12 = CARTESIAN_POINT('',(0.,0.,0.));
#13 = DIRECTION('',(0.,0.,1.));
#14 = DIRECTION('',(1.,0.,-0.));
#15 = MANIFOLD_SOLID_BREP('',#16);
#16 = CLOSED_SHELL('',(#17,#882,#915,#975,#1000,#1024,#1048,#1073,#1106,
    #1130,#1154,#1179,#1212,#1236,#1260,#1285,#1310,#1343,#1367,#1391,
    #1416,#1449,#1474,#1499,#1523,#1547,#1572,#1597,#1614,#1664,#1688,
    #1712,#1748,#1779,#1804,#1852,#1876,#1900,#1925,#1965,#1989,#2013,
    #2054,#2085,#2110,#2134,#2159,#2183,#2208,#2232,#2250,#2282,#2306,
    #2331,#2355,#2380,#2404,#2429,#2446,#2471,#2496,#2521,#2571,#2595,
    #2619,#2655,#2688,#2748,#2773,#2797,#2821,#2846,#2879,#2903,#2927,
    #2952,#2985,#3009,#3033,#3058,#3083,#3116,#3140,#3164,#3189,#3222,
    #3247,#3272,#3296,#3320,#3345,#3370,#3387,#3432,#3444,#3456,#3473,
    #3490,#3502,#3557,#3582,#3647,#3664,#3681,#3694,#3711,#3770,#3790,
    #3810,#3830,#3847,#3864,#3876,#3921,#3933,#3945,#3962,#3979,#3991,
    #4008,#4025));
#17 = ADVANCED_FACE('',(#18,#269,#319,#403,#473,#543,#554,#565,#576,#626
    ),#877,.T.);
#18 = FACE_BOUND('',#19,.T.);
#19 = EDGE_LOOP('',(#20,#30,#39,#47,#55,#63,#71,#79,#88,#96,#105,#114,
    #122,#131,#139,#148,#156,#165,#173,#181,#189,#198,#206,#215,#223,
    #232,#240));
#20 = ORIENTED_EDGE('',*,*,#21,.F.);
#21 = EDGE_CURVE('',#22,#24,#26,.T.);
#22 = VERTEX_POINT('',#23);
#23 = CARTESIAN_POINT('',(70.5,-25.6,2.));
#24 = VERTEX_POINT('',#25);
#25 = CARTESIAN_POINT('',(70.5,-30.3,2.));
#26 = LINE('',#27,#28);
#27 = CARTESIAN_POINT('',(70.5,-24.1,2.));
#28 = VECTOR('',#29,1.);
#29 = DIRECTION('',(0.,-1.,0.));
#30 = ORIENTED_EDGE('',*,*,#31,.T.);
#31 = EDGE_CURVE('',#22,#32,#34,.T.);
#32 = VERTEX_POINT('',#33);
#33 = CARTESIAN_POINT('',(72.,-24.1,2.));
#34 = CIRCLE('',#35,1.5);
#35 = AXIS2_PLACEMENT_3D('',#36,#37,#38);
#36 = CARTESIAN_POINT('',(72.,-25.6,2.));
#37 = DIRECTION('',(0.,0.,-1.));
#38 = DIRECTION('',(0.,1.,0.));
#39 = ORIENTED_EDGE('',*,*,#40,.F.);
#40 = EDGE_CURVE('',#41,#32,#43,.T.);
#41 = VERTEX_POINT('',#42);
#42 = CARTESIAN_POINT('',(72.1,-24.1,2.));
#43 = LINE('',#44,#45);
#44 = CARTESIAN_POINT('',(72.1,-24.1,2.));
#45 = VECTOR('',#46,1.);
#46 = DIRECTION('',(-1.,0.,0.));
#47 = ORIENTED_EDGE('',*,*,#48,.T.);
#48 = EDGE_CURVE('',#41,#49,#51,.T.);
#49 = VERTEX_POINT('',#50);
#50 = CARTESIAN_POINT('',(72.1,-22.,2.));
#51 = LINE('',#52,#53);
#52 = CARTESIAN_POINT('',(72.1,-28.9,2.));
#53 = VECTOR('',#54,1.);
#54 = DIRECTION('',(0.,1.,0.));
#55 = ORIENTED_EDGE('',*,*,#56,.T.);
#56 = EDGE_CURVE('',#49,#57,#59,.T.);
#57 = VERTEX_POINT('',#58);
#58 = CARTESIAN_POINT('',(72.9,-22.,2.));
#59 = LINE('',#60,#61);
#60 = CARTESIAN_POINT('',(72.1,-22.,2.));
#61 = VECTOR('',#62,1.);
#62 = DIRECTION('',(1.,0.,0.));
#63 = ORIENTED_EDGE('',*,*,#64,.F.);
#64 = EDGE_CURVE('',#65,#57,#67,.T.);
#65 = VERTEX_POINT('',#66);
#66 = CARTESIAN_POINT('',(72.9,-24.9,2.));
#67 = LINE('',#68,#69);
#68 = CARTESIAN_POINT('',(72.9,-28.9,2.));
#69 = VECTOR('',#70,1.);
#70 = DIRECTION('',(0.,1.,0.));
#71 = ORIENTED_EDGE('',*,*,#72,.T.);
#72 = EDGE_CURVE('',#65,#73,#75,.T.);
#73 = VERTEX_POINT('',#74);
#74 = CARTESIAN_POINT('',(72.3,-24.9,2.));
#75 = LINE('',#76,#77);
#76 = CARTESIAN_POINT('',(72.9,-24.9,2.));
#77 = VECTOR('',#78,1.);
#78 = DIRECTION('',(-1.,0.,0.));
#79 = ORIENTED_EDGE('',*,*,#80,.F.);
#80 = EDGE_CURVE('',#81,#73,#83,.T.);
#81 = VERTEX_POINT('',#82);
#82 = CARTESIAN_POINT('',(71.3,-25.9,2.));
#83 = CIRCLE('',#84,1.);
#84 = AXIS2_PLACEMENT_3D('',#85,#86,#87);
#85 = CARTESIAN_POINT('',(72.3,-25.9,2.));
#86 = DIRECTION('',(0.,0.,-1.));
#87 = DIRECTION('',(0.,1.,0.));
#88 = ORIENTED_EDGE('',*,*,#89,.F.);
#89 = EDGE_CURVE('',#90,#81,#92,.T.);
#90 = VERTEX_POINT('',#91);
#91 = CARTESIAN_POINT('',(71.3,-30.5099689438,2.));
#92 = LINE('',#93,#94);
#93 = CARTESIAN_POINT('',(71.3,-30.6,2.));
#94 = VECTOR('',#95,1.);
#95 = DIRECTION('',(0.,1.,0.));
#96 = ORIENTED_EDGE('',*,*,#97,.T.);
#97 = EDGE_CURVE('',#90,#98,#100,.T.);
#98 = VERTEX_POINT('',#99);
#99 = CARTESIAN_POINT('',(69.918633540373,-31.8999421313,2.));
#100 = CIRCLE('',#101,1.39);
#101 = AXIS2_PLACEMENT_3D('',#102,#103,#104);
#102 = CARTESIAN_POINT('',(69.91,-30.5099689438,2.));
#103 = DIRECTION('',(0.,0.,-1.));
#104 = DIRECTION('',(0.,1.,0.));
#105 = ORIENTED_EDGE('',*,*,#106,.F.);
#106 = EDGE_CURVE('',#107,#98,#109,.T.);
#107 = VERTEX_POINT('',#108);
#108 = CARTESIAN_POINT('',(69.9,-31.9,2.));
#109 = CIRCLE('',#110,3.);
#110 = AXIS2_PLACEMENT_3D('',#111,#112,#113);
#111 = CARTESIAN_POINT('',(69.9,-28.9,2.));
#112 = DIRECTION('',(0.,0.,1.));
#113 = DIRECTION('',(1.,0.,0.));
#114 = ORIENTED_EDGE('',*,*,#115,.F.);
#115 = EDGE_CURVE('',#116,#107,#118,.T.);
#116 = VERTEX_POINT('',#117);
#117 = CARTESIAN_POINT('',(7.1,-31.9,2.));
#118 = LINE('',#119,#120);
#119 = CARTESIAN_POINT('',(4.1,-31.9,2.));
#120 = VECTOR('',#121,1.);
#121 = DIRECTION('',(1.,0.,0.));
#122 = ORIENTED_EDGE('',*,*,#123,.T.);
#123 = EDGE_CURVE('',#116,#124,#126,.T.);
#124 = VERTEX_POINT('',#125);
#125 = CARTESIAN_POINT('',(5.7,-30.5,2.));
#126 = CIRCLE('',#127,1.4);
#127 = AXIS2_PLACEMENT_3D('',#128,#129,#130);
#128 = CARTESIAN_POINT('',(7.1,-30.5,2.));
#129 = DIRECTION('',(0.,0.,-1.));
#130 = DIRECTION('',(0.,1.,0.));
#131 = ORIENTED_EDGE('',*,*,#132,.T.);
#132 = EDGE_CURVE('',#124,#133,#135,.T.);
#133 = VERTEX_POINT('',#134);
#134 = CARTESIAN_POINT('',(5.7,-26.3,2.));
#135 = LINE('',#136,#137);
#136 = CARTESIAN_POINT('',(5.7,-31.9,2.));
#137 = VECTOR('',#138,1.);
#138 = DIRECTION('',(0.,1.,0.));
#139 = ORIENTED_EDGE('',*,*,#140,.F.);
#140 = EDGE_CURVE('',#141,#133,#143,.T.);
#141 = VERTEX_POINT('',#142);
#142 = CARTESIAN_POINT('',(4.3,-24.9,2.));
#143 = CIRCLE('',#144,1.4);
#144 = AXIS2_PLACEMENT_3D('',#145,#146,#147);
#145 = CARTESIAN_POINT('',(4.3,-26.3,2.));
#146 = DIRECTION('',(0.,0.,-1.));
#147 = DIRECTION('',(0.,1.,0.));
#148 = ORIENTED_EDGE('',*,*,#149,.T.);
#149 = EDGE_CURVE('',#141,#150,#152,.T.);
#150 = VERTEX_POINT('',#151);
#151 = CARTESIAN_POINT('',(3.1,-24.9,2.));
#152 = LINE('',#153,#154);
#153 = CARTESIAN_POINT('',(5.7,-24.9,2.));
#154 = VECTOR('',#155,1.);
#155 = DIRECTION('',(-1.,0.,0.));
#156 = ORIENTED_EDGE('',*,*,#157,.T.);
#157 = EDGE_CURVE('',#150,#158,#160,.T.);
#158 = VERTEX_POINT('',#159);
#159 = CARTESIAN_POINT('',(1.1,-22.9,2.));
#160 = CIRCLE('',#161,2.);
#161 = AXIS2_PLACEMENT_3D('',#162,#163,#164);
#162 = CARTESIAN_POINT('',(3.1,-22.9,2.));
#163 = DIRECTION('',(0.,0.,-1.));
#164 = DIRECTION('',(0.,1.,0.));
#165 = ORIENTED_EDGE('',*,*,#166,.F.);
#166 = EDGE_CURVE('',#167,#158,#169,.T.);
#167 = VERTEX_POINT('',#168);
#168 = CARTESIAN_POINT('',(1.1,-22.,2.));
#169 = LINE('',#170,#171);
#170 = CARTESIAN_POINT('',(1.1,-3.1,2.));
#171 = VECTOR('',#172,1.);
#172 = DIRECTION('',(0.,-1.,0.));
#173 = ORIENTED_EDGE('',*,*,#174,.T.);
#174 = EDGE_CURVE('',#167,#175,#177,.T.);
#175 = VERTEX_POINT('',#176);
#176 = CARTESIAN_POINT('',(1.9,-22.,2.));
#177 = LINE('',#178,#179);
#178 = CARTESIAN_POINT('',(1.1,-22.,2.));
#179 = VECTOR('',#180,1.);
#180 = DIRECTION('',(1.,0.,0.));
#181 = ORIENTED_EDGE('',*,*,#182,.T.);
#182 = EDGE_CURVE('',#175,#183,#185,.T.);
#183 = VERTEX_POINT('',#184);
#184 = CARTESIAN_POINT('',(1.9,-22.9,2.));
#185 = LINE('',#186,#187);
#186 = CARTESIAN_POINT('',(1.9,-3.1,2.));
#187 = VECTOR('',#188,1.);
#188 = DIRECTION('',(0.,-1.,0.));
#189 = ORIENTED_EDGE('',*,*,#190,.F.);
#190 = EDGE_CURVE('',#191,#183,#193,.T.);
#191 = VERTEX_POINT('',#192);
#192 = CARTESIAN_POINT('',(3.1,-24.1,2.));
#193 = CIRCLE('',#194,1.2);
#194 = AXIS2_PLACEMENT_3D('',#195,#196,#197);
#195 = CARTESIAN_POINT('',(3.1,-22.9,2.));
#196 = DIRECTION('',(0.,0.,-1.));
#197 = DIRECTION('',(0.,1.,0.));
#198 = ORIENTED_EDGE('',*,*,#199,.T.);
#199 = EDGE_CURVE('',#191,#200,#202,.T.);
#200 = VERTEX_POINT('',#201);
#201 = CARTESIAN_POINT('',(4.3,-24.1,2.));
#202 = LINE('',#203,#204);
#203 = CARTESIAN_POINT('',(1.9,-24.1,2.));
#204 = VECTOR('',#205,1.);
#205 = DIRECTION('',(1.,0.,0.));
#206 = ORIENTED_EDGE('',*,*,#207,.F.);
#207 = EDGE_CURVE('',#208,#200,#210,.T.);
#208 = VERTEX_POINT('',#209);
#209 = CARTESIAN_POINT('',(6.5,-26.3,2.));
#210 = CIRCLE('',#211,2.2);
#211 = AXIS2_PLACEMENT_3D('',#212,#213,#214);
#212 = CARTESIAN_POINT('',(4.3,-26.3,2.));
#213 = DIRECTION('',(0.,-0.,1.));
#214 = DIRECTION('',(0.,1.,0.));
#215 = ORIENTED_EDGE('',*,*,#216,.T.);
#216 = EDGE_CURVE('',#208,#217,#219,.T.);
#217 = VERTEX_POINT('',#218);
#218 = CARTESIAN_POINT('',(6.5,-30.3,2.));
#219 = LINE('',#220,#221);
#220 = CARTESIAN_POINT('',(6.5,-24.1,2.));
#221 = VECTOR('',#222,1.);
#222 = DIRECTION('',(0.,-1.,0.));
#223 = ORIENTED_EDGE('',*,*,#224,.T.);
#224 = EDGE_CURVE('',#217,#225,#227,.T.);
#225 = VERTEX_POINT('',#226);
#226 = CARTESIAN_POINT('',(7.3,-31.1,2.));
#227 = CIRCLE('',#228,0.8);
#228 = AXIS2_PLACEMENT_3D('',#229,#230,#231);
#229 = CARTESIAN_POINT('',(7.3,-30.3,2.));
#230 = DIRECTION('',(0.,-0.,1.));
#231 = DIRECTION('',(0.,1.,0.));
#232 = ORIENTED_EDGE('',*,*,#233,.T.);
#233 = EDGE_CURVE('',#225,#234,#236,.T.);
#234 = VERTEX_POINT('',#235);
#235 = CARTESIAN_POINT('',(69.7,-31.1,2.));
#236 = LINE('',#237,#238);
#237 = CARTESIAN_POINT('',(4.1,-31.1,2.));
#238 = VECTOR('',#239,1.);
#239 = DIRECTION('',(1.,0.,0.));
#240 = ORIENTED_EDGE('',*,*,#241,.F.);
#241 = EDGE_CURVE('',#24,#234,#242,.T.);
#242 = B_SPLINE_CURVE_WITH_KNOTS('',5,(#243,#244,#245,#246,#247,#248,
    #249,#250,#251,#252,#253,#254,#255,#256,#257,#258,#259,#260,#261,
    #262,#263,#264,#265,#266,#267,#268),.UNSPECIFIED.,.F.,.F.,(6,4,4,4,4
    ,4,6),(0.,0.148271103867,0.251945445779,0.5,0.748054554221,
    0.851728896133,1.),.UNSPECIFIED.);
#243 = CARTESIAN_POINT('',(70.5,-30.3,2.));
#244 = CARTESIAN_POINT('',(70.5,-30.33569198788,2.));
#245 = CARTESIAN_POINT('',(70.498009492346,-30.37174611716,2.));
#246 = CARTESIAN_POINT('',(70.493947758759,-30.40797215286,2.));
#247 = CARTESIAN_POINT('',(70.487767513252,-30.44416636066,2.));
#248 = CARTESIAN_POINT('',(70.473650501717,-30.50525739764,2.));
#249 = CARTESIAN_POINT('',(70.466801111042,-30.53027821161,2.));
#250 = CARTESIAN_POINT('',(70.458908171721,-30.55510937061,2.));
#251 = CARTESIAN_POINT('',(70.449977293275,-30.57967953844,2.));
#252 = CARTESIAN_POINT('',(70.416205819008,-30.66191118783,2.));
#253 = CARTESIAN_POINT('',(70.386526099411,-30.71801239391,2.));
#254 = CARTESIAN_POINT('',(70.351189647037,-30.77123688041,2.));
#255 = CARTESIAN_POINT('',(70.31067097471,-30.82069987518,2.));
#256 = CARTESIAN_POINT('',(70.220699875188,-30.91067097471,2.));
#257 = CARTESIAN_POINT('',(70.171236880417,-30.95118964703,2.));
#258 = CARTESIAN_POINT('',(70.11801239391,-30.98652609941,2.));
#259 = CARTESIAN_POINT('',(70.061911187833,-31.016205819,2.));
#260 = CARTESIAN_POINT('',(69.979679538449,-31.04997729327,2.));
#261 = CARTESIAN_POINT('',(69.955109370619,-31.05890817172,2.));
#262 = CARTESIAN_POINT('',(69.930278211618,-31.06680111104,2.));
#263 = CARTESIAN_POINT('',(69.905257397649,-31.07365050171,2.));
#264 = CARTESIAN_POINT('',(69.844166360659,-31.08776751325,2.));
#265 = CARTESIAN_POINT('',(69.807972152864,-31.09394775875,2.));
#266 = CARTESIAN_POINT('',(69.771746117163,-31.09800949234,2.));
#267 = CARTESIAN_POINT('',(69.735691987881,-31.1,2.));
#268 = CARTESIAN_POINT('',(69.7,-31.1,2.));
#269 = FACE_BOUND('',#270,.T.);
#270 = EDGE_LOOP('',(#271,#281,#289,#297,#305,#313));
#271 = ORIENTED_EDGE('',*,*,#272,.T.);
#272 = EDGE_CURVE('',#273,#275,#277,.T.);
#273 = VERTEX_POINT('',#274);
#274 = CARTESIAN_POINT('',(1.9,-11.,2.));
#275 = VERTEX_POINT('',#276);
#276 = CARTESIAN_POINT('',(2.7,-11.,2.));
#277 = LINE('',#278,#279);
#278 = CARTESIAN_POINT('',(19.170019503003,-11.,2.));
#279 = VECTOR('',#280,1.);
#280 = DIRECTION('',(1.,-5.2E-16,0.));
#281 = ORIENTED_EDGE('',*,*,#282,.T.);
#282 = EDGE_CURVE('',#275,#283,#285,.T.);
#283 = VERTEX_POINT('',#284);
#284 = CARTESIAN_POINT('',(2.7,-21.,2.));
#285 = LINE('',#286,#287);
#286 = CARTESIAN_POINT('',(2.7,-11.,2.));
#287 = VECTOR('',#288,1.);
#288 = DIRECTION('',(0.,-1.,0.));
#289 = ORIENTED_EDGE('',*,*,#290,.F.);
#290 = EDGE_CURVE('',#291,#283,#293,.T.);
#291 = VERTEX_POINT('',#292);
#292 = CARTESIAN_POINT('',(1.9,-21.,2.));
#293 = LINE('',#294,#295);
#294 = CARTESIAN_POINT('',(19.170019503003,-21.,2.));
#295 = VECTOR('',#296,1.);
#296 = DIRECTION('',(1.,0.,0.));
#297 = ORIENTED_EDGE('',*,*,#298,.T.);
#298 = EDGE_CURVE('',#291,#299,#301,.T.);
#299 = VERTEX_POINT('',#300);
#300 = CARTESIAN_POINT('',(1.1,-21.,2.));
#301 = LINE('',#302,#303);
#302 = CARTESIAN_POINT('',(1.9,-21.,2.));
#303 = VECTOR('',#304,1.);
#304 = DIRECTION('',(-1.,0.,0.));
#305 = ORIENTED_EDGE('',*,*,#306,.F.);
#306 = EDGE_CURVE('',#307,#299,#309,.T.);
#307 = VERTEX_POINT('',#308);
#308 = CARTESIAN_POINT('',(1.1,-11.,2.));
#309 = LINE('',#310,#311);
#310 = CARTESIAN_POINT('',(1.1,-3.1,2.));
#311 = VECTOR('',#312,1.);
#312 = DIRECTION('',(0.,-1.,0.));
#313 = ORIENTED_EDGE('',*,*,#314,.T.);
#314 = EDGE_CURVE('',#307,#273,#315,.T.);
#315 = LINE('',#316,#317);
#316 = CARTESIAN_POINT('',(1.1,-11.,2.));
#317 = VECTOR('',#318,1.);
#318 = DIRECTION('',(1.,0.,0.));
#319 = FACE_BOUND('',#320,.T.);
#320 = EDGE_LOOP('',(#321,#331,#340,#348,#357,#365,#373,#381,#389,#397)
  );
#321 = ORIENTED_EDGE('',*,*,#322,.F.);
#322 = EDGE_CURVE('',#323,#325,#327,.T.);
#323 = VERTEX_POINT('',#324);
#324 = CARTESIAN_POINT('',(26.965678,-31.06529,2.));
#325 = VERTEX_POINT('',#326);
#326 = CARTESIAN_POINT('',(49.965678,-31.06529,2.));
#327 = LINE('',#328,#329);
#328 = CARTESIAN_POINT('',(24.965678,-31.06529,2.));
#329 = VECTOR('',#330,1.);
#330 = DIRECTION('',(1.,0.,0.));
#331 = ORIENTED_EDGE('',*,*,#332,.T.);
#332 = EDGE_CURVE('',#323,#333,#335,.T.);
#333 = VERTEX_POINT('',#334);
#334 = CARTESIAN_POINT('',(24.965678,-29.06529,2.));
#335 = CIRCLE('',#336,2.);
#336 = AXIS2_PLACEMENT_3D('',#337,#338,#339);
#337 = CARTESIAN_POINT('',(26.965678,-29.06529,2.));
#338 = DIRECTION('',(-0.,-0.,-1.));
#339 = DIRECTION('',(0.,-1.,0.));
#340 = ORIENTED_EDGE('',*,*,#341,.F.);
#341 = EDGE_CURVE('',#342,#333,#344,.T.);
#342 = VERTEX_POINT('',#343);
#343 = CARTESIAN_POINT('',(24.965678,-6.06529,2.));
#344 = LINE('',#345,#346);
#345 = CARTESIAN_POINT('',(24.965678,-4.06529,2.));
#346 = VECTOR('',#347,1.);
#347 = DIRECTION('',(0.,-1.,0.));
#348 = ORIENTED_EDGE('',*,*,#349,.F.);
#349 = EDGE_CURVE('',#350,#342,#352,.T.);
#350 = VERTEX_POINT('',#351);
#351 = CARTESIAN_POINT('',(26.965678,-4.06529,2.));
#352 = CIRCLE('',#353,2.);
#353 = AXIS2_PLACEMENT_3D('',#354,#355,#356);
#354 = CARTESIAN_POINT('',(26.965678,-6.06529,2.));
#355 = DIRECTION('',(-0.,0.,1.));
#356 = DIRECTION('',(0.,-1.,0.));
#357 = ORIENTED_EDGE('',*,*,#358,.F.);
#358 = EDGE_CURVE('',#359,#350,#361,.T.);
#359 = VERTEX_POINT('',#360);
#360 = CARTESIAN_POINT('',(49.965678,-4.06529,2.));
#361 = LINE('',#362,#363);
#362 = CARTESIAN_POINT('',(49.965678,-4.06529,2.));
#363 = VECTOR('',#364,1.);
#364 = DIRECTION('',(-1.,0.,0.));
#365 = ORIENTED_EDGE('',*,*,#366,.F.);
#366 = EDGE_CURVE('',#367,#359,#369,.T.);
#367 = VERTEX_POINT('',#368);
#368 = CARTESIAN_POINT('',(49.965678,-5.06529,2.));
#369 = LINE('',#370,#371);
#370 = CARTESIAN_POINT('',(49.965678,-6.56529,2.));
#371 = VECTOR('',#372,1.);
#372 = DIRECTION('',(0.,1.,0.));
#373 = ORIENTED_EDGE('',*,*,#374,.T.);
#374 = EDGE_CURVE('',#367,#375,#377,.T.);
#375 = VERTEX_POINT('',#376);
#376 = CARTESIAN_POINT('',(25.965678,-5.06529,2.));
#377 = LINE('',#378,#379);
#378 = CARTESIAN_POINT('',(49.965678,-5.06529,2.));
#379 = VECTOR('',#380,1.);
#380 = DIRECTION('',(-1.,-0.,-0.));
#381 = ORIENTED_EDGE('',*,*,#382,.F.);
#382 = EDGE_CURVE('',#383,#375,#385,.T.);
#383 = VERTEX_POINT('',#384);
#384 = CARTESIAN_POINT('',(25.965678,-30.06529,2.));
#385 = LINE('',#386,#387);
#386 = CARTESIAN_POINT('',(25.965678,-30.06529,2.));
#387 = VECTOR('',#388,1.);
#388 = DIRECTION('',(0.,1.,0.));
#389 = ORIENTED_EDGE('',*,*,#390,.F.);
#390 = EDGE_CURVE('',#391,#383,#393,.T.);
#391 = VERTEX_POINT('',#392);
#392 = CARTESIAN_POINT('',(49.965678,-30.06529,2.));
#393 = LINE('',#394,#395);
#394 = CARTESIAN_POINT('',(49.965678,-30.06529,2.));
#395 = VECTOR('',#396,1.);
#396 = DIRECTION('',(-1.,-0.,-0.));
#397 = ORIENTED_EDGE('',*,*,#398,.F.);
#398 = EDGE_CURVE('',#325,#391,#399,.T.);
#399 = LINE('',#400,#401);
#400 = CARTESIAN_POINT('',(49.965678,-31.06529,2.));
#401 = VECTOR('',#402,1.);
#402 = DIRECTION('',(0.,1.,0.));
#403 = FACE_BOUND('',#404,.T.);
#404 = EDGE_LOOP('',(#405,#415,#424,#432,#441,#449,#458,#466));
#405 = ORIENTED_EDGE('',*,*,#406,.T.);
#406 = EDGE_CURVE('',#407,#409,#411,.T.);
#407 = VERTEX_POINT('',#408);
#408 = CARTESIAN_POINT('',(-2.,-3.,2.));
#409 = VERTEX_POINT('',#410);
#410 = CARTESIAN_POINT('',(-2.,-29.,2.));
#411 = LINE('',#412,#413);
#412 = CARTESIAN_POINT('',(-2.,-3.,2.));
#413 = VECTOR('',#414,1.);
#414 = DIRECTION('',(0.,-1.,0.));
#415 = ORIENTED_EDGE('',*,*,#416,.T.);
#416 = EDGE_CURVE('',#409,#417,#419,.T.);
#417 = VERTEX_POINT('',#418);
#418 = CARTESIAN_POINT('',(3.,-34.,2.));
#419 = CIRCLE('',#420,5.);
#420 = AXIS2_PLACEMENT_3D('',#421,#422,#423);
#421 = CARTESIAN_POINT('',(3.,-29.,2.));
#422 = DIRECTION('',(0.,0.,1.));
#423 = DIRECTION('',(1.,0.,0.));
#424 = ORIENTED_EDGE('',*,*,#425,.T.);
#425 = EDGE_CURVE('',#417,#426,#428,.T.);
#426 = VERTEX_POINT('',#427);
#427 = CARTESIAN_POINT('',(71.,-34.,2.));
#428 = LINE('',#429,#430);
#429 = CARTESIAN_POINT('',(3.,-34.,2.));
#430 = VECTOR('',#431,1.);
#431 = DIRECTION('',(1.,0.,0.));
#432 = ORIENTED_EDGE('',*,*,#433,.T.);
#433 = EDGE_CURVE('',#426,#434,#436,.T.);
#434 = VERTEX_POINT('',#435);
#435 = CARTESIAN_POINT('',(76.,-29.,2.));
#436 = CIRCLE('',#437,5.);
#437 = AXIS2_PLACEMENT_3D('',#438,#439,#440);
#438 = CARTESIAN_POINT('',(71.,-29.,2.));
#439 = DIRECTION('',(0.,0.,1.));
#440 = DIRECTION('',(1.,0.,0.));
#441 = ORIENTED_EDGE('',*,*,#442,.T.);
#442 = EDGE_CURVE('',#434,#443,#445,.T.);
#443 = VERTEX_POINT('',#444);
#444 = CARTESIAN_POINT('',(76.,-3.,2.));
#445 = LINE('',#446,#447);
#446 = CARTESIAN_POINT('',(76.,-29.,2.));
#447 = VECTOR('',#448,1.);
#448 = DIRECTION('',(0.,1.,0.));
#449 = ORIENTED_EDGE('',*,*,#450,.T.);
#450 = EDGE_CURVE('',#443,#451,#453,.T.);
#451 = VERTEX_POINT('',#452);
#452 = CARTESIAN_POINT('',(71.,2.,2.));
#453 = CIRCLE('',#454,5.);
#454 = AXIS2_PLACEMENT_3D('',#455,#456,#457);
#455 = CARTESIAN_POINT('',(71.,-3.,2.));
#456 = DIRECTION('',(0.,0.,1.));
#457 = DIRECTION('',(1.,0.,0.));
#458 = ORIENTED_EDGE('',*,*,#459,.T.);
#459 = EDGE_CURVE('',#451,#460,#462,.T.);
#460 = VERTEX_POINT('',#461);
#461 = CARTESIAN_POINT('',(3.,2.,2.));
#462 = LINE('',#463,#464);
#463 = CARTESIAN_POINT('',(71.,2.,2.));
#464 = VECTOR('',#465,1.);
#465 = DIRECTION('',(-1.,8.E-17,0.));
#466 = ORIENTED_EDGE('',*,*,#467,.T.);
#467 = EDGE_CURVE('',#460,#407,#468,.T.);
#468 = CIRCLE('',#469,5.);
#469 = AXIS2_PLACEMENT_3D('',#470,#471,#472);
#470 = CARTESIAN_POINT('',(3.,-3.,2.));
#471 = DIRECTION('',(0.,0.,1.));
#472 = DIRECTION('',(1.,0.,0.));
#473 = FACE_BOUND('',#474,.T.);
#474 = EDGE_LOOP('',(#475,#486,#494,#503,#511,#520,#528,#537));
#475 = ORIENTED_EDGE('',*,*,#476,.F.);
#476 = EDGE_CURVE('',#477,#479,#481,.T.);
#477 = VERTEX_POINT('',#478);
#478 = CARTESIAN_POINT('',(48.465678,-28.56529,2.));
#479 = VERTEX_POINT('',#480);
#480 = CARTESIAN_POINT('',(49.465678,-27.56529,2.));
#481 = CIRCLE('',#482,1.);
#482 = AXIS2_PLACEMENT_3D('',#483,#484,#485);
#483 = CARTESIAN_POINT('',(48.465678,-27.56529,2.));
#484 = DIRECTION('',(-0.,0.,1.));
#485 = DIRECTION('',(0.,-1.,0.));
#486 = ORIENTED_EDGE('',*,*,#487,.T.);
#487 = EDGE_CURVE('',#477,#488,#490,.T.);
#488 = VERTEX_POINT('',#489);
#489 = CARTESIAN_POINT('',(28.465678,-28.56529,2.));
#490 = LINE('',#491,#492);
#491 = CARTESIAN_POINT('',(44.331244037736,-28.56529,2.));
#492 = VECTOR('',#493,1.);
#493 = DIRECTION('',(-1.,0.,0.));
#494 = ORIENTED_EDGE('',*,*,#495,.T.);
#495 = EDGE_CURVE('',#488,#496,#498,.T.);
#496 = VERTEX_POINT('',#497);
#497 = CARTESIAN_POINT('',(27.465678,-27.56529,2.));
#498 = CIRCLE('',#499,1.);
#499 = AXIS2_PLACEMENT_3D('',#500,#501,#502);
#500 = CARTESIAN_POINT('',(28.465678,-27.56529,2.));
#501 = DIRECTION('',(-0.,-0.,-1.));
#502 = DIRECTION('',(0.,-1.,0.));
#503 = ORIENTED_EDGE('',*,*,#504,.T.);
#504 = EDGE_CURVE('',#496,#505,#507,.T.);
#505 = VERTEX_POINT('',#506);
#506 = CARTESIAN_POINT('',(27.465678,-7.56529,2.));
#507 = LINE('',#508,#509);
#508 = CARTESIAN_POINT('',(27.465678,-23.81529,2.));
#509 = VECTOR('',#510,1.);
#510 = DIRECTION('',(0.,1.,0.));
#511 = ORIENTED_EDGE('',*,*,#512,.F.);
#512 = EDGE_CURVE('',#513,#505,#515,.T.);
#513 = VERTEX_POINT('',#514);
#514 = CARTESIAN_POINT('',(28.465678,-6.56529,2.));
#515 = CIRCLE('',#516,1.);
#516 = AXIS2_PLACEMENT_3D('',#517,#518,#519);
#517 = CARTESIAN_POINT('',(28.465678,-7.56529,2.));
#518 = DIRECTION('',(-0.,0.,1.));
#519 = DIRECTION('',(0.,-1.,0.));
#520 = ORIENTED_EDGE('',*,*,#521,.T.);
#521 = EDGE_CURVE('',#513,#522,#524,.T.);
#522 = VERTEX_POINT('',#523);
#523 = CARTESIAN_POINT('',(48.465678,-6.56529,2.));
#524 = LINE('',#525,#526);
#525 = CARTESIAN_POINT('',(44.331244037736,-6.56529,2.));
#526 = VECTOR('',#527,1.);
#527 = DIRECTION('',(1.,0.,0.));
#528 = ORIENTED_EDGE('',*,*,#529,.F.);
#529 = EDGE_CURVE('',#530,#522,#532,.T.);
#530 = VERTEX_POINT('',#531);
#531 = CARTESIAN_POINT('',(49.465678,-7.56529,2.));
#532 = CIRCLE('',#533,1.);
#533 = AXIS2_PLACEMENT_3D('',#534,#535,#536);
#534 = CARTESIAN_POINT('',(48.465678,-7.56529,2.));
#535 = DIRECTION('',(-0.,0.,1.));
#536 = DIRECTION('',(0.,-1.,0.));
#537 = ORIENTED_EDGE('',*,*,#538,.T.);
#538 = EDGE_CURVE('',#530,#479,#539,.T.);
#539 = LINE('',#540,#541);
#540 = CARTESIAN_POINT('',(49.465678,-6.56529,2.));
#541 = VECTOR('',#542,1.);
#542 = DIRECTION('',(0.,-1.,0.));
#543 = FACE_BOUND('',#544,.T.);
#544 = EDGE_LOOP('',(#545));
#545 = ORIENTED_EDGE('',*,*,#546,.F.);
#546 = EDGE_CURVE('',#547,#547,#549,.T.);
#547 = VERTEX_POINT('',#548);
#548 = CARTESIAN_POINT('',(19.565682,-14.352047,2.));
#549 = CIRCLE('',#550,5.5);
#550 = AXIS2_PLACEMENT_3D('',#551,#552,#553);
#551 = CARTESIAN_POINT('',(14.065682,-14.352047,2.));
#552 = DIRECTION('',(0.,0.,1.));
#553 = DIRECTION('',(1.,0.,0.));
#554 = FACE_BOUND('',#555,.T.);
#555 = EDGE_LOOP('',(#556));
#556 = ORIENTED_EDGE('',*,*,#557,.F.);
#557 = EDGE_CURVE('',#558,#558,#560,.T.);
#558 = VERTEX_POINT('',#559);
#559 = CARTESIAN_POINT('',(71.014615,-16.714498,2.));
#560 = CIRCLE('',#561,4.);
#561 = AXIS2_PLACEMENT_3D('',#562,#563,#564);
#562 = CARTESIAN_POINT('',(67.014615,-16.714498,2.));
#563 = DIRECTION('',(0.,0.,1.));
#564 = DIRECTION('',(1.,0.,0.));
#565 = FACE_BOUND('',#566,.T.);
#566 = EDGE_LOOP('',(#567));
#567 = ORIENTED_EDGE('',*,*,#568,.F.);
#568 = EDGE_CURVE('',#569,#569,#571,.T.);
#569 = VERTEX_POINT('',#570);
#570 = CARTESIAN_POINT('',(63.773836,-10.235219,2.));
#571 = CIRCLE('',#572,4.);
#572 = AXIS2_PLACEMENT_3D('',#573,#574,#575);
#573 = CARTESIAN_POINT('',(59.773836,-10.235219,2.));
#574 = DIRECTION('',(0.,0.,1.));
#575 = DIRECTION('',(1.,0.,0.));
#576 = FACE_BOUND('',#577,.T.);
#577 = EDGE_LOOP('',(#578,#588,#596,#604,#612,#620));
#578 = ORIENTED_EDGE('',*,*,#579,.T.);
#579 = EDGE_CURVE('',#580,#582,#584,.T.);
#580 = VERTEX_POINT('',#581);
#581 = CARTESIAN_POINT('',(72.1,-21.,2.));
#582 = VERTEX_POINT('',#583);
#583 = CARTESIAN_POINT('',(71.3,-21.,2.));
#584 = LINE('',#585,#586);
#585 = CARTESIAN_POINT('',(54.829980496997,-21.,2.));
#586 = VECTOR('',#587,1.);
#587 = DIRECTION('',(-1.,9.6E-16,0.));
#588 = ORIENTED_EDGE('',*,*,#589,.T.);
#589 = EDGE_CURVE('',#582,#590,#592,.T.);
#590 = VERTEX_POINT('',#591);
#591 = CARTESIAN_POINT('',(71.3,-11.,2.));
#592 = LINE('',#593,#594);
#593 = CARTESIAN_POINT('',(71.3,-21.,2.));
#594 = VECTOR('',#595,1.);
#595 = DIRECTION('',(0.,1.,0.));
#596 = ORIENTED_EDGE('',*,*,#597,.F.);
#597 = EDGE_CURVE('',#598,#590,#600,.T.);
#598 = VERTEX_POINT('',#599);
#599 = CARTESIAN_POINT('',(72.1,-11.,2.));
#600 = LINE('',#601,#602);
#601 = CARTESIAN_POINT('',(54.829980496997,-11.,2.));
#602 = VECTOR('',#603,1.);
#603 = DIRECTION('',(-1.,-3.17E-15,0.));
#604 = ORIENTED_EDGE('',*,*,#605,.T.);
#605 = EDGE_CURVE('',#598,#606,#608,.T.);
#606 = VERTEX_POINT('',#607);
#607 = CARTESIAN_POINT('',(72.9,-11.,2.));
#608 = LINE('',#609,#610);
#609 = CARTESIAN_POINT('',(72.1,-11.,2.));
#610 = VECTOR('',#611,1.);
#611 = DIRECTION('',(1.,0.,0.));
#612 = ORIENTED_EDGE('',*,*,#613,.F.);
#613 = EDGE_CURVE('',#614,#606,#616,.T.);
#614 = VERTEX_POINT('',#615);
#615 = CARTESIAN_POINT('',(72.9,-21.,2.));
#616 = LINE('',#617,#618);
#617 = CARTESIAN_POINT('',(72.9,-28.9,2.));
#618 = VECTOR('',#619,1.);
#619 = DIRECTION('',(0.,1.,0.));
#620 = ORIENTED_EDGE('',*,*,#621,.T.);
#621 = EDGE_CURVE('',#614,#580,#622,.T.);
#622 = LINE('',#623,#624);
#623 = CARTESIAN_POINT('',(72.9,-21.,2.));
#624 = VECTOR('',#625,1.);
#625 = DIRECTION('',(-1.,0.,0.));
#626 = FACE_BOUND('',#627,.T.);
#627 = EDGE_LOOP('',(#628,#638,#669,#677,#686,#694,#703,#711,#720,#728,
    #736,#744,#753,#761,#770,#778,#787,#795,#804,#813,#821,#830,#838,
    #846,#854,#862,#870));
#628 = ORIENTED_EDGE('',*,*,#629,.T.);
#629 = EDGE_CURVE('',#630,#632,#634,.T.);
#630 = VERTEX_POINT('',#631);
#631 = CARTESIAN_POINT('',(70.5,-6.4,2.));
#632 = VERTEX_POINT('',#633);
#633 = CARTESIAN_POINT('',(70.5,-1.7,2.));
#634 = LINE('',#635,#636);
#635 = CARTESIAN_POINT('',(70.5,-7.9,2.));
#636 = VECTOR('',#637,1.);
#637 = DIRECTION('',(0.,1.,0.));
#638 = ORIENTED_EDGE('',*,*,#639,.T.);
#639 = EDGE_CURVE('',#632,#640,#642,.T.);
#640 = VERTEX_POINT('',#641);
#641 = CARTESIAN_POINT('',(69.7,-0.9,2.));
#642 = B_SPLINE_CURVE_WITH_KNOTS('',5,(#643,#644,#645,#646,#647,#648,
    #649,#650,#651,#652,#653,#654,#655,#656,#657,#658,#659,#660,#661,
    #662,#663,#664,#665,#666,#667,#668),.UNSPECIFIED.,.F.,.F.,(6,4,4,4,4
    ,4,6),(0.,0.148271103867,0.251945445779,0.5,0.748054554221,
    0.851728896133,1.),.UNSPECIFIED.);
#643 = CARTESIAN_POINT('',(70.5,-1.7,2.));
#644 = CARTESIAN_POINT('',(70.5,-1.664308012119,2.));
#645 = CARTESIAN_POINT('',(70.498009492346,-1.628253882837,2.));
#646 = CARTESIAN_POINT('',(70.493947758759,-1.592027847136,2.));
#647 = CARTESIAN_POINT('',(70.487767513252,-1.55583363934,2.));
#648 = CARTESIAN_POINT('',(70.473650501717,-1.494742602351,2.));
#649 = CARTESIAN_POINT('',(70.466801111042,-1.469721788382,2.));
#650 = CARTESIAN_POINT('',(70.458908171721,-1.444890629381,2.));
#651 = CARTESIAN_POINT('',(70.449977293275,-1.420320461551,2.));
#652 = CARTESIAN_POINT('',(70.416205819008,-1.338088812167,2.));
#653 = CARTESIAN_POINT('',(70.386526099411,-1.28198760609,2.));
#654 = CARTESIAN_POINT('',(70.351189647037,-1.228763119583,2.));
#655 = CARTESIAN_POINT('',(70.31067097471,-1.179300124812,2.));
#656 = CARTESIAN_POINT('',(70.220699875188,-1.08932902529,2.));
#657 = CARTESIAN_POINT('',(70.171236880417,-1.048810352963,2.));
#658 = CARTESIAN_POINT('',(70.11801239391,-1.013473900589,2.));
#659 = CARTESIAN_POINT('',(70.061911187833,-0.983794180992,2.));
#660 = CARTESIAN_POINT('',(69.979679538449,-0.950022706725,2.));
#661 = CARTESIAN_POINT('',(69.955109370619,-0.941091828279,2.));
#662 = CARTESIAN_POINT('',(69.930278211618,-0.933198888958,2.));
#663 = CARTESIAN_POINT('',(69.905257397649,-0.926349498283,2.));
#664 = CARTESIAN_POINT('',(69.844166360659,-0.912232486748,2.));
#665 = CARTESIAN_POINT('',(69.807972152864,-0.906052241241,2.));
#666 = CARTESIAN_POINT('',(69.771746117163,-0.901990507653,2.));
#667 = CARTESIAN_POINT('',(69.735691987881,-0.9,2.));
#668 = CARTESIAN_POINT('',(69.7,-0.9,2.));
#669 = ORIENTED_EDGE('',*,*,#670,.T.);
#670 = EDGE_CURVE('',#640,#671,#673,.T.);
#671 = VERTEX_POINT('',#672);
#672 = CARTESIAN_POINT('',(7.3,-0.9,2.));
#673 = LINE('',#674,#675);
#674 = CARTESIAN_POINT('',(69.9,-0.9,2.));
#675 = VECTOR('',#676,1.);
#676 = DIRECTION('',(-1.,-8.E-17,0.));
#677 = ORIENTED_EDGE('',*,*,#678,.F.);
#678 = EDGE_CURVE('',#679,#671,#681,.T.);
#679 = VERTEX_POINT('',#680);
#680 = CARTESIAN_POINT('',(6.5,-1.7,2.));
#681 = CIRCLE('',#682,0.8);
#682 = AXIS2_PLACEMENT_3D('',#683,#684,#685);
#683 = CARTESIAN_POINT('',(7.3,-1.7,2.));
#684 = DIRECTION('',(0.,0.,-1.));
#685 = DIRECTION('',(0.,1.,0.));
#686 = ORIENTED_EDGE('',*,*,#687,.T.);
#687 = EDGE_CURVE('',#679,#688,#690,.T.);
#688 = VERTEX_POINT('',#689);
#689 = CARTESIAN_POINT('',(6.5,-5.7,2.));
#690 = LINE('',#691,#692);
#691 = CARTESIAN_POINT('',(6.5,-0.9,2.));
#692 = VECTOR('',#693,1.);
#693 = DIRECTION('',(0.,-1.,0.));
#694 = ORIENTED_EDGE('',*,*,#695,.F.);
#695 = EDGE_CURVE('',#696,#688,#698,.T.);
#696 = VERTEX_POINT('',#697);
#697 = CARTESIAN_POINT('',(4.3,-7.9,2.));
#698 = CIRCLE('',#699,2.2);
#699 = AXIS2_PLACEMENT_3D('',#700,#701,#702);
#700 = CARTESIAN_POINT('',(4.3,-5.7,2.));
#701 = DIRECTION('',(0.,-0.,1.));
#702 = DIRECTION('',(0.,1.,0.));
#703 = ORIENTED_EDGE('',*,*,#704,.T.);
#704 = EDGE_CURVE('',#696,#705,#707,.T.);
#705 = VERTEX_POINT('',#706);
#706 = CARTESIAN_POINT('',(3.1,-7.9,2.));
#707 = LINE('',#708,#709);
#708 = CARTESIAN_POINT('',(6.5,-7.9,2.));
#709 = VECTOR('',#710,1.);
#710 = DIRECTION('',(-1.,0.,0.));
#711 = ORIENTED_EDGE('',*,*,#712,.F.);
#712 = EDGE_CURVE('',#713,#705,#715,.T.);
#713 = VERTEX_POINT('',#714);
#714 = CARTESIAN_POINT('',(1.9,-9.1,2.));
#715 = CIRCLE('',#716,1.2);
#716 = AXIS2_PLACEMENT_3D('',#717,#718,#719);
#717 = CARTESIAN_POINT('',(3.1,-9.1,2.));
#718 = DIRECTION('',(0.,0.,-1.));
#719 = DIRECTION('',(0.,1.,0.));
#720 = ORIENTED_EDGE('',*,*,#721,.T.);
#721 = EDGE_CURVE('',#713,#722,#724,.T.);
#722 = VERTEX_POINT('',#723);
#723 = CARTESIAN_POINT('',(1.9,-10.,2.));
#724 = LINE('',#725,#726);
#725 = CARTESIAN_POINT('',(1.9,-3.1,2.));
#726 = VECTOR('',#727,1.);
#727 = DIRECTION('',(0.,-1.,0.));
#728 = ORIENTED_EDGE('',*,*,#729,.T.);
#729 = EDGE_CURVE('',#722,#730,#732,.T.);
#730 = VERTEX_POINT('',#731);
#731 = CARTESIAN_POINT('',(1.1,-10.,2.));
#732 = LINE('',#733,#734);
#733 = CARTESIAN_POINT('',(1.9,-10.,2.));
#734 = VECTOR('',#735,1.);
#735 = DIRECTION('',(-1.,0.,0.));
#736 = ORIENTED_EDGE('',*,*,#737,.F.);
#737 = EDGE_CURVE('',#738,#730,#740,.T.);
#738 = VERTEX_POINT('',#739);
#739 = CARTESIAN_POINT('',(1.1,-9.1,2.));
#740 = LINE('',#741,#742);
#741 = CARTESIAN_POINT('',(1.1,-3.1,2.));
#742 = VECTOR('',#743,1.);
#743 = DIRECTION('',(0.,-1.,0.));
#744 = ORIENTED_EDGE('',*,*,#745,.T.);
#745 = EDGE_CURVE('',#738,#746,#748,.T.);
#746 = VERTEX_POINT('',#747);
#747 = CARTESIAN_POINT('',(3.1,-7.1,2.));
#748 = CIRCLE('',#749,2.);
#749 = AXIS2_PLACEMENT_3D('',#750,#751,#752);
#750 = CARTESIAN_POINT('',(3.1,-9.1,2.));
#751 = DIRECTION('',(0.,0.,-1.));
#752 = DIRECTION('',(0.,1.,0.));
#753 = ORIENTED_EDGE('',*,*,#754,.T.);
#754 = EDGE_CURVE('',#746,#755,#757,.T.);
#755 = VERTEX_POINT('',#756);
#756 = CARTESIAN_POINT('',(4.3,-7.1,2.));
#757 = LINE('',#758,#759);
#758 = CARTESIAN_POINT('',(1.1,-7.1,2.));
#759 = VECTOR('',#760,1.);
#760 = DIRECTION('',(1.,0.,0.));
#761 = ORIENTED_EDGE('',*,*,#762,.T.);
#762 = EDGE_CURVE('',#755,#763,#765,.T.);
#763 = VERTEX_POINT('',#764);
#764 = CARTESIAN_POINT('',(5.7,-5.7,2.));
#765 = CIRCLE('',#766,1.4);
#766 = AXIS2_PLACEMENT_3D('',#767,#768,#769);
#767 = CARTESIAN_POINT('',(4.3,-5.7,2.));
#768 = DIRECTION('',(0.,-0.,1.));
#769 = DIRECTION('',(0.,1.,0.));
#770 = ORIENTED_EDGE('',*,*,#771,.T.);
#771 = EDGE_CURVE('',#763,#772,#774,.T.);
#772 = VERTEX_POINT('',#773);
#773 = CARTESIAN_POINT('',(5.7,-1.5,2.));
#774 = LINE('',#775,#776);
#775 = CARTESIAN_POINT('',(5.7,-7.1,2.));
#776 = VECTOR('',#777,1.);
#777 = DIRECTION('',(0.,1.,0.));
#778 = ORIENTED_EDGE('',*,*,#779,.F.);
#779 = EDGE_CURVE('',#780,#772,#782,.T.);
#780 = VERTEX_POINT('',#781);
#781 = CARTESIAN_POINT('',(7.1,-0.1,2.));
#782 = CIRCLE('',#783,1.4);
#783 = AXIS2_PLACEMENT_3D('',#784,#785,#786);
#784 = CARTESIAN_POINT('',(7.1,-1.5,2.));
#785 = DIRECTION('',(0.,-0.,1.));
#786 = DIRECTION('',(0.,1.,0.));
#787 = ORIENTED_EDGE('',*,*,#788,.F.);
#788 = EDGE_CURVE('',#789,#780,#791,.T.);
#789 = VERTEX_POINT('',#790);
#790 = CARTESIAN_POINT('',(69.9,-0.1,2.));
#791 = LINE('',#792,#793);
#792 = CARTESIAN_POINT('',(69.9,-0.1,2.));
#793 = VECTOR('',#794,1.);
#794 = DIRECTION('',(-1.,0.,0.));
#795 = ORIENTED_EDGE('',*,*,#796,.F.);
#796 = EDGE_CURVE('',#797,#789,#799,.T.);
#797 = VERTEX_POINT('',#798);
#798 = CARTESIAN_POINT('',(69.918633540373,-0.100057868696,2.));
#799 = CIRCLE('',#800,3.);
#800 = AXIS2_PLACEMENT_3D('',#801,#802,#803);
#801 = CARTESIAN_POINT('',(69.9,-3.1,2.));
#802 = DIRECTION('',(0.,0.,1.));
#803 = DIRECTION('',(1.,0.,0.));
#804 = ORIENTED_EDGE('',*,*,#805,.T.);
#805 = EDGE_CURVE('',#797,#806,#808,.T.);
#806 = VERTEX_POINT('',#807);
#807 = CARTESIAN_POINT('',(71.3,-1.4900310562,2.));
#808 = CIRCLE('',#809,1.39);
#809 = AXIS2_PLACEMENT_3D('',#810,#811,#812);
#810 = CARTESIAN_POINT('',(69.91,-1.4900310562,2.));
#811 = DIRECTION('',(0.,0.,-1.));
#812 = DIRECTION('',(0.,1.,0.));
#813 = ORIENTED_EDGE('',*,*,#814,.T.);
#814 = EDGE_CURVE('',#806,#815,#817,.T.);
#815 = VERTEX_POINT('',#816);
#816 = CARTESIAN_POINT('',(71.3,-6.1,2.));
#817 = LINE('',#818,#819);
#818 = CARTESIAN_POINT('',(71.3,-0.1,2.));
#819 = VECTOR('',#820,1.);
#820 = DIRECTION('',(0.,-1.,0.));
#821 = ORIENTED_EDGE('',*,*,#822,.F.);
#822 = EDGE_CURVE('',#823,#815,#825,.T.);
#823 = VERTEX_POINT('',#824);
#824 = CARTESIAN_POINT('',(72.3,-7.1,2.));
#825 = CIRCLE('',#826,1.);
#826 = AXIS2_PLACEMENT_3D('',#827,#828,#829);
#827 = CARTESIAN_POINT('',(72.3,-6.1,2.));
#828 = DIRECTION('',(0.,0.,-1.));
#829 = DIRECTION('',(0.,1.,0.));
#830 = ORIENTED_EDGE('',*,*,#831,.T.);
#831 = EDGE_CURVE('',#823,#832,#834,.T.);
#832 = VERTEX_POINT('',#833);
#833 = CARTESIAN_POINT('',(72.9,-7.1,2.));
#834 = LINE('',#835,#836);
#835 = CARTESIAN_POINT('',(71.3,-7.1,2.));
#836 = VECTOR('',#837,1.);
#837 = DIRECTION('',(1.,0.,0.));
#838 = ORIENTED_EDGE('',*,*,#839,.F.);
#839 = EDGE_CURVE('',#840,#832,#842,.T.);
#840 = VERTEX_POINT('',#841);
#841 = CARTESIAN_POINT('',(72.9,-10.,2.));
#842 = LINE('',#843,#844);
#843 = CARTESIAN_POINT('',(72.9,-28.9,2.));
#844 = VECTOR('',#845,1.);
#845 = DIRECTION('',(0.,1.,0.));
#846 = ORIENTED_EDGE('',*,*,#847,.T.);
#847 = EDGE_CURVE('',#840,#848,#850,.T.);
#848 = VERTEX_POINT('',#849);
#849 = CARTESIAN_POINT('',(72.1,-10.,2.));
#850 = LINE('',#851,#852);
#851 = CARTESIAN_POINT('',(72.9,-10.,2.));
#852 = VECTOR('',#853,1.);
#853 = DIRECTION('',(-1.,0.,0.));
#854 = ORIENTED_EDGE('',*,*,#855,.T.);
#855 = EDGE_CURVE('',#848,#856,#858,.T.);
#856 = VERTEX_POINT('',#857);
#857 = CARTESIAN_POINT('',(72.1,-7.9,2.));
#858 = LINE('',#859,#860);
#859 = CARTESIAN_POINT('',(72.1,-28.9,2.));
#860 = VECTOR('',#861,1.);
#861 = DIRECTION('',(0.,1.,0.));
#862 = ORIENTED_EDGE('',*,*,#863,.T.);
#863 = EDGE_CURVE('',#856,#864,#866,.T.);
#864 = VERTEX_POINT('',#865);
#865 = CARTESIAN_POINT('',(72.,-7.9,2.));
#866 = LINE('',#867,#868);
#867 = CARTESIAN_POINT('',(72.1,-7.9,2.));
#868 = VECTOR('',#869,1.);
#869 = DIRECTION('',(-1.,0.,0.));
#870 = ORIENTED_EDGE('',*,*,#871,.T.);
#871 = EDGE_CURVE('',#864,#630,#872,.T.);
#872 = CIRCLE('',#873,1.5);
#873 = AXIS2_PLACEMENT_3D('',#874,#875,#876);
#874 = CARTESIAN_POINT('',(72.,-6.4,2.));
#875 = DIRECTION('',(0.,0.,-1.));
#876 = DIRECTION('',(0.,1.,0.));
#877 = PLANE('',#878);
#878 = AXIS2_PLACEMENT_3D('',#879,#880,#881);
#879 = CARTESIAN_POINT('',(37.,-16.,2.));
#880 = DIRECTION('',(0.,0.,1.));
#881 = DIRECTION('',(1.,0.,0.));
#882 = ADVANCED_FACE('',(#883),#910,.T.);
#883 = FACE_BOUND('',#884,.T.);
#884 = EDGE_LOOP('',(#885,#895,#901,#902));
#885 = ORIENTED_EDGE('',*,*,#886,.F.);
#886 = EDGE_CURVE('',#887,#889,#891,.T.);
#887 = VERTEX_POINT('',#888);
#888 = CARTESIAN_POINT('',(70.5,-25.6,3.));
#889 = VERTEX_POINT('',#890);
#890 = CARTESIAN_POINT('',(70.5,-30.3,3.));
#891 = LINE('',#892,#893);
#892 = CARTESIAN_POINT('',(70.5,-24.1,3.));
#893 = VECTOR('',#894,1.);
#894 = DIRECTION('',(0.,-1.,0.));
#895 = ORIENTED_EDGE('',*,*,#896,.T.);
#896 = EDGE_CURVE('',#887,#22,#897,.T.);
#897 = LINE('',#898,#899);
#898 = CARTESIAN_POINT('',(70.5,-25.6,3.));
#899 = VECTOR('',#900,1.);
#900 = DIRECTION('',(-0.,-0.,-1.));
#901 = ORIENTED_EDGE('',*,*,#21,.T.);
#902 = ORIENTED_EDGE('',*,*,#903,.F.);
#903 = EDGE_CURVE('',#889,#24,#904,.T.);
#904 = B_SPLINE_CURVE_WITH_KNOTS('',2,(#905,#906,#907,#908,#909),
  .UNSPECIFIED.,.F.,.F.,(3,1,1,3),(-6.119999999999E-02,5.17E-15,1.,
    1.0612),.UNSPECIFIED.);
#905 = CARTESIAN_POINT('',(70.5,-30.3,3.0612));
#906 = CARTESIAN_POINT('',(70.5,-30.3,3.0306));
#907 = CARTESIAN_POINT('',(70.5,-30.3,2.5));
#908 = CARTESIAN_POINT('',(70.5,-30.3,1.9694));
#909 = CARTESIAN_POINT('',(70.5,-30.3,1.9388));
#910 = PLANE('',#911);
#911 = AXIS2_PLACEMENT_3D('',#912,#913,#914);
#912 = CARTESIAN_POINT('',(70.5,-24.1,3.));
#913 = DIRECTION('',(-1.,0.,0.));
#914 = DIRECTION('',(0.,-1.,0.));
#915 = ADVANCED_FACE('',(#916),#959,.F.);
#916 = FACE_BOUND('',#917,.F.);
#917 = EDGE_LOOP('',(#918,#949,#957,#958));
#918 = ORIENTED_EDGE('',*,*,#919,.T.);
#919 = EDGE_CURVE('',#889,#920,#922,.T.);
#920 = VERTEX_POINT('',#921);
#921 = CARTESIAN_POINT('',(69.7,-31.1,3.));
#922 = B_SPLINE_CURVE_WITH_KNOTS('',5,(#923,#924,#925,#926,#927,#928,
    #929,#930,#931,#932,#933,#934,#935,#936,#937,#938,#939,#940,#941,
    #942,#943,#944,#945,#946,#947,#948),.UNSPECIFIED.,.F.,.F.,(6,4,4,4,4
    ,4,6),(0.,0.148271103867,0.251945445779,0.5,0.748054554221,
    0.851728896133,1.),.UNSPECIFIED.);
#923 = CARTESIAN_POINT('',(70.5,-30.3,3.));
#924 = CARTESIAN_POINT('',(70.5,-30.33569198788,3.));
#925 = CARTESIAN_POINT('',(70.498009492346,-30.37174611716,3.));
#926 = CARTESIAN_POINT('',(70.493947758759,-30.40797215286,3.));
#927 = CARTESIAN_POINT('',(70.487767513252,-30.44416636066,3.));
#928 = CARTESIAN_POINT('',(70.473650501717,-30.50525739764,3.));
#929 = CARTESIAN_POINT('',(70.466801111042,-30.53027821161,3.));
#930 = CARTESIAN_POINT('',(70.458908171721,-30.55510937061,3.));
#931 = CARTESIAN_POINT('',(70.449977293275,-30.57967953844,3.));
#932 = CARTESIAN_POINT('',(70.416205819008,-30.66191118783,3.));
#933 = CARTESIAN_POINT('',(70.386526099411,-30.71801239391,3.));
#934 = CARTESIAN_POINT('',(70.351189647037,-30.77123688041,3.));
#935 = CARTESIAN_POINT('',(70.31067097471,-30.82069987518,3.));
#936 = CARTESIAN_POINT('',(70.220699875188,-30.91067097471,3.));
#937 = CARTESIAN_POINT('',(70.171236880417,-30.95118964703,3.));
#938 = CARTESIAN_POINT('',(70.11801239391,-30.98652609941,3.));
#939 = CARTESIAN_POINT('',(70.061911187833,-31.016205819,3.));
#940 = CARTESIAN_POINT('',(69.979679538449,-31.04997729327,3.));
#941 = CARTESIAN_POINT('',(69.955109370619,-31.05890817172,3.));
#942 = CARTESIAN_POINT('',(69.930278211618,-31.06680111104,3.));
#943 = CARTESIAN_POINT('',(69.905257397649,-31.07365050171,3.));
#944 = CARTESIAN_POINT('',(69.844166360659,-31.08776751325,3.));
#945 = CARTESIAN_POINT('',(69.807972152864,-31.09394775875,3.));
#946 = CARTESIAN_POINT('',(69.771746117163,-31.09800949234,3.));
#947 = CARTESIAN_POINT('',(69.735691987881,-31.1,3.));
#948 = CARTESIAN_POINT('',(69.7,-31.1,3.));
#949 = ORIENTED_EDGE('',*,*,#950,.T.);
#950 = EDGE_CURVE('',#920,#234,#951,.T.);
#951 = B_SPLINE_CURVE_WITH_KNOTS('',2,(#952,#953,#954,#955,#956),
  .UNSPECIFIED.,.F.,.F.,(3,1,1,3),(-6.119999999999E-02,5.17E-15,1.,
    1.0612),.UNSPECIFIED.);
#952 = CARTESIAN_POINT('',(69.7,-31.1,3.0612));
#953 = CARTESIAN_POINT('',(69.7,-31.1,3.0306));
#954 = CARTESIAN_POINT('',(69.7,-31.1,2.5));
#955 = CARTESIAN_POINT('',(69.7,-31.1,1.9694));
#956 = CARTESIAN_POINT('',(69.7,-31.1,1.9388));
#957 = ORIENTED_EDGE('',*,*,#241,.F.);
#958 = ORIENTED_EDGE('',*,*,#903,.F.);
#959 = ( BOUNDED_SURFACE() B_SPLINE_SURFACE(2,2,(
    (#960,#961,#962,#963,#964)
    ,(#965,#966,#967,#968,#969)
    ,(#970,#971,#972,#973,#974
)),.UNSPECIFIED.,.F.,.F.,.F.) B_SPLINE_SURFACE_WITH_KNOTS((3,3),(3,1,1,3
    ),(0.,1.),(-6.119999999999E-02,5.17E-15,1.,1.0612),.UNSPECIFIED.) 
GEOMETRIC_REPRESENTATION_ITEM() RATIONAL_B_SPLINE_SURFACE((
    (1.,1.,1.,1.,1.)
    ,(0.707106781187,0.707106781187,0.707106781187,0.707106781187
      ,0.707106781187)
,(1.,1.,1.,1.,1.))) REPRESENTATION_ITEM('') SURFACE() );
#960 = CARTESIAN_POINT('',(70.5,-30.3,3.0612));
#961 = CARTESIAN_POINT('',(70.5,-30.3,3.0306));
#962 = CARTESIAN_POINT('',(70.5,-30.3,2.5));
#963 = CARTESIAN_POINT('',(70.5,-30.3,1.9694));
#964 = CARTESIAN_POINT('',(70.5,-30.3,1.9388));
#965 = CARTESIAN_POINT('',(70.5,-31.1,3.0612));
#966 = CARTESIAN_POINT('',(70.5,-31.1,3.0306));
#967 = CARTESIAN_POINT('',(70.5,-31.1,2.5));
#968 = CARTESIAN_POINT('',(70.5,-31.1,1.9694));
#969 = CARTESIAN_POINT('',(70.5,-31.1,1.9388));
#970 = CARTESIAN_POINT('',(69.7,-31.1,3.0612));
#971 = CARTESIAN_POINT('',(69.7,-31.1,3.0306));
#972 = CARTESIAN_POINT('',(69.7,-31.1,2.5));
#973 = CARTESIAN_POINT('',(69.7,-31.1,1.9694));
#974 = CARTESIAN_POINT('',(69.7,-31.1,1.9388));
#975 = ADVANCED_FACE('',(#976),#995,.T.);
#976 = FACE_BOUND('',#977,.T.);
#977 = EDGE_LOOP('',(#978,#987,#993,#994));
#978 = ORIENTED_EDGE('',*,*,#979,.T.);
#979 = EDGE_CURVE('',#887,#980,#982,.T.);
#980 = VERTEX_POINT('',#981);
#981 = CARTESIAN_POINT('',(72.,-24.1,3.));
#982 = CIRCLE('',#983,1.5);
#983 = AXIS2_PLACEMENT_3D('',#984,#985,#986);
#984 = CARTESIAN_POINT('',(72.,-25.6,3.));
#985 = DIRECTION('',(0.,0.,-1.));
#986 = DIRECTION('',(0.,1.,0.));
#987 = ORIENTED_EDGE('',*,*,#988,.T.);
#988 = EDGE_CURVE('',#980,#32,#989,.T.);
#989 = LINE('',#990,#991);
#990 = CARTESIAN_POINT('',(72.,-24.1,3.));
#991 = VECTOR('',#992,1.);
#992 = DIRECTION('',(-0.,-0.,-1.));
#993 = ORIENTED_EDGE('',*,*,#31,.F.);
#994 = ORIENTED_EDGE('',*,*,#896,.F.);
#995 = CYLINDRICAL_SURFACE('',#996,1.5);
#996 = AXIS2_PLACEMENT_3D('',#997,#998,#999);
#997 = CARTESIAN_POINT('',(72.,-25.6,3.));
#998 = DIRECTION('',(-0.,-0.,-1.));
#999 = DIRECTION('',(-1.,0.,0.));
#1000 = ADVANCED_FACE('',(#1001),#1019,.T.);
#1001 = FACE_BOUND('',#1002,.T.);
#1002 = EDGE_LOOP('',(#1003,#1004,#1012,#1018));
#1003 = ORIENTED_EDGE('',*,*,#233,.F.);
#1004 = ORIENTED_EDGE('',*,*,#1005,.F.);
#1005 = EDGE_CURVE('',#1006,#225,#1008,.T.);
#1006 = VERTEX_POINT('',#1007);
#1007 = CARTESIAN_POINT('',(7.3,-31.1,3.));
#1008 = LINE('',#1009,#1010);
#1009 = CARTESIAN_POINT('',(7.3,-31.1,3.));
#1010 = VECTOR('',#1011,1.);
#1011 = DIRECTION('',(-0.,-0.,-1.));
#1012 = ORIENTED_EDGE('',*,*,#1013,.T.);
#1013 = EDGE_CURVE('',#1006,#920,#1014,.T.);
#1014 = LINE('',#1015,#1016);
#1015 = CARTESIAN_POINT('',(4.1,-31.1,3.));
#1016 = VECTOR('',#1017,1.);
#1017 = DIRECTION('',(1.,0.,0.));
#1018 = ORIENTED_EDGE('',*,*,#950,.T.);
#1019 = PLANE('',#1020);
#1020 = AXIS2_PLACEMENT_3D('',#1021,#1022,#1023);
#1021 = CARTESIAN_POINT('',(4.1,-31.1,2.));
#1022 = DIRECTION('',(0.,1.,0.));
#1023 = DIRECTION('',(1.,0.,0.));
#1024 = ADVANCED_FACE('',(#1025),#1043,.T.);
#1025 = FACE_BOUND('',#1026,.T.);
#1026 = EDGE_LOOP('',(#1027,#1035,#1041,#1042));
#1027 = ORIENTED_EDGE('',*,*,#1028,.F.);
#1028 = EDGE_CURVE('',#1029,#980,#1031,.T.);
#1029 = VERTEX_POINT('',#1030);
#1030 = CARTESIAN_POINT('',(72.1,-24.1,3.));
#1031 = LINE('',#1032,#1033);
#1032 = CARTESIAN_POINT('',(72.1,-24.1,3.));
#1033 = VECTOR('',#1034,1.);
#1034 = DIRECTION('',(-1.,0.,0.));
#1035 = ORIENTED_EDGE('',*,*,#1036,.T.);
#1036 = EDGE_CURVE('',#1029,#41,#1037,.T.);
#1037 = LINE('',#1038,#1039);
#1038 = CARTESIAN_POINT('',(72.1,-24.1,3.));
#1039 = VECTOR('',#1040,1.);
#1040 = DIRECTION('',(-0.,-0.,-1.));
#1041 = ORIENTED_EDGE('',*,*,#40,.T.);
#1042 = ORIENTED_EDGE('',*,*,#988,.F.);
#1043 = PLANE('',#1044);
#1044 = AXIS2_PLACEMENT_3D('',#1045,#1046,#1047);
#1045 = CARTESIAN_POINT('',(72.1,-24.1,3.));
#1046 = DIRECTION('',(0.,1.,0.));
#1047 = DIRECTION('',(-1.,0.,0.));
#1048 = ADVANCED_FACE('',(#1049),#1068,.F.);
#1049 = FACE_BOUND('',#1050,.T.);
#1050 = EDGE_LOOP('',(#1051,#1060,#1061,#1062));
#1051 = ORIENTED_EDGE('',*,*,#1052,.T.);
#1052 = EDGE_CURVE('',#1053,#1006,#1055,.T.);
#1053 = VERTEX_POINT('',#1054);
#1054 = CARTESIAN_POINT('',(6.5,-30.3,3.));
#1055 = CIRCLE('',#1056,0.8);
#1056 = AXIS2_PLACEMENT_3D('',#1057,#1058,#1059);
#1057 = CARTESIAN_POINT('',(7.3,-30.3,3.));
#1058 = DIRECTION('',(0.,-0.,1.));
#1059 = DIRECTION('',(0.,1.,0.));
#1060 = ORIENTED_EDGE('',*,*,#1005,.T.);
#1061 = ORIENTED_EDGE('',*,*,#224,.F.);
#1062 = ORIENTED_EDGE('',*,*,#1063,.F.);
#1063 = EDGE_CURVE('',#1053,#217,#1064,.T.);
#1064 = LINE('',#1065,#1066);
#1065 = CARTESIAN_POINT('',(6.5,-30.3,3.));
#1066 = VECTOR('',#1067,1.);
#1067 = DIRECTION('',(-0.,-0.,-1.));
#1068 = CYLINDRICAL_SURFACE('',#1069,0.8);
#1069 = AXIS2_PLACEMENT_3D('',#1070,#1071,#1072);
#1070 = CARTESIAN_POINT('',(7.3,-30.3,3.));
#1071 = DIRECTION('',(-0.,-0.,-1.));
#1072 = DIRECTION('',(-1.,0.,0.));
#1073 = ADVANCED_FACE('',(#1074),#1101,.T.);
#1074 = FACE_BOUND('',#1075,.T.);
#1075 = EDGE_LOOP('',(#1076,#1084,#1085,#1086,#1094));
#1076 = ORIENTED_EDGE('',*,*,#1077,.T.);
#1077 = EDGE_CURVE('',#1078,#49,#1080,.T.);
#1078 = VERTEX_POINT('',#1079);
#1079 = CARTESIAN_POINT('',(72.1,-22.,2.2));
#1080 = LINE('',#1081,#1082);
#1081 = CARTESIAN_POINT('',(72.1,-22.,3.));
#1082 = VECTOR('',#1083,1.);
#1083 = DIRECTION('',(-0.,-0.,-1.));
#1084 = ORIENTED_EDGE('',*,*,#48,.F.);
#1085 = ORIENTED_EDGE('',*,*,#1036,.F.);
#1086 = ORIENTED_EDGE('',*,*,#1087,.T.);
#1087 = EDGE_CURVE('',#1029,#1088,#1090,.T.);
#1088 = VERTEX_POINT('',#1089);
#1089 = CARTESIAN_POINT('',(72.1,-22.8,3.));
#1090 = LINE('',#1091,#1092);
#1091 = CARTESIAN_POINT('',(72.1,-28.9,3.));
#1092 = VECTOR('',#1093,1.);
#1093 = DIRECTION('',(0.,1.,0.));
#1094 = ORIENTED_EDGE('',*,*,#1095,.T.);
#1095 = EDGE_CURVE('',#1088,#1078,#1096,.T.);
#1096 = CIRCLE('',#1097,0.8);
#1097 = AXIS2_PLACEMENT_3D('',#1098,#1099,#1100);
#1098 = CARTESIAN_POINT('',(72.1,-22.8,2.2));
#1099 = DIRECTION('',(-1.,0.,0.));
#1100 = DIRECTION('',(0.,0.,1.));
#1101 = PLANE('',#1102);
#1102 = AXIS2_PLACEMENT_3D('',#1103,#1104,#1105);
#1103 = CARTESIAN_POINT('',(72.1,-28.9,2.));
#1104 = DIRECTION('',(-1.,0.,0.));
#1105 = DIRECTION('',(0.,1.,0.));
#1106 = ADVANCED_FACE('',(#1107),#1125,.F.);
#1107 = FACE_BOUND('',#1108,.F.);
#1108 = EDGE_LOOP('',(#1109,#1117,#1123,#1124));
#1109 = ORIENTED_EDGE('',*,*,#1110,.F.);
#1110 = EDGE_CURVE('',#1111,#1053,#1113,.T.);
#1111 = VERTEX_POINT('',#1112);
#1112 = CARTESIAN_POINT('',(6.5,-26.3,3.));
#1113 = LINE('',#1114,#1115);
#1114 = CARTESIAN_POINT('',(6.5,-24.1,3.));
#1115 = VECTOR('',#1116,1.);
#1116 = DIRECTION('',(0.,-1.,0.));
#1117 = ORIENTED_EDGE('',*,*,#1118,.T.);
#1118 = EDGE_CURVE('',#1111,#208,#1119,.T.);
#1119 = LINE('',#1120,#1121);
#1120 = CARTESIAN_POINT('',(6.5,-26.3,3.));
#1121 = VECTOR('',#1122,1.);
#1122 = DIRECTION('',(-0.,-0.,-1.));
#1123 = ORIENTED_EDGE('',*,*,#216,.T.);
#1124 = ORIENTED_EDGE('',*,*,#1063,.F.);
#1125 = PLANE('',#1126);
#1126 = AXIS2_PLACEMENT_3D('',#1127,#1128,#1129);
#1127 = CARTESIAN_POINT('',(6.5,-24.1,3.));
#1128 = DIRECTION('',(-1.,0.,0.));
#1129 = DIRECTION('',(0.,-1.,0.));
#1130 = ADVANCED_FACE('',(#1131),#1149,.F.);
#1131 = FACE_BOUND('',#1132,.F.);
#1132 = EDGE_LOOP('',(#1133,#1134,#1135,#1143));
#1133 = ORIENTED_EDGE('',*,*,#1077,.T.);
#1134 = ORIENTED_EDGE('',*,*,#56,.T.);
#1135 = ORIENTED_EDGE('',*,*,#1136,.F.);
#1136 = EDGE_CURVE('',#1137,#57,#1139,.T.);
#1137 = VERTEX_POINT('',#1138);
#1138 = CARTESIAN_POINT('',(72.9,-22.,2.2));
#1139 = LINE('',#1140,#1141);
#1140 = CARTESIAN_POINT('',(72.9,-22.,3.));
#1141 = VECTOR('',#1142,1.);
#1142 = DIRECTION('',(-0.,-0.,-1.));
#1143 = ORIENTED_EDGE('',*,*,#1144,.F.);
#1144 = EDGE_CURVE('',#1078,#1137,#1145,.T.);
#1145 = LINE('',#1146,#1147);
#1146 = CARTESIAN_POINT('',(72.1,-22.,2.2));
#1147 = VECTOR('',#1148,1.);
#1148 = DIRECTION('',(1.,0.,0.));
#1149 = PLANE('',#1150);
#1150 = AXIS2_PLACEMENT_3D('',#1151,#1152,#1153);
#1151 = CARTESIAN_POINT('',(72.1,-22.,3.));
#1152 = DIRECTION('',(0.,-1.,0.));
#1153 = DIRECTION('',(1.,0.,0.));
#1154 = ADVANCED_FACE('',(#1155),#1174,.T.);
#1155 = FACE_BOUND('',#1156,.F.);
#1156 = EDGE_LOOP('',(#1157,#1166,#1172,#1173));
#1157 = ORIENTED_EDGE('',*,*,#1158,.T.);
#1158 = EDGE_CURVE('',#1111,#1159,#1161,.T.);
#1159 = VERTEX_POINT('',#1160);
#1160 = CARTESIAN_POINT('',(4.3,-24.1,3.));
#1161 = CIRCLE('',#1162,2.2);
#1162 = AXIS2_PLACEMENT_3D('',#1163,#1164,#1165);
#1163 = CARTESIAN_POINT('',(4.3,-26.3,3.));
#1164 = DIRECTION('',(0.,-0.,1.));
#1165 = DIRECTION('',(0.,1.,0.));
#1166 = ORIENTED_EDGE('',*,*,#1167,.T.);
#1167 = EDGE_CURVE('',#1159,#200,#1168,.T.);
#1168 = LINE('',#1169,#1170);
#1169 = CARTESIAN_POINT('',(4.3,-24.1,3.));
#1170 = VECTOR('',#1171,1.);
#1171 = DIRECTION('',(-0.,-0.,-1.));
#1172 = ORIENTED_EDGE('',*,*,#207,.F.);
#1173 = ORIENTED_EDGE('',*,*,#1118,.F.);
#1174 = CYLINDRICAL_SURFACE('',#1175,2.2);
#1175 = AXIS2_PLACEMENT_3D('',#1176,#1177,#1178);
#1176 = CARTESIAN_POINT('',(4.3,-26.3,3.));
#1177 = DIRECTION('',(-0.,-0.,-1.));
#1178 = DIRECTION('',(1.,0.,0.));
#1179 = ADVANCED_FACE('',(#1180),#1207,.F.);
#1180 = FACE_BOUND('',#1181,.F.);
#1181 = EDGE_LOOP('',(#1182,#1183,#1184,#1192,#1200));
#1182 = ORIENTED_EDGE('',*,*,#1136,.T.);
#1183 = ORIENTED_EDGE('',*,*,#64,.F.);
#1184 = ORIENTED_EDGE('',*,*,#1185,.F.);
#1185 = EDGE_CURVE('',#1186,#65,#1188,.T.);
#1186 = VERTEX_POINT('',#1187);
#1187 = CARTESIAN_POINT('',(72.9,-24.9,3.));
#1188 = LINE('',#1189,#1190);
#1189 = CARTESIAN_POINT('',(72.9,-24.9,3.));
#1190 = VECTOR('',#1191,1.);
#1191 = DIRECTION('',(-0.,-0.,-1.));
#1192 = ORIENTED_EDGE('',*,*,#1193,.T.);
#1193 = EDGE_CURVE('',#1186,#1194,#1196,.T.);
#1194 = VERTEX_POINT('',#1195);
#1195 = CARTESIAN_POINT('',(72.9,-22.8,3.));
#1196 = LINE('',#1197,#1198);
#1197 = CARTESIAN_POINT('',(72.9,-28.9,3.));
#1198 = VECTOR('',#1199,1.);
#1199 = DIRECTION('',(0.,1.,0.));
#1200 = ORIENTED_EDGE('',*,*,#1201,.T.);
#1201 = EDGE_CURVE('',#1194,#1137,#1202,.T.);
#1202 = CIRCLE('',#1203,0.8);
#1203 = AXIS2_PLACEMENT_3D('',#1204,#1205,#1206);
#1204 = CARTESIAN_POINT('',(72.9,-22.8,2.2));
#1205 = DIRECTION('',(-1.,0.,0.));
#1206 = DIRECTION('',(0.,0.,1.));
#1207 = PLANE('',#1208);
#1208 = AXIS2_PLACEMENT_3D('',#1209,#1210,#1211);
#1209 = CARTESIAN_POINT('',(72.9,-28.9,2.));
#1210 = DIRECTION('',(-1.,0.,0.));
#1211 = DIRECTION('',(0.,1.,0.));
#1212 = ADVANCED_FACE('',(#1213),#1231,.F.);
#1213 = FACE_BOUND('',#1214,.F.);
#1214 = EDGE_LOOP('',(#1215,#1223,#1229,#1230));
#1215 = ORIENTED_EDGE('',*,*,#1216,.F.);
#1216 = EDGE_CURVE('',#1217,#1159,#1219,.T.);
#1217 = VERTEX_POINT('',#1218);
#1218 = CARTESIAN_POINT('',(3.1,-24.1,3.));
#1219 = LINE('',#1220,#1221);
#1220 = CARTESIAN_POINT('',(1.9,-24.1,3.));
#1221 = VECTOR('',#1222,1.);
#1222 = DIRECTION('',(1.,0.,0.));
#1223 = ORIENTED_EDGE('',*,*,#1224,.T.);
#1224 = EDGE_CURVE('',#1217,#191,#1225,.T.);
#1225 = LINE('',#1226,#1227);
#1226 = CARTESIAN_POINT('',(3.1,-24.1,3.));
#1227 = VECTOR('',#1228,1.);
#1228 = DIRECTION('',(-0.,-0.,-1.));
#1229 = ORIENTED_EDGE('',*,*,#199,.T.);
#1230 = ORIENTED_EDGE('',*,*,#1167,.F.);
#1231 = PLANE('',#1232);
#1232 = AXIS2_PLACEMENT_3D('',#1233,#1234,#1235);
#1233 = CARTESIAN_POINT('',(1.9,-24.1,3.));
#1234 = DIRECTION('',(0.,-1.,0.));
#1235 = DIRECTION('',(1.,0.,0.));
#1236 = ADVANCED_FACE('',(#1237),#1255,.T.);
#1237 = FACE_BOUND('',#1238,.T.);
#1238 = EDGE_LOOP('',(#1239,#1240,#1241,#1249));
#1239 = ORIENTED_EDGE('',*,*,#72,.F.);
#1240 = ORIENTED_EDGE('',*,*,#1185,.F.);
#1241 = ORIENTED_EDGE('',*,*,#1242,.T.);
#1242 = EDGE_CURVE('',#1186,#1243,#1245,.T.);
#1243 = VERTEX_POINT('',#1244);
#1244 = CARTESIAN_POINT('',(72.3,-24.9,3.));
#1245 = LINE('',#1246,#1247);
#1246 = CARTESIAN_POINT('',(72.9,-24.9,3.));
#1247 = VECTOR('',#1248,1.);
#1248 = DIRECTION('',(-1.,0.,0.));
#1249 = ORIENTED_EDGE('',*,*,#1250,.T.);
#1250 = EDGE_CURVE('',#1243,#73,#1251,.T.);
#1251 = LINE('',#1252,#1253);
#1252 = CARTESIAN_POINT('',(72.3,-24.9,3.));
#1253 = VECTOR('',#1254,1.);
#1254 = DIRECTION('',(-0.,-0.,-1.));
#1255 = PLANE('',#1256);
#1256 = AXIS2_PLACEMENT_3D('',#1257,#1258,#1259);
#1257 = CARTESIAN_POINT('',(72.1,-24.9,2.5));
#1258 = DIRECTION('',(-2.442E-14,-1.,-0.));
#1259 = DIRECTION('',(-1.,2.442E-14,0.));
#1260 = ADVANCED_FACE('',(#1261),#1280,.F.);
#1261 = FACE_BOUND('',#1262,.F.);
#1262 = EDGE_LOOP('',(#1263,#1272,#1278,#1279));
#1263 = ORIENTED_EDGE('',*,*,#1264,.T.);
#1264 = EDGE_CURVE('',#1217,#1265,#1267,.T.);
#1265 = VERTEX_POINT('',#1266);
#1266 = CARTESIAN_POINT('',(1.9,-22.9,3.));
#1267 = CIRCLE('',#1268,1.2);
#1268 = AXIS2_PLACEMENT_3D('',#1269,#1270,#1271);
#1269 = CARTESIAN_POINT('',(3.1,-22.9,3.));
#1270 = DIRECTION('',(0.,0.,-1.));
#1271 = DIRECTION('',(0.,1.,0.));
#1272 = ORIENTED_EDGE('',*,*,#1273,.T.);
#1273 = EDGE_CURVE('',#1265,#183,#1274,.T.);
#1274 = LINE('',#1275,#1276);
#1275 = CARTESIAN_POINT('',(1.9,-22.9,3.));
#1276 = VECTOR('',#1277,1.);
#1277 = DIRECTION('',(-0.,-0.,-1.));
#1278 = ORIENTED_EDGE('',*,*,#190,.F.);
#1279 = ORIENTED_EDGE('',*,*,#1224,.F.);
#1280 = CYLINDRICAL_SURFACE('',#1281,1.2);
#1281 = AXIS2_PLACEMENT_3D('',#1282,#1283,#1284);
#1282 = CARTESIAN_POINT('',(3.1,-22.9,3.));
#1283 = DIRECTION('',(-0.,-0.,-1.));
#1284 = DIRECTION('',(0.,-1.,0.));
#1285 = ADVANCED_FACE('',(#1286),#1305,.F.);
#1286 = FACE_BOUND('',#1287,.F.);
#1287 = EDGE_LOOP('',(#1288,#1297,#1298,#1299));
#1288 = ORIENTED_EDGE('',*,*,#1289,.T.);
#1289 = EDGE_CURVE('',#1290,#1243,#1292,.T.);
#1290 = VERTEX_POINT('',#1291);
#1291 = CARTESIAN_POINT('',(71.3,-25.9,3.));
#1292 = CIRCLE('',#1293,1.);
#1293 = AXIS2_PLACEMENT_3D('',#1294,#1295,#1296);
#1294 = CARTESIAN_POINT('',(72.3,-25.9,3.));
#1295 = DIRECTION('',(0.,0.,-1.));
#1296 = DIRECTION('',(0.,1.,0.));
#1297 = ORIENTED_EDGE('',*,*,#1250,.T.);
#1298 = ORIENTED_EDGE('',*,*,#80,.F.);
#1299 = ORIENTED_EDGE('',*,*,#1300,.F.);
#1300 = EDGE_CURVE('',#1290,#81,#1301,.T.);
#1301 = LINE('',#1302,#1303);
#1302 = CARTESIAN_POINT('',(71.3,-25.9,3.));
#1303 = VECTOR('',#1304,1.);
#1304 = DIRECTION('',(-0.,-0.,-1.));
#1305 = CYLINDRICAL_SURFACE('',#1306,1.);
#1306 = AXIS2_PLACEMENT_3D('',#1307,#1308,#1309);
#1307 = CARTESIAN_POINT('',(72.3,-25.9,3.));
#1308 = DIRECTION('',(-0.,-0.,-1.));
#1309 = DIRECTION('',(-1.,-1.311E-14,0.));
#1310 = ADVANCED_FACE('',(#1311),#1338,.T.);
#1311 = FACE_BOUND('',#1312,.T.);
#1312 = EDGE_LOOP('',(#1313,#1321,#1322,#1323,#1331));
#1313 = ORIENTED_EDGE('',*,*,#1314,.T.);
#1314 = EDGE_CURVE('',#1315,#1265,#1317,.T.);
#1315 = VERTEX_POINT('',#1316);
#1316 = CARTESIAN_POINT('',(1.9,-22.8,3.));
#1317 = LINE('',#1318,#1319);
#1318 = CARTESIAN_POINT('',(1.9,-3.1,3.));
#1319 = VECTOR('',#1320,1.);
#1320 = DIRECTION('',(0.,-1.,0.));
#1321 = ORIENTED_EDGE('',*,*,#1273,.T.);
#1322 = ORIENTED_EDGE('',*,*,#182,.F.);
#1323 = ORIENTED_EDGE('',*,*,#1324,.F.);
#1324 = EDGE_CURVE('',#1325,#175,#1327,.T.);
#1325 = VERTEX_POINT('',#1326);
#1326 = CARTESIAN_POINT('',(1.9,-22.,2.2));
#1327 = LINE('',#1328,#1329);
#1328 = CARTESIAN_POINT('',(1.9,-22.,3.));
#1329 = VECTOR('',#1330,1.);
#1330 = DIRECTION('',(-0.,-0.,-1.));
#1331 = ORIENTED_EDGE('',*,*,#1332,.F.);
#1332 = EDGE_CURVE('',#1315,#1325,#1333,.T.);
#1333 = CIRCLE('',#1334,0.8);
#1334 = AXIS2_PLACEMENT_3D('',#1335,#1336,#1337);
#1335 = CARTESIAN_POINT('',(1.9,-22.8,2.2));
#1336 = DIRECTION('',(-1.,0.,0.));
#1337 = DIRECTION('',(0.,0.,1.));
#1338 = PLANE('',#1339);
#1339 = AXIS2_PLACEMENT_3D('',#1340,#1341,#1342);
#1340 = CARTESIAN_POINT('',(1.9,-3.1,2.));
#1341 = DIRECTION('',(1.,0.,0.));
#1342 = DIRECTION('',(0.,-1.,0.));
#1343 = ADVANCED_FACE('',(#1344),#1362,.T.);
#1344 = FACE_BOUND('',#1345,.T.);
#1345 = EDGE_LOOP('',(#1346,#1347,#1348,#1356));
#1346 = ORIENTED_EDGE('',*,*,#89,.T.);
#1347 = ORIENTED_EDGE('',*,*,#1300,.F.);
#1348 = ORIENTED_EDGE('',*,*,#1349,.F.);
#1349 = EDGE_CURVE('',#1350,#1290,#1352,.T.);
#1350 = VERTEX_POINT('',#1351);
#1351 = CARTESIAN_POINT('',(71.3,-30.5099689438,3.));
#1352 = LINE('',#1353,#1354);
#1353 = CARTESIAN_POINT('',(71.3,-30.6,3.));
#1354 = VECTOR('',#1355,1.);
#1355 = DIRECTION('',(0.,1.,0.));
#1356 = ORIENTED_EDGE('',*,*,#1357,.T.);
#1357 = EDGE_CURVE('',#1350,#90,#1358,.T.);
#1358 = LINE('',#1359,#1360);
#1359 = CARTESIAN_POINT('',(71.3,-30.5099689438,3.));
#1360 = VECTOR('',#1361,1.);
#1361 = DIRECTION('',(-0.,-0.,-1.));
#1362 = PLANE('',#1363);
#1363 = AXIS2_PLACEMENT_3D('',#1364,#1365,#1366);
#1364 = CARTESIAN_POINT('',(71.3,-28.22664991614,2.5));
#1365 = DIRECTION('',(1.,1.311E-14,0.));
#1366 = DIRECTION('',(-1.311E-14,1.,0.));
#1367 = ADVANCED_FACE('',(#1368),#1386,.F.);
#1368 = FACE_BOUND('',#1369,.F.);
#1369 = EDGE_LOOP('',(#1370,#1378,#1379,#1380));
#1370 = ORIENTED_EDGE('',*,*,#1371,.T.);
#1371 = EDGE_CURVE('',#1372,#167,#1374,.T.);
#1372 = VERTEX_POINT('',#1373);
#1373 = CARTESIAN_POINT('',(1.1,-22.,2.2));
#1374 = LINE('',#1375,#1376);
#1375 = CARTESIAN_POINT('',(1.1,-22.,3.));
#1376 = VECTOR('',#1377,1.);
#1377 = DIRECTION('',(-0.,-0.,-1.));
#1378 = ORIENTED_EDGE('',*,*,#174,.T.);
#1379 = ORIENTED_EDGE('',*,*,#1324,.F.);
#1380 = ORIENTED_EDGE('',*,*,#1381,.F.);
#1381 = EDGE_CURVE('',#1372,#1325,#1382,.T.);
#1382 = LINE('',#1383,#1384);
#1383 = CARTESIAN_POINT('',(1.1,-22.,2.2));
#1384 = VECTOR('',#1385,1.);
#1385 = DIRECTION('',(1.,0.,0.));
#1386 = PLANE('',#1387);
#1387 = AXIS2_PLACEMENT_3D('',#1388,#1389,#1390);
#1388 = CARTESIAN_POINT('',(1.1,-22.,3.));
#1389 = DIRECTION('',(0.,-1.,0.));
#1390 = DIRECTION('',(1.,0.,0.));
#1391 = ADVANCED_FACE('',(#1392),#1411,.T.);
#1392 = FACE_BOUND('',#1393,.T.);
#1393 = EDGE_LOOP('',(#1394,#1403,#1409,#1410));
#1394 = ORIENTED_EDGE('',*,*,#1395,.T.);
#1395 = EDGE_CURVE('',#1350,#1396,#1398,.T.);
#1396 = VERTEX_POINT('',#1397);
#1397 = CARTESIAN_POINT('',(69.918633540373,-31.8999421313,3.));
#1398 = CIRCLE('',#1399,1.39);
#1399 = AXIS2_PLACEMENT_3D('',#1400,#1401,#1402);
#1400 = CARTESIAN_POINT('',(69.91,-30.5099689438,3.));
#1401 = DIRECTION('',(0.,0.,-1.));
#1402 = DIRECTION('',(0.,1.,0.));
#1403 = ORIENTED_EDGE('',*,*,#1404,.T.);
#1404 = EDGE_CURVE('',#1396,#98,#1405,.T.);
#1405 = LINE('',#1406,#1407);
#1406 = CARTESIAN_POINT('',(69.918633540373,-31.8999421313,3.));
#1407 = VECTOR('',#1408,1.);
#1408 = DIRECTION('',(-0.,-0.,-1.));
#1409 = ORIENTED_EDGE('',*,*,#97,.F.);
#1410 = ORIENTED_EDGE('',*,*,#1357,.F.);
#1411 = CYLINDRICAL_SURFACE('',#1412,1.39);
#1412 = AXIS2_PLACEMENT_3D('',#1413,#1414,#1415);
#1413 = CARTESIAN_POINT('',(69.91,-30.5099689438,3.));
#1414 = DIRECTION('',(-0.,-0.,-1.));
#1415 = DIRECTION('',(1.,1.311E-14,0.));
#1416 = ADVANCED_FACE('',(#1417),#1444,.F.);
#1417 = FACE_BOUND('',#1418,.F.);
#1418 = EDGE_LOOP('',(#1419,#1429,#1435,#1436,#1437));
#1419 = ORIENTED_EDGE('',*,*,#1420,.T.);
#1420 = EDGE_CURVE('',#1421,#1423,#1425,.T.);
#1421 = VERTEX_POINT('',#1422);
#1422 = CARTESIAN_POINT('',(1.1,-22.8,3.));
#1423 = VERTEX_POINT('',#1424);
#1424 = CARTESIAN_POINT('',(1.1,-22.9,3.));
#1425 = LINE('',#1426,#1427);
#1426 = CARTESIAN_POINT('',(1.1,-3.1,3.));
#1427 = VECTOR('',#1428,1.);
#1428 = DIRECTION('',(0.,-1.,0.));
#1429 = ORIENTED_EDGE('',*,*,#1430,.T.);
#1430 = EDGE_CURVE('',#1423,#158,#1431,.T.);
#1431 = LINE('',#1432,#1433);
#1432 = CARTESIAN_POINT('',(1.1,-22.9,3.));
#1433 = VECTOR('',#1434,1.);
#1434 = DIRECTION('',(-0.,-0.,-1.));
#1435 = ORIENTED_EDGE('',*,*,#166,.F.);
#1436 = ORIENTED_EDGE('',*,*,#1371,.F.);
#1437 = ORIENTED_EDGE('',*,*,#1438,.F.);
#1438 = EDGE_CURVE('',#1421,#1372,#1439,.T.);
#1439 = CIRCLE('',#1440,0.8);
#1440 = AXIS2_PLACEMENT_3D('',#1441,#1442,#1443);
#1441 = CARTESIAN_POINT('',(1.1,-22.8,2.2));
#1442 = DIRECTION('',(-1.,0.,0.));
#1443 = DIRECTION('',(0.,0.,1.));
#1444 = PLANE('',#1445);
#1445 = AXIS2_PLACEMENT_3D('',#1446,#1447,#1448);
#1446 = CARTESIAN_POINT('',(1.1,-3.1,2.));
#1447 = DIRECTION('',(1.,0.,0.));
#1448 = DIRECTION('',(0.,-1.,0.));
#1449 = ADVANCED_FACE('',(#1450),#1469,.T.);
#1450 = FACE_BOUND('',#1451,.F.);
#1451 = EDGE_LOOP('',(#1452,#1453,#1461,#1468));
#1452 = ORIENTED_EDGE('',*,*,#106,.F.);
#1453 = ORIENTED_EDGE('',*,*,#1454,.T.);
#1454 = EDGE_CURVE('',#107,#1455,#1457,.T.);
#1455 = VERTEX_POINT('',#1456);
#1456 = CARTESIAN_POINT('',(69.9,-31.9,3.));
#1457 = LINE('',#1458,#1459);
#1458 = CARTESIAN_POINT('',(69.9,-31.9,2.));
#1459 = VECTOR('',#1460,1.);
#1460 = DIRECTION('',(0.,0.,1.));
#1461 = ORIENTED_EDGE('',*,*,#1462,.T.);
#1462 = EDGE_CURVE('',#1455,#1396,#1463,.T.);
#1463 = CIRCLE('',#1464,3.);
#1464 = AXIS2_PLACEMENT_3D('',#1465,#1466,#1467);
#1465 = CARTESIAN_POINT('',(69.9,-28.9,3.));
#1466 = DIRECTION('',(0.,0.,1.));
#1467 = DIRECTION('',(1.,0.,0.));
#1468 = ORIENTED_EDGE('',*,*,#1404,.T.);
#1469 = CYLINDRICAL_SURFACE('',#1470,3.);
#1470 = AXIS2_PLACEMENT_3D('',#1471,#1472,#1473);
#1471 = CARTESIAN_POINT('',(69.9,-28.9,2.));
#1472 = DIRECTION('',(-0.,-0.,-1.));
#1473 = DIRECTION('',(1.,0.,0.));
#1474 = ADVANCED_FACE('',(#1475),#1494,.T.);
#1475 = FACE_BOUND('',#1476,.T.);
#1476 = EDGE_LOOP('',(#1477,#1486,#1487,#1488));
#1477 = ORIENTED_EDGE('',*,*,#1478,.T.);
#1478 = EDGE_CURVE('',#1479,#1423,#1481,.T.);
#1479 = VERTEX_POINT('',#1480);
#1480 = CARTESIAN_POINT('',(3.1,-24.9,3.));
#1481 = CIRCLE('',#1482,2.);
#1482 = AXIS2_PLACEMENT_3D('',#1483,#1484,#1485);
#1483 = CARTESIAN_POINT('',(3.1,-22.9,3.));
#1484 = DIRECTION('',(0.,0.,-1.));
#1485 = DIRECTION('',(0.,1.,0.));
#1486 = ORIENTED_EDGE('',*,*,#1430,.T.);
#1487 = ORIENTED_EDGE('',*,*,#157,.F.);
#1488 = ORIENTED_EDGE('',*,*,#1489,.F.);
#1489 = EDGE_CURVE('',#1479,#150,#1490,.T.);
#1490 = LINE('',#1491,#1492);
#1491 = CARTESIAN_POINT('',(3.1,-24.9,3.));
#1492 = VECTOR('',#1493,1.);
#1493 = DIRECTION('',(-0.,-0.,-1.));
#1494 = CYLINDRICAL_SURFACE('',#1495,2.);
#1495 = AXIS2_PLACEMENT_3D('',#1496,#1497,#1498);
#1496 = CARTESIAN_POINT('',(3.1,-22.9,3.));
#1497 = DIRECTION('',(-0.,-0.,-1.));
#1498 = DIRECTION('',(4.2E-16,-1.,0.));
#1499 = ADVANCED_FACE('',(#1500),#1518,.F.);
#1500 = FACE_BOUND('',#1501,.F.);
#1501 = EDGE_LOOP('',(#1502,#1503,#1511,#1517));
#1502 = ORIENTED_EDGE('',*,*,#115,.F.);
#1503 = ORIENTED_EDGE('',*,*,#1504,.F.);
#1504 = EDGE_CURVE('',#1505,#116,#1507,.T.);
#1505 = VERTEX_POINT('',#1506);
#1506 = CARTESIAN_POINT('',(7.1,-31.9,3.));
#1507 = LINE('',#1508,#1509);
#1508 = CARTESIAN_POINT('',(7.1,-31.9,3.));
#1509 = VECTOR('',#1510,1.);
#1510 = DIRECTION('',(-0.,-0.,-1.));
#1511 = ORIENTED_EDGE('',*,*,#1512,.T.);
#1512 = EDGE_CURVE('',#1505,#1455,#1513,.T.);
#1513 = LINE('',#1514,#1515);
#1514 = CARTESIAN_POINT('',(4.1,-31.9,3.));
#1515 = VECTOR('',#1516,1.);
#1516 = DIRECTION('',(1.,0.,0.));
#1517 = ORIENTED_EDGE('',*,*,#1454,.F.);
#1518 = PLANE('',#1519);
#1519 = AXIS2_PLACEMENT_3D('',#1520,#1521,#1522);
#1520 = CARTESIAN_POINT('',(4.1,-31.9,2.));
#1521 = DIRECTION('',(0.,1.,0.));
#1522 = DIRECTION('',(1.,0.,0.));
#1523 = ADVANCED_FACE('',(#1524),#1542,.T.);
#1524 = FACE_BOUND('',#1525,.T.);
#1525 = EDGE_LOOP('',(#1526,#1527,#1535,#1541));
#1526 = ORIENTED_EDGE('',*,*,#149,.F.);
#1527 = ORIENTED_EDGE('',*,*,#1528,.F.);
#1528 = EDGE_CURVE('',#1529,#141,#1531,.T.);
#1529 = VERTEX_POINT('',#1530);
#1530 = CARTESIAN_POINT('',(4.3,-24.9,3.));
#1531 = LINE('',#1532,#1533);
#1532 = CARTESIAN_POINT('',(4.3,-24.9,3.));
#1533 = VECTOR('',#1534,1.);
#1534 = DIRECTION('',(-0.,-0.,-1.));
#1535 = ORIENTED_EDGE('',*,*,#1536,.T.);
#1536 = EDGE_CURVE('',#1529,#1479,#1537,.T.);
#1537 = LINE('',#1538,#1539);
#1538 = CARTESIAN_POINT('',(5.7,-24.9,3.));
#1539 = VECTOR('',#1540,1.);
#1540 = DIRECTION('',(-1.,0.,0.));
#1541 = ORIENTED_EDGE('',*,*,#1489,.T.);
#1542 = PLANE('',#1543);
#1543 = AXIS2_PLACEMENT_3D('',#1544,#1545,#1546);
#1544 = CARTESIAN_POINT('',(3.4,-24.9,2.5));
#1545 = DIRECTION('',(4.2E-16,-1.,0.));
#1546 = DIRECTION('',(-1.,-4.2E-16,0.));
#1547 = ADVANCED_FACE('',(#1548),#1567,.T.);
#1548 = FACE_BOUND('',#1549,.T.);
#1549 = EDGE_LOOP('',(#1550,#1559,#1565,#1566));
#1550 = ORIENTED_EDGE('',*,*,#1551,.T.);
#1551 = EDGE_CURVE('',#1505,#1552,#1554,.T.);
#1552 = VERTEX_POINT('',#1553);
#1553 = CARTESIAN_POINT('',(5.7,-30.5,3.));
#1554 = CIRCLE('',#1555,1.4);
#1555 = AXIS2_PLACEMENT_3D('',#1556,#1557,#1558);
#1556 = CARTESIAN_POINT('',(7.1,-30.5,3.));
#1557 = DIRECTION('',(0.,0.,-1.));
#1558 = DIRECTION('',(0.,1.,0.));
#1559 = ORIENTED_EDGE('',*,*,#1560,.T.);
#1560 = EDGE_CURVE('',#1552,#124,#1561,.T.);
#1561 = LINE('',#1562,#1563);
#1562 = CARTESIAN_POINT('',(5.7,-30.5,3.));
#1563 = VECTOR('',#1564,1.);
#1564 = DIRECTION('',(-0.,-0.,-1.));
#1565 = ORIENTED_EDGE('',*,*,#123,.F.);
#1566 = ORIENTED_EDGE('',*,*,#1504,.F.);
#1567 = CYLINDRICAL_SURFACE('',#1568,1.4);
#1568 = AXIS2_PLACEMENT_3D('',#1569,#1570,#1571);
#1569 = CARTESIAN_POINT('',(7.1,-30.5,3.));
#1570 = DIRECTION('',(-0.,-0.,-1.));
#1571 = DIRECTION('',(0.,-1.,0.));
#1572 = ADVANCED_FACE('',(#1573),#1592,.F.);
#1573 = FACE_BOUND('',#1574,.F.);
#1574 = EDGE_LOOP('',(#1575,#1584,#1590,#1591));
#1575 = ORIENTED_EDGE('',*,*,#1576,.T.);
#1576 = EDGE_CURVE('',#1529,#1577,#1579,.T.);
#1577 = VERTEX_POINT('',#1578);
#1578 = CARTESIAN_POINT('',(5.7,-26.3,3.));
#1579 = CIRCLE('',#1580,1.4);
#1580 = AXIS2_PLACEMENT_3D('',#1581,#1582,#1583);
#1581 = CARTESIAN_POINT('',(4.3,-26.3,3.));
#1582 = DIRECTION('',(0.,0.,-1.));
#1583 = DIRECTION('',(0.,1.,0.));
#1584 = ORIENTED_EDGE('',*,*,#1585,.T.);
#1585 = EDGE_CURVE('',#1577,#133,#1586,.T.);
#1586 = LINE('',#1587,#1588);
#1587 = CARTESIAN_POINT('',(5.7,-26.3,3.));
#1588 = VECTOR('',#1589,1.);
#1589 = DIRECTION('',(-0.,-0.,-1.));
#1590 = ORIENTED_EDGE('',*,*,#140,.F.);
#1591 = ORIENTED_EDGE('',*,*,#1528,.F.);
#1592 = CYLINDRICAL_SURFACE('',#1593,1.4);
#1593 = AXIS2_PLACEMENT_3D('',#1594,#1595,#1596);
#1594 = CARTESIAN_POINT('',(4.3,-26.3,3.));
#1595 = DIRECTION('',(-0.,-0.,-1.));
#1596 = DIRECTION('',(-4.2E-16,1.,0.));
#1597 = ADVANCED_FACE('',(#1598),#1609,.T.);
#1598 = FACE_BOUND('',#1599,.T.);
#1599 = EDGE_LOOP('',(#1600,#1601,#1602,#1608));
#1600 = ORIENTED_EDGE('',*,*,#132,.F.);
#1601 = ORIENTED_EDGE('',*,*,#1560,.F.);
#1602 = ORIENTED_EDGE('',*,*,#1603,.T.);
#1603 = EDGE_CURVE('',#1552,#1577,#1604,.T.);
#1604 = LINE('',#1605,#1606);
#1605 = CARTESIAN_POINT('',(5.7,-31.9,3.));
#1606 = VECTOR('',#1607,1.);
#1607 = DIRECTION('',(0.,1.,0.));
#1608 = ORIENTED_EDGE('',*,*,#1585,.T.);
#1609 = PLANE('',#1610);
#1610 = AXIS2_PLACEMENT_3D('',#1611,#1612,#1613);
#1611 = CARTESIAN_POINT('',(5.7,-28.4,2.5));
#1612 = DIRECTION('',(-1.,-0.,-0.));
#1613 = DIRECTION('',(0.,0.,-1.));
#1614 = ADVANCED_FACE('',(#1615),#1659,.T.);
#1615 = FACE_BOUND('',#1616,.T.);
#1616 = EDGE_LOOP('',(#1617,#1627,#1633,#1634,#1635,#1643,#1652));
#1617 = ORIENTED_EDGE('',*,*,#1618,.T.);
#1618 = EDGE_CURVE('',#1619,#1621,#1623,.T.);
#1619 = VERTEX_POINT('',#1620);
#1620 = CARTESIAN_POINT('',(1.9,-11.,5.));
#1621 = VERTEX_POINT('',#1622);
#1622 = CARTESIAN_POINT('',(1.9,-11.,3.));
#1623 = LINE('',#1624,#1625);
#1624 = CARTESIAN_POINT('',(1.9,-11.,3.));
#1625 = VECTOR('',#1626,1.);
#1626 = DIRECTION('',(-0.,-0.,-1.));
#1627 = ORIENTED_EDGE('',*,*,#1628,.F.);
#1628 = EDGE_CURVE('',#275,#1621,#1629,.T.);
#1629 = LINE('',#1630,#1631);
#1630 = CARTESIAN_POINT('',(1.874361868913,-11.,3.032047663858));
#1631 = VECTOR('',#1632,1.);
#1632 = DIRECTION('',(-0.624695047554,1.79E-15,0.780868809443));
#1633 = ORIENTED_EDGE('',*,*,#272,.F.);
#1634 = ORIENTED_EDGE('',*,*,#314,.F.);
#1635 = ORIENTED_EDGE('',*,*,#1636,.F.);
#1636 = EDGE_CURVE('',#1637,#307,#1639,.T.);
#1637 = VERTEX_POINT('',#1638);
#1638 = CARTESIAN_POINT('',(1.1,-11.,3.));
#1639 = LINE('',#1640,#1641);
#1640 = CARTESIAN_POINT('',(1.1,-11.,3.));
#1641 = VECTOR('',#1642,1.);
#1642 = DIRECTION('',(-0.,-0.,-1.));
#1643 = ORIENTED_EDGE('',*,*,#1644,.F.);
#1644 = EDGE_CURVE('',#1645,#1637,#1647,.T.);
#1645 = VERTEX_POINT('',#1646);
#1646 = CARTESIAN_POINT('',(1.1,-11.,4.6));
#1647 = CIRCLE('',#1648,0.8);
#1648 = AXIS2_PLACEMENT_3D('',#1649,#1650,#1651);
#1649 = CARTESIAN_POINT('',(1.1,-11.,3.8));
#1650 = DIRECTION('',(0.,-1.,0.));
#1651 = DIRECTION('',(1.,0.,0.));
#1652 = ORIENTED_EDGE('',*,*,#1653,.F.);
#1653 = EDGE_CURVE('',#1619,#1645,#1654,.T.);
#1654 = CIRCLE('',#1655,0.8);
#1655 = AXIS2_PLACEMENT_3D('',#1656,#1657,#1658);
#1656 = CARTESIAN_POINT('',(1.796647939484,-11.,4.206704121032));
#1657 = DIRECTION('',(0.,-1.,0.));
#1658 = DIRECTION('',(1.,0.,0.));
#1659 = PLANE('',#1660);
#1660 = AXIS2_PLACEMENT_3D('',#1661,#1662,#1663);
#1661 = CARTESIAN_POINT('',(1.340039006007,-11.,3.47714754226));
#1662 = DIRECTION('',(5.2E-16,1.,-1.87E-15));
#1663 = DIRECTION('',(0.,1.87E-15,1.));
#1664 = ADVANCED_FACE('',(#1665),#1683,.F.);
#1665 = FACE_BOUND('',#1666,.F.);
#1666 = EDGE_LOOP('',(#1667,#1668,#1669,#1677));
#1667 = ORIENTED_EDGE('',*,*,#1628,.F.);
#1668 = ORIENTED_EDGE('',*,*,#282,.T.);
#1669 = ORIENTED_EDGE('',*,*,#1670,.T.);
#1670 = EDGE_CURVE('',#283,#1671,#1673,.T.);
#1671 = VERTEX_POINT('',#1672);
#1672 = CARTESIAN_POINT('',(1.9,-21.,3.));
#1673 = LINE('',#1674,#1675);
#1674 = CARTESIAN_POINT('',(1.874361868913,-21.,3.032047663858));
#1675 = VECTOR('',#1676,1.);
#1676 = DIRECTION('',(-0.624695047554,0.,0.780868809443));
#1677 = ORIENTED_EDGE('',*,*,#1678,.F.);
#1678 = EDGE_CURVE('',#1621,#1671,#1679,.T.);
#1679 = LINE('',#1680,#1681);
#1680 = CARTESIAN_POINT('',(1.9,-11.,3.));
#1681 = VECTOR('',#1682,1.);
#1682 = DIRECTION('',(0.,-1.,0.));
#1683 = PLANE('',#1684);
#1684 = AXIS2_PLACEMENT_3D('',#1685,#1686,#1687);
#1685 = CARTESIAN_POINT('',(2.3,-11.,2.5));
#1686 = DIRECTION('',(-0.780868809443,-1.E-17,-0.624695047554));
#1687 = DIRECTION('',(1.171112711882E-17,-1.,1.368901695056E-18));
#1688 = ADVANCED_FACE('',(#1689),#1707,.F.);
#1689 = FACE_BOUND('',#1690,.F.);
#1690 = EDGE_LOOP('',(#1691,#1692,#1693,#1701));
#1691 = ORIENTED_EDGE('',*,*,#306,.F.);
#1692 = ORIENTED_EDGE('',*,*,#1636,.F.);
#1693 = ORIENTED_EDGE('',*,*,#1694,.T.);
#1694 = EDGE_CURVE('',#1637,#1695,#1697,.T.);
#1695 = VERTEX_POINT('',#1696);
#1696 = CARTESIAN_POINT('',(1.1,-21.,3.));
#1697 = LINE('',#1698,#1699);
#1698 = CARTESIAN_POINT('',(1.1,-3.1,3.));
#1699 = VECTOR('',#1700,1.);
#1700 = DIRECTION('',(0.,-1.,0.));
#1701 = ORIENTED_EDGE('',*,*,#1702,.T.);
#1702 = EDGE_CURVE('',#1695,#299,#1703,.T.);
#1703 = LINE('',#1704,#1705);
#1704 = CARTESIAN_POINT('',(1.1,-21.,3.));
#1705 = VECTOR('',#1706,1.);
#1706 = DIRECTION('',(-0.,-0.,-1.));
#1707 = PLANE('',#1708);
#1708 = AXIS2_PLACEMENT_3D('',#1709,#1710,#1711);
#1709 = CARTESIAN_POINT('',(1.1,-3.1,2.));
#1710 = DIRECTION('',(1.,0.,0.));
#1711 = DIRECTION('',(0.,-1.,0.));
#1712 = ADVANCED_FACE('',(#1713),#1743,.T.);
#1713 = FACE_BOUND('',#1714,.T.);
#1714 = EDGE_LOOP('',(#1715,#1723,#1732,#1739,#1740,#1741,#1742));
#1715 = ORIENTED_EDGE('',*,*,#1716,.T.);
#1716 = EDGE_CURVE('',#1671,#1717,#1719,.T.);
#1717 = VERTEX_POINT('',#1718);
#1718 = CARTESIAN_POINT('',(1.9,-21.,5.));
#1719 = LINE('',#1720,#1721);
#1720 = CARTESIAN_POINT('',(1.9,-21.,3.));
#1721 = VECTOR('',#1722,1.);
#1722 = DIRECTION('',(0.,2.2E-16,1.));
#1723 = ORIENTED_EDGE('',*,*,#1724,.T.);
#1724 = EDGE_CURVE('',#1717,#1725,#1727,.T.);
#1725 = VERTEX_POINT('',#1726);
#1726 = CARTESIAN_POINT('',(1.1,-21.,4.6));
#1727 = CIRCLE('',#1728,0.8);
#1728 = AXIS2_PLACEMENT_3D('',#1729,#1730,#1731);
#1729 = CARTESIAN_POINT('',(1.796647939484,-21.,4.206704121032));
#1730 = DIRECTION('',(0.,-1.,0.));
#1731 = DIRECTION('',(1.,0.,0.));
#1732 = ORIENTED_EDGE('',*,*,#1733,.T.);
#1733 = EDGE_CURVE('',#1725,#1695,#1734,.T.);
#1734 = CIRCLE('',#1735,0.8);
#1735 = AXIS2_PLACEMENT_3D('',#1736,#1737,#1738);
#1736 = CARTESIAN_POINT('',(1.1,-21.,3.8));
#1737 = DIRECTION('',(0.,-1.,0.));
#1738 = DIRECTION('',(1.,0.,0.));
#1739 = ORIENTED_EDGE('',*,*,#1702,.T.);
#1740 = ORIENTED_EDGE('',*,*,#298,.F.);
#1741 = ORIENTED_EDGE('',*,*,#290,.T.);
#1742 = ORIENTED_EDGE('',*,*,#1670,.T.);
#1743 = PLANE('',#1744);
#1744 = AXIS2_PLACEMENT_3D('',#1745,#1746,#1747);
#1745 = CARTESIAN_POINT('',(1.340039006007,-21.,3.47714754226));
#1746 = DIRECTION('',(-0.,-1.,-0.));
#1747 = DIRECTION('',(0.,0.,-1.));
#1748 = ADVANCED_FACE('',(#1749),#1774,.F.);
#1749 = FACE_BOUND('',#1750,.F.);
#1750 = EDGE_LOOP('',(#1751,#1752,#1760,#1768));
#1751 = ORIENTED_EDGE('',*,*,#322,.F.);
#1752 = ORIENTED_EDGE('',*,*,#1753,.T.);
#1753 = EDGE_CURVE('',#323,#1754,#1756,.T.);
#1754 = VERTEX_POINT('',#1755);
#1755 = CARTESIAN_POINT('',(26.965678,-31.06529,4.));
#1756 = LINE('',#1757,#1758);
#1757 = CARTESIAN_POINT('',(26.965678,-31.06529,2.));
#1758 = VECTOR('',#1759,1.);
#1759 = DIRECTION('',(0.,0.,1.));
#1760 = ORIENTED_EDGE('',*,*,#1761,.T.);
#1761 = EDGE_CURVE('',#1754,#1762,#1764,.T.);
#1762 = VERTEX_POINT('',#1763);
#1763 = CARTESIAN_POINT('',(49.965678,-31.06529,4.));
#1764 = LINE('',#1765,#1766);
#1765 = CARTESIAN_POINT('',(24.965678,-31.06529,4.));
#1766 = VECTOR('',#1767,1.);
#1767 = DIRECTION('',(1.,0.,0.));
#1768 = ORIENTED_EDGE('',*,*,#1769,.F.);
#1769 = EDGE_CURVE('',#325,#1762,#1770,.T.);
#1770 = LINE('',#1771,#1772);
#1771 = CARTESIAN_POINT('',(49.965678,-31.06529,2.));
#1772 = VECTOR('',#1773,1.);
#1773 = DIRECTION('',(0.,0.,1.));
#1774 = PLANE('',#1775);
#1775 = AXIS2_PLACEMENT_3D('',#1776,#1777,#1778);
#1776 = CARTESIAN_POINT('',(24.965678,-31.06529,2.));
#1777 = DIRECTION('',(0.,1.,0.));
#1778 = DIRECTION('',(1.,0.,0.));
#1779 = ADVANCED_FACE('',(#1780),#1799,.T.);
#1780 = FACE_BOUND('',#1781,.F.);
#1781 = EDGE_LOOP('',(#1782,#1783,#1791,#1798));
#1782 = ORIENTED_EDGE('',*,*,#332,.T.);
#1783 = ORIENTED_EDGE('',*,*,#1784,.T.);
#1784 = EDGE_CURVE('',#333,#1785,#1787,.T.);
#1785 = VERTEX_POINT('',#1786);
#1786 = CARTESIAN_POINT('',(24.965678,-29.06529,4.));
#1787 = LINE('',#1788,#1789);
#1788 = CARTESIAN_POINT('',(24.965678,-29.06529,2.));
#1789 = VECTOR('',#1790,1.);
#1790 = DIRECTION('',(0.,0.,1.));
#1791 = ORIENTED_EDGE('',*,*,#1792,.F.);
#1792 = EDGE_CURVE('',#1754,#1785,#1793,.T.);
#1793 = CIRCLE('',#1794,2.);
#1794 = AXIS2_PLACEMENT_3D('',#1795,#1796,#1797);
#1795 = CARTESIAN_POINT('',(26.965678,-29.06529,4.));
#1796 = DIRECTION('',(-0.,-0.,-1.));
#1797 = DIRECTION('',(0.,-1.,0.));
#1798 = ORIENTED_EDGE('',*,*,#1753,.F.);
#1799 = CYLINDRICAL_SURFACE('',#1800,2.);
#1800 = AXIS2_PLACEMENT_3D('',#1801,#1802,#1803);
#1801 = CARTESIAN_POINT('',(26.965678,-29.06529,2.));
#1802 = DIRECTION('',(0.,0.,1.));
#1803 = DIRECTION('',(0.,-1.,0.));
#1804 = ADVANCED_FACE('',(#1805),#1847,.F.);
#1805 = FACE_BOUND('',#1806,.F.);
#1806 = EDGE_LOOP('',(#1807,#1815,#1816,#1817,#1825,#1833,#1841));
#1807 = ORIENTED_EDGE('',*,*,#1808,.T.);
#1808 = EDGE_CURVE('',#1809,#391,#1811,.T.);
#1809 = VERTEX_POINT('',#1810);
#1810 = CARTESIAN_POINT('',(49.965678,-30.06529,2.4));
#1811 = LINE('',#1812,#1813);
#1812 = CARTESIAN_POINT('',(49.965678,-30.06529,3.4));
#1813 = VECTOR('',#1814,1.);
#1814 = DIRECTION('',(0.,0.,-1.));
#1815 = ORIENTED_EDGE('',*,*,#398,.F.);
#1816 = ORIENTED_EDGE('',*,*,#1769,.T.);
#1817 = ORIENTED_EDGE('',*,*,#1818,.T.);
#1818 = EDGE_CURVE('',#1762,#1819,#1821,.T.);
#1819 = VERTEX_POINT('',#1820);
#1820 = CARTESIAN_POINT('',(49.965678,-28.56529,4.));
#1821 = LINE('',#1822,#1823);
#1822 = CARTESIAN_POINT('',(49.965678,-31.06529,4.));
#1823 = VECTOR('',#1824,1.);
#1824 = DIRECTION('',(0.,1.,0.));
#1825 = ORIENTED_EDGE('',*,*,#1826,.F.);
#1826 = EDGE_CURVE('',#1827,#1819,#1829,.T.);
#1827 = VERTEX_POINT('',#1828);
#1828 = CARTESIAN_POINT('',(49.965678,-28.56529,3.4));
#1829 = LINE('',#1830,#1831);
#1830 = CARTESIAN_POINT('',(49.965678,-28.56529,2.));
#1831 = VECTOR('',#1832,1.);
#1832 = DIRECTION('',(0.,0.,1.));
#1833 = ORIENTED_EDGE('',*,*,#1834,.T.);
#1834 = EDGE_CURVE('',#1827,#1835,#1837,.T.);
#1835 = VERTEX_POINT('',#1836);
#1836 = CARTESIAN_POINT('',(49.965678,-28.56629,3.4));
#1837 = LINE('',#1838,#1839);
#1838 = CARTESIAN_POINT('',(49.965678,-5.06529,3.4));
#1839 = VECTOR('',#1840,1.);
#1840 = DIRECTION('',(0.,-1.,0.));
#1841 = ORIENTED_EDGE('',*,*,#1842,.T.);
#1842 = EDGE_CURVE('',#1835,#1809,#1843,.T.);
#1843 = LINE('',#1844,#1845);
#1844 = CARTESIAN_POINT('',(49.965678,-30.12888310491,2.357576314267));
#1845 = VECTOR('',#1846,1.);
#1846 = DIRECTION('',(-0.,-0.831879499129,-0.554956303622));
#1847 = PLANE('',#1848);
#1848 = AXIS2_PLACEMENT_3D('',#1849,#1850,#1851);
#1849 = CARTESIAN_POINT('',(49.965678,-31.06529,2.));
#1850 = DIRECTION('',(-1.,0.,0.));
#1851 = DIRECTION('',(0.,1.,0.));
#1852 = ADVANCED_FACE('',(#1853),#1871,.F.);
#1853 = FACE_BOUND('',#1854,.F.);
#1854 = EDGE_LOOP('',(#1855,#1856,#1864,#1870));
#1855 = ORIENTED_EDGE('',*,*,#341,.F.);
#1856 = ORIENTED_EDGE('',*,*,#1857,.T.);
#1857 = EDGE_CURVE('',#342,#1858,#1860,.T.);
#1858 = VERTEX_POINT('',#1859);
#1859 = CARTESIAN_POINT('',(24.965678,-6.06529,4.));
#1860 = LINE('',#1861,#1862);
#1861 = CARTESIAN_POINT('',(24.965678,-6.06529,2.));
#1862 = VECTOR('',#1863,1.);
#1863 = DIRECTION('',(0.,0.,1.));
#1864 = ORIENTED_EDGE('',*,*,#1865,.T.);
#1865 = EDGE_CURVE('',#1858,#1785,#1866,.T.);
#1866 = LINE('',#1867,#1868);
#1867 = CARTESIAN_POINT('',(24.965678,-4.06529,4.));
#1868 = VECTOR('',#1869,1.);
#1869 = DIRECTION('',(0.,-1.,0.));
#1870 = ORIENTED_EDGE('',*,*,#1784,.F.);
#1871 = PLANE('',#1872);
#1872 = AXIS2_PLACEMENT_3D('',#1873,#1874,#1875);
#1873 = CARTESIAN_POINT('',(24.965678,-4.06529,2.));
#1874 = DIRECTION('',(1.,0.,0.));
#1875 = DIRECTION('',(0.,-1.,0.));
#1876 = ADVANCED_FACE('',(#1877),#1895,.F.);
#1877 = FACE_BOUND('',#1878,.F.);
#1878 = EDGE_LOOP('',(#1879,#1880,#1888,#1894));
#1879 = ORIENTED_EDGE('',*,*,#1808,.F.);
#1880 = ORIENTED_EDGE('',*,*,#1881,.T.);
#1881 = EDGE_CURVE('',#1809,#1882,#1884,.T.);
#1882 = VERTEX_POINT('',#1883);
#1883 = CARTESIAN_POINT('',(25.965678,-30.06529,2.4));
#1884 = LINE('',#1885,#1886);
#1885 = CARTESIAN_POINT('',(49.965678,-30.06529,2.4));
#1886 = VECTOR('',#1887,1.);
#1887 = DIRECTION('',(-1.,-0.,-0.));
#1888 = ORIENTED_EDGE('',*,*,#1889,.T.);
#1889 = EDGE_CURVE('',#1882,#383,#1890,.T.);
#1890 = LINE('',#1891,#1892);
#1891 = CARTESIAN_POINT('',(25.965678,-30.06529,3.4));
#1892 = VECTOR('',#1893,1.);
#1893 = DIRECTION('',(0.,0.,-1.));
#1894 = ORIENTED_EDGE('',*,*,#390,.F.);
#1895 = PLANE('',#1896);
#1896 = AXIS2_PLACEMENT_3D('',#1897,#1898,#1899);
#1897 = CARTESIAN_POINT('',(49.965678,-30.06529,3.4));
#1898 = DIRECTION('',(0.,-1.,0.));
#1899 = DIRECTION('',(0.,0.,-1.));
#1900 = ADVANCED_FACE('',(#1901),#1920,.T.);
#1901 = FACE_BOUND('',#1902,.T.);
#1902 = EDGE_LOOP('',(#1903,#1904,#1905,#1914));
#1903 = ORIENTED_EDGE('',*,*,#349,.T.);
#1904 = ORIENTED_EDGE('',*,*,#1857,.T.);
#1905 = ORIENTED_EDGE('',*,*,#1906,.F.);
#1906 = EDGE_CURVE('',#1907,#1858,#1909,.T.);
#1907 = VERTEX_POINT('',#1908);
#1908 = CARTESIAN_POINT('',(26.965678,-4.06529,4.));
#1909 = CIRCLE('',#1910,2.);
#1910 = AXIS2_PLACEMENT_3D('',#1911,#1912,#1913);
#1911 = CARTESIAN_POINT('',(26.965678,-6.06529,4.));
#1912 = DIRECTION('',(-0.,0.,1.));
#1913 = DIRECTION('',(0.,-1.,0.));
#1914 = ORIENTED_EDGE('',*,*,#1915,.F.);
#1915 = EDGE_CURVE('',#350,#1907,#1916,.T.);
#1916 = LINE('',#1917,#1918);
#1917 = CARTESIAN_POINT('',(26.965678,-4.06529,2.));
#1918 = VECTOR('',#1919,1.);
#1919 = DIRECTION('',(0.,0.,1.));
#1920 = CYLINDRICAL_SURFACE('',#1921,2.);
#1921 = AXIS2_PLACEMENT_3D('',#1922,#1923,#1924);
#1922 = CARTESIAN_POINT('',(26.965678,-6.06529,2.));
#1923 = DIRECTION('',(0.,0.,1.));
#1924 = DIRECTION('',(0.,1.,0.));
#1925 = ADVANCED_FACE('',(#1926),#1960,.T.);
#1926 = FACE_BOUND('',#1927,.T.);
#1927 = EDGE_LOOP('',(#1928,#1936,#1937,#1938,#1946,#1954));
#1928 = ORIENTED_EDGE('',*,*,#1929,.T.);
#1929 = EDGE_CURVE('',#1930,#1882,#1932,.T.);
#1930 = VERTEX_POINT('',#1931);
#1931 = CARTESIAN_POINT('',(25.965678,-30.063791,2.401));
#1932 = LINE('',#1933,#1934);
#1933 = CARTESIAN_POINT('',(25.965678,-25.29614460252,5.581551299183));
#1934 = VECTOR('',#1935,1.);
#1935 = DIRECTION('',(0.,-0.831879499129,-0.554956303622));
#1936 = ORIENTED_EDGE('',*,*,#1889,.T.);
#1937 = ORIENTED_EDGE('',*,*,#382,.T.);
#1938 = ORIENTED_EDGE('',*,*,#1939,.T.);
#1939 = EDGE_CURVE('',#375,#1940,#1942,.T.);
#1940 = VERTEX_POINT('',#1941);
#1941 = CARTESIAN_POINT('',(25.965678,-5.06529,2.4));
#1942 = LINE('',#1943,#1944);
#1943 = CARTESIAN_POINT('',(25.965678,-5.06529,2.));
#1944 = VECTOR('',#1945,1.);
#1945 = DIRECTION('',(0.,0.,1.));
#1946 = ORIENTED_EDGE('',*,*,#1947,.F.);
#1947 = EDGE_CURVE('',#1948,#1940,#1950,.T.);
#1948 = VERTEX_POINT('',#1949);
#1949 = CARTESIAN_POINT('',(25.965678,-5.066789,2.401));
#1950 = LINE('',#1951,#1952);
#1951 = CARTESIAN_POINT('',(25.965678,-9.834435397476,5.581551299183));
#1952 = VECTOR('',#1953,1.);
#1953 = DIRECTION('',(0.,0.831879499129,-0.554956303622));
#1954 = ORIENTED_EDGE('',*,*,#1955,.T.);
#1955 = EDGE_CURVE('',#1948,#1930,#1956,.T.);
#1956 = LINE('',#1957,#1958);
#1957 = CARTESIAN_POINT('',(25.965678,-6.56429,2.401));
#1958 = VECTOR('',#1959,1.);
#1959 = DIRECTION('',(0.,-1.,0.));
#1960 = PLANE('',#1961);
#1961 = AXIS2_PLACEMENT_3D('',#1962,#1963,#1964);
#1962 = CARTESIAN_POINT('',(25.965678,-17.56529,2.7));
#1963 = DIRECTION('',(1.,0.,0.));
#1964 = DIRECTION('',(0.,0.,1.));
#1965 = ADVANCED_FACE('',(#1966),#1984,.F.);
#1966 = FACE_BOUND('',#1967,.F.);
#1967 = EDGE_LOOP('',(#1968,#1969,#1977,#1983));
#1968 = ORIENTED_EDGE('',*,*,#358,.F.);
#1969 = ORIENTED_EDGE('',*,*,#1970,.T.);
#1970 = EDGE_CURVE('',#359,#1971,#1973,.T.);
#1971 = VERTEX_POINT('',#1972);
#1972 = CARTESIAN_POINT('',(49.965678,-4.06529,4.));
#1973 = LINE('',#1974,#1975);
#1974 = CARTESIAN_POINT('',(49.965678,-4.06529,2.));
#1975 = VECTOR('',#1976,1.);
#1976 = DIRECTION('',(0.,0.,1.));
#1977 = ORIENTED_EDGE('',*,*,#1978,.T.);
#1978 = EDGE_CURVE('',#1971,#1907,#1979,.T.);
#1979 = LINE('',#1980,#1981);
#1980 = CARTESIAN_POINT('',(49.965678,-4.06529,4.));
#1981 = VECTOR('',#1982,1.);
#1982 = DIRECTION('',(-1.,0.,0.));
#1983 = ORIENTED_EDGE('',*,*,#1915,.F.);
#1984 = PLANE('',#1985);
#1985 = AXIS2_PLACEMENT_3D('',#1986,#1987,#1988);
#1986 = CARTESIAN_POINT('',(49.965678,-4.06529,2.));
#1987 = DIRECTION('',(0.,-1.,0.));
#1988 = DIRECTION('',(-1.,0.,0.));
#1989 = ADVANCED_FACE('',(#1990),#2008,.F.);
#1990 = FACE_BOUND('',#1991,.F.);
#1991 = EDGE_LOOP('',(#1992,#2000,#2001,#2002));
#1992 = ORIENTED_EDGE('',*,*,#1993,.F.);
#1993 = EDGE_CURVE('',#367,#1994,#1996,.T.);
#1994 = VERTEX_POINT('',#1995);
#1995 = CARTESIAN_POINT('',(49.965678,-5.06529,2.4));
#1996 = LINE('',#1997,#1998);
#1997 = CARTESIAN_POINT('',(49.965678,-5.06529,2.));
#1998 = VECTOR('',#1999,1.);
#1999 = DIRECTION('',(0.,0.,1.));
#2000 = ORIENTED_EDGE('',*,*,#374,.T.);
#2001 = ORIENTED_EDGE('',*,*,#1939,.T.);
#2002 = ORIENTED_EDGE('',*,*,#2003,.F.);
#2003 = EDGE_CURVE('',#1994,#1940,#2004,.T.);
#2004 = LINE('',#2005,#2006);
#2005 = CARTESIAN_POINT('',(49.965678,-5.06529,2.4));
#2006 = VECTOR('',#2007,1.);
#2007 = DIRECTION('',(-1.,-0.,-0.));
#2008 = PLANE('',#2009);
#2009 = AXIS2_PLACEMENT_3D('',#2010,#2011,#2012);
#2010 = CARTESIAN_POINT('',(49.965678,-5.06529,2.));
#2011 = DIRECTION('',(0.,1.,0.));
#2012 = DIRECTION('',(0.,0.,1.));
#2013 = ADVANCED_FACE('',(#2014),#2049,.F.);
#2014 = FACE_BOUND('',#2015,.F.);
#2015 = EDGE_LOOP('',(#2016,#2026,#2034,#2040,#2041,#2042,#2043));
#2016 = ORIENTED_EDGE('',*,*,#2017,.T.);
#2017 = EDGE_CURVE('',#2018,#2020,#2022,.T.);
#2018 = VERTEX_POINT('',#2019);
#2019 = CARTESIAN_POINT('',(49.965678,-6.56429,3.4));
#2020 = VERTEX_POINT('',#2021);
#2021 = CARTESIAN_POINT('',(49.965678,-6.56529,3.4));
#2022 = LINE('',#2023,#2024);
#2023 = CARTESIAN_POINT('',(49.965678,-5.06529,3.4));
#2024 = VECTOR('',#2025,1.);
#2025 = DIRECTION('',(0.,-1.,0.));
#2026 = ORIENTED_EDGE('',*,*,#2027,.T.);
#2027 = EDGE_CURVE('',#2020,#2028,#2030,.T.);
#2028 = VERTEX_POINT('',#2029);
#2029 = CARTESIAN_POINT('',(49.965678,-6.56529,4.));
#2030 = LINE('',#2031,#2032);
#2031 = CARTESIAN_POINT('',(49.965678,-6.56529,2.));
#2032 = VECTOR('',#2033,1.);
#2033 = DIRECTION('',(0.,0.,1.));
#2034 = ORIENTED_EDGE('',*,*,#2035,.T.);
#2035 = EDGE_CURVE('',#2028,#1971,#2036,.T.);
#2036 = LINE('',#2037,#2038);
#2037 = CARTESIAN_POINT('',(49.965678,-6.56529,4.));
#2038 = VECTOR('',#2039,1.);
#2039 = DIRECTION('',(0.,1.,0.));
#2040 = ORIENTED_EDGE('',*,*,#1970,.F.);
#2041 = ORIENTED_EDGE('',*,*,#366,.F.);
#2042 = ORIENTED_EDGE('',*,*,#1993,.T.);
#2043 = ORIENTED_EDGE('',*,*,#2044,.F.);
#2044 = EDGE_CURVE('',#2018,#1994,#2045,.T.);
#2045 = LINE('',#2046,#2047);
#2046 = CARTESIAN_POINT('',(49.965678,-5.866726271424,2.934647279135));
#2047 = VECTOR('',#2048,1.);
#2048 = DIRECTION('',(0.,0.831879499129,-0.554956303622));
#2049 = PLANE('',#2050);
#2050 = AXIS2_PLACEMENT_3D('',#2051,#2052,#2053);
#2051 = CARTESIAN_POINT('',(49.965678,-6.56529,2.));
#2052 = DIRECTION('',(-1.,0.,0.));
#2053 = DIRECTION('',(0.,1.,0.));
#2054 = ADVANCED_FACE('',(#2055),#2080,.F.);
#2055 = FACE_BOUND('',#2056,.F.);
#2056 = EDGE_LOOP('',(#2057,#2065,#2066,#2074));
#2057 = ORIENTED_EDGE('',*,*,#2058,.T.);
#2058 = EDGE_CURVE('',#2059,#407,#2061,.T.);
#2059 = VERTEX_POINT('',#2060);
#2060 = CARTESIAN_POINT('',(-2.,-3.,0.));
#2061 = LINE('',#2062,#2063);
#2062 = CARTESIAN_POINT('',(-2.,-3.,0.));
#2063 = VECTOR('',#2064,1.);
#2064 = DIRECTION('',(0.,0.,1.));
#2065 = ORIENTED_EDGE('',*,*,#406,.T.);
#2066 = ORIENTED_EDGE('',*,*,#2067,.F.);
#2067 = EDGE_CURVE('',#2068,#409,#2070,.T.);
#2068 = VERTEX_POINT('',#2069);
#2069 = CARTESIAN_POINT('',(-2.,-29.,0.));
#2070 = LINE('',#2071,#2072);
#2071 = CARTESIAN_POINT('',(-2.,-29.,0.));
#2072 = VECTOR('',#2073,1.);
#2073 = DIRECTION('',(0.,0.,1.));
#2074 = ORIENTED_EDGE('',*,*,#2075,.F.);
#2075 = EDGE_CURVE('',#2059,#2068,#2076,.T.);
#2076 = LINE('',#2077,#2078);
#2077 = CARTESIAN_POINT('',(-2.,-3.,0.));
#2078 = VECTOR('',#2079,1.);
#2079 = DIRECTION('',(0.,-1.,0.));
#2080 = PLANE('',#2081);
#2081 = AXIS2_PLACEMENT_3D('',#2082,#2083,#2084);
#2082 = CARTESIAN_POINT('',(-2.,-3.,0.));
#2083 = DIRECTION('',(1.,0.,0.));
#2084 = DIRECTION('',(0.,-1.,0.));
#2085 = ADVANCED_FACE('',(#2086),#2105,.T.);
#2086 = FACE_BOUND('',#2087,.F.);
#2087 = EDGE_LOOP('',(#2088,#2089,#2090,#2098));
#2088 = ORIENTED_EDGE('',*,*,#2067,.T.);
#2089 = ORIENTED_EDGE('',*,*,#416,.T.);
#2090 = ORIENTED_EDGE('',*,*,#2091,.F.);
#2091 = EDGE_CURVE('',#2092,#417,#2094,.T.);
#2092 = VERTEX_POINT('',#2093);
#2093 = CARTESIAN_POINT('',(3.,-34.,0.));
#2094 = LINE('',#2095,#2096);
#2095 = CARTESIAN_POINT('',(3.,-34.,0.));
#2096 = VECTOR('',#2097,1.);
#2097 = DIRECTION('',(0.,0.,1.));
#2098 = ORIENTED_EDGE('',*,*,#2099,.F.);
#2099 = EDGE_CURVE('',#2068,#2092,#2100,.T.);
#2100 = CIRCLE('',#2101,5.);
#2101 = AXIS2_PLACEMENT_3D('',#2102,#2103,#2104);
#2102 = CARTESIAN_POINT('',(3.,-29.,0.));
#2103 = DIRECTION('',(0.,0.,1.));
#2104 = DIRECTION('',(1.,0.,0.));
#2105 = CYLINDRICAL_SURFACE('',#2106,5.);
#2106 = AXIS2_PLACEMENT_3D('',#2107,#2108,#2109);
#2107 = CARTESIAN_POINT('',(3.,-29.,0.));
#2108 = DIRECTION('',(-0.,-0.,-1.));
#2109 = DIRECTION('',(1.,0.,0.));
#2110 = ADVANCED_FACE('',(#2111),#2129,.F.);
#2111 = FACE_BOUND('',#2112,.F.);
#2112 = EDGE_LOOP('',(#2113,#2114,#2115,#2123));
#2113 = ORIENTED_EDGE('',*,*,#2091,.T.);
#2114 = ORIENTED_EDGE('',*,*,#425,.T.);
#2115 = ORIENTED_EDGE('',*,*,#2116,.F.);
#2116 = EDGE_CURVE('',#2117,#426,#2119,.T.);
#2117 = VERTEX_POINT('',#2118);
#2118 = CARTESIAN_POINT('',(71.,-34.,0.));
#2119 = LINE('',#2120,#2121);
#2120 = CARTESIAN_POINT('',(71.,-34.,0.));
#2121 = VECTOR('',#2122,1.);
#2122 = DIRECTION('',(0.,0.,1.));
#2123 = ORIENTED_EDGE('',*,*,#2124,.F.);
#2124 = EDGE_CURVE('',#2092,#2117,#2125,.T.);
#2125 = LINE('',#2126,#2127);
#2126 = CARTESIAN_POINT('',(3.,-34.,0.));
#2127 = VECTOR('',#2128,1.);
#2128 = DIRECTION('',(1.,0.,0.));
#2129 = PLANE('',#2130);
#2130 = AXIS2_PLACEMENT_3D('',#2131,#2132,#2133);
#2131 = CARTESIAN_POINT('',(3.,-34.,0.));
#2132 = DIRECTION('',(0.,1.,0.));
#2133 = DIRECTION('',(1.,0.,0.));
#2134 = ADVANCED_FACE('',(#2135),#2154,.T.);
#2135 = FACE_BOUND('',#2136,.F.);
#2136 = EDGE_LOOP('',(#2137,#2138,#2139,#2147));
#2137 = ORIENTED_EDGE('',*,*,#2116,.T.);
#2138 = ORIENTED_EDGE('',*,*,#433,.T.);
#2139 = ORIENTED_EDGE('',*,*,#2140,.F.);
#2140 = EDGE_CURVE('',#2141,#434,#2143,.T.);
#2141 = VERTEX_POINT('',#2142);
#2142 = CARTESIAN_POINT('',(76.,-29.,0.));
#2143 = LINE('',#2144,#2145);
#2144 = CARTESIAN_POINT('',(76.,-29.,0.));
#2145 = VECTOR('',#2146,1.);
#2146 = DIRECTION('',(0.,0.,1.));
#2147 = ORIENTED_EDGE('',*,*,#2148,.F.);
#2148 = EDGE_CURVE('',#2117,#2141,#2149,.T.);
#2149 = CIRCLE('',#2150,5.);
#2150 = AXIS2_PLACEMENT_3D('',#2151,#2152,#2153);
#2151 = CARTESIAN_POINT('',(71.,-29.,0.));
#2152 = DIRECTION('',(0.,0.,1.));
#2153 = DIRECTION('',(1.,0.,0.));
#2154 = CYLINDRICAL_SURFACE('',#2155,5.);
#2155 = AXIS2_PLACEMENT_3D('',#2156,#2157,#2158);
#2156 = CARTESIAN_POINT('',(71.,-29.,0.));
#2157 = DIRECTION('',(-0.,-0.,-1.));
#2158 = DIRECTION('',(1.,0.,0.));
#2159 = ADVANCED_FACE('',(#2160),#2178,.F.);
#2160 = FACE_BOUND('',#2161,.F.);
#2161 = EDGE_LOOP('',(#2162,#2163,#2164,#2172));
#2162 = ORIENTED_EDGE('',*,*,#2140,.T.);
#2163 = ORIENTED_EDGE('',*,*,#442,.T.);
#2164 = ORIENTED_EDGE('',*,*,#2165,.F.);
#2165 = EDGE_CURVE('',#2166,#443,#2168,.T.);
#2166 = VERTEX_POINT('',#2167);
#2167 = CARTESIAN_POINT('',(76.,-3.,0.));
#2168 = LINE('',#2169,#2170);
#2169 = CARTESIAN_POINT('',(76.,-3.,0.));
#2170 = VECTOR('',#2171,1.);
#2171 = DIRECTION('',(0.,0.,1.));
#2172 = ORIENTED_EDGE('',*,*,#2173,.F.);
#2173 = EDGE_CURVE('',#2141,#2166,#2174,.T.);
#2174 = LINE('',#2175,#2176);
#2175 = CARTESIAN_POINT('',(76.,-29.,0.));
#2176 = VECTOR('',#2177,1.);
#2177 = DIRECTION('',(0.,1.,0.));
#2178 = PLANE('',#2179);
#2179 = AXIS2_PLACEMENT_3D('',#2180,#2181,#2182);
#2180 = CARTESIAN_POINT('',(76.,-29.,0.));
#2181 = DIRECTION('',(-1.,0.,0.));
#2182 = DIRECTION('',(0.,1.,0.));
#2183 = ADVANCED_FACE('',(#2184),#2203,.T.);
#2184 = FACE_BOUND('',#2185,.F.);
#2185 = EDGE_LOOP('',(#2186,#2187,#2188,#2196));
#2186 = ORIENTED_EDGE('',*,*,#2165,.T.);
#2187 = ORIENTED_EDGE('',*,*,#450,.T.);
#2188 = ORIENTED_EDGE('',*,*,#2189,.F.);
#2189 = EDGE_CURVE('',#2190,#451,#2192,.T.);
#2190 = VERTEX_POINT('',#2191);
#2191 = CARTESIAN_POINT('',(71.,2.,0.));
#2192 = LINE('',#2193,#2194);
#2193 = CARTESIAN_POINT('',(71.,2.,0.));
#2194 = VECTOR('',#2195,1.);
#2195 = DIRECTION('',(0.,0.,1.));
#2196 = ORIENTED_EDGE('',*,*,#2197,.F.);
#2197 = EDGE_CURVE('',#2166,#2190,#2198,.T.);
#2198 = CIRCLE('',#2199,5.);
#2199 = AXIS2_PLACEMENT_3D('',#2200,#2201,#2202);
#2200 = CARTESIAN_POINT('',(71.,-3.,0.));
#2201 = DIRECTION('',(0.,0.,1.));
#2202 = DIRECTION('',(1.,0.,0.));
#2203 = CYLINDRICAL_SURFACE('',#2204,5.);
#2204 = AXIS2_PLACEMENT_3D('',#2205,#2206,#2207);
#2205 = CARTESIAN_POINT('',(71.,-3.,0.));
#2206 = DIRECTION('',(-0.,-0.,-1.));
#2207 = DIRECTION('',(1.,0.,0.));
#2208 = ADVANCED_FACE('',(#2209),#2227,.F.);
#2209 = FACE_BOUND('',#2210,.F.);
#2210 = EDGE_LOOP('',(#2211,#2212,#2213,#2221));
#2211 = ORIENTED_EDGE('',*,*,#2189,.T.);
#2212 = ORIENTED_EDGE('',*,*,#459,.T.);
#2213 = ORIENTED_EDGE('',*,*,#2214,.F.);
#2214 = EDGE_CURVE('',#2215,#460,#2217,.T.);
#2215 = VERTEX_POINT('',#2216);
#2216 = CARTESIAN_POINT('',(3.,2.,0.));
#2217 = LINE('',#2218,#2219);
#2218 = CARTESIAN_POINT('',(3.,2.,0.));
#2219 = VECTOR('',#2220,1.);
#2220 = DIRECTION('',(0.,0.,1.));
#2221 = ORIENTED_EDGE('',*,*,#2222,.F.);
#2222 = EDGE_CURVE('',#2190,#2215,#2223,.T.);
#2223 = LINE('',#2224,#2225);
#2224 = CARTESIAN_POINT('',(71.,2.,0.));
#2225 = VECTOR('',#2226,1.);
#2226 = DIRECTION('',(-1.,8.E-17,0.));
#2227 = PLANE('',#2228);
#2228 = AXIS2_PLACEMENT_3D('',#2229,#2230,#2231);
#2229 = CARTESIAN_POINT('',(71.,2.,0.));
#2230 = DIRECTION('',(-8.E-17,-1.,0.));
#2231 = DIRECTION('',(-1.,8.E-17,0.));
#2232 = ADVANCED_FACE('',(#2233),#2245,.T.);
#2233 = FACE_BOUND('',#2234,.F.);
#2234 = EDGE_LOOP('',(#2235,#2236,#2237,#2238));
#2235 = ORIENTED_EDGE('',*,*,#2214,.T.);
#2236 = ORIENTED_EDGE('',*,*,#467,.T.);
#2237 = ORIENTED_EDGE('',*,*,#2058,.F.);
#2238 = ORIENTED_EDGE('',*,*,#2239,.F.);
#2239 = EDGE_CURVE('',#2215,#2059,#2240,.T.);
#2240 = CIRCLE('',#2241,5.);
#2241 = AXIS2_PLACEMENT_3D('',#2242,#2243,#2244);
#2242 = CARTESIAN_POINT('',(3.,-3.,0.));
#2243 = DIRECTION('',(0.,0.,1.));
#2244 = DIRECTION('',(1.,0.,0.));
#2245 = CYLINDRICAL_SURFACE('',#2246,5.);
#2246 = AXIS2_PLACEMENT_3D('',#2247,#2248,#2249);
#2247 = CARTESIAN_POINT('',(3.,-3.,0.));
#2248 = DIRECTION('',(-0.,-0.,-1.));
#2249 = DIRECTION('',(1.,0.,0.));
#2250 = ADVANCED_FACE('',(#2251),#2277,.F.);
#2251 = FACE_BOUND('',#2252,.F.);
#2252 = EDGE_LOOP('',(#2253,#2264,#2270,#2271));
#2253 = ORIENTED_EDGE('',*,*,#2254,.T.);
#2254 = EDGE_CURVE('',#2255,#2257,#2259,.T.);
#2255 = VERTEX_POINT('',#2256);
#2256 = CARTESIAN_POINT('',(48.465678,-28.56529,0.));
#2257 = VERTEX_POINT('',#2258);
#2258 = CARTESIAN_POINT('',(49.465678,-27.56529,0.));
#2259 = CIRCLE('',#2260,1.);
#2260 = AXIS2_PLACEMENT_3D('',#2261,#2262,#2263);
#2261 = CARTESIAN_POINT('',(48.465678,-27.56529,0.));
#2262 = DIRECTION('',(-0.,0.,1.));
#2263 = DIRECTION('',(0.,-1.,0.));
#2264 = ORIENTED_EDGE('',*,*,#2265,.T.);
#2265 = EDGE_CURVE('',#2257,#479,#2266,.T.);
#2266 = LINE('',#2267,#2268);
#2267 = CARTESIAN_POINT('',(49.465678,-27.56529,0.));
#2268 = VECTOR('',#2269,1.);
#2269 = DIRECTION('',(0.,0.,1.));
#2270 = ORIENTED_EDGE('',*,*,#476,.F.);
#2271 = ORIENTED_EDGE('',*,*,#2272,.F.);
#2272 = EDGE_CURVE('',#2255,#477,#2273,.T.);
#2273 = LINE('',#2274,#2275);
#2274 = CARTESIAN_POINT('',(48.465678,-28.56529,0.));
#2275 = VECTOR('',#2276,1.);
#2276 = DIRECTION('',(0.,0.,1.));
#2277 = CYLINDRICAL_SURFACE('',#2278,1.);
#2278 = AXIS2_PLACEMENT_3D('',#2279,#2280,#2281);
#2279 = CARTESIAN_POINT('',(48.465678,-27.56529,0.));
#2280 = DIRECTION('',(0.,0.,1.));
#2281 = DIRECTION('',(0.,-1.,0.));
#2282 = ADVANCED_FACE('',(#2283),#2301,.T.);
#2283 = FACE_BOUND('',#2284,.T.);
#2284 = EDGE_LOOP('',(#2285,#2293,#2294,#2295));
#2285 = ORIENTED_EDGE('',*,*,#2286,.T.);
#2286 = EDGE_CURVE('',#2287,#488,#2289,.T.);
#2287 = VERTEX_POINT('',#2288);
#2288 = CARTESIAN_POINT('',(28.465678,-28.56529,0.));
#2289 = LINE('',#2290,#2291);
#2290 = CARTESIAN_POINT('',(28.465678,-28.56529,0.));
#2291 = VECTOR('',#2292,1.);
#2292 = DIRECTION('',(0.,0.,1.));
#2293 = ORIENTED_EDGE('',*,*,#487,.F.);
#2294 = ORIENTED_EDGE('',*,*,#2272,.F.);
#2295 = ORIENTED_EDGE('',*,*,#2296,.T.);
#2296 = EDGE_CURVE('',#2255,#2287,#2297,.T.);
#2297 = LINE('',#2298,#2299);
#2298 = CARTESIAN_POINT('',(49.465678,-28.56529,0.));
#2299 = VECTOR('',#2300,1.);
#2300 = DIRECTION('',(-1.,0.,0.));
#2301 = PLANE('',#2302);
#2302 = AXIS2_PLACEMENT_3D('',#2303,#2304,#2305);
#2303 = CARTESIAN_POINT('',(38.696810075472,-28.56529,2.094339622642));
#2304 = DIRECTION('',(0.,1.,8.9E-16));
#2305 = DIRECTION('',(0.,-8.9E-16,1.));
#2306 = ADVANCED_FACE('',(#2307),#2326,.F.);
#2307 = FACE_BOUND('',#2308,.T.);
#2308 = EDGE_LOOP('',(#2309,#2318,#2324,#2325));
#2309 = ORIENTED_EDGE('',*,*,#2310,.T.);
#2310 = EDGE_CURVE('',#2287,#2311,#2313,.T.);
#2311 = VERTEX_POINT('',#2312);
#2312 = CARTESIAN_POINT('',(27.465678,-27.56529,0.));
#2313 = CIRCLE('',#2314,1.);
#2314 = AXIS2_PLACEMENT_3D('',#2315,#2316,#2317);
#2315 = CARTESIAN_POINT('',(28.465678,-27.56529,0.));
#2316 = DIRECTION('',(-0.,-0.,-1.));
#2317 = DIRECTION('',(0.,-1.,0.));
#2318 = ORIENTED_EDGE('',*,*,#2319,.T.);
#2319 = EDGE_CURVE('',#2311,#496,#2320,.T.);
#2320 = LINE('',#2321,#2322);
#2321 = CARTESIAN_POINT('',(27.465678,-27.56529,0.));
#2322 = VECTOR('',#2323,1.);
#2323 = DIRECTION('',(0.,0.,1.));
#2324 = ORIENTED_EDGE('',*,*,#495,.F.);
#2325 = ORIENTED_EDGE('',*,*,#2286,.F.);
#2326 = CYLINDRICAL_SURFACE('',#2327,1.);
#2327 = AXIS2_PLACEMENT_3D('',#2328,#2329,#2330);
#2328 = CARTESIAN_POINT('',(28.465678,-27.56529,0.));
#2329 = DIRECTION('',(0.,0.,1.));
#2330 = DIRECTION('',(0.,-1.,0.));
#2331 = ADVANCED_FACE('',(#2332),#2350,.T.);
#2332 = FACE_BOUND('',#2333,.T.);
#2333 = EDGE_LOOP('',(#2334,#2335,#2336,#2344));
#2334 = ORIENTED_EDGE('',*,*,#504,.F.);
#2335 = ORIENTED_EDGE('',*,*,#2319,.F.);
#2336 = ORIENTED_EDGE('',*,*,#2337,.T.);
#2337 = EDGE_CURVE('',#2311,#2338,#2340,.T.);
#2338 = VERTEX_POINT('',#2339);
#2339 = CARTESIAN_POINT('',(27.465678,-7.56529,0.));
#2340 = LINE('',#2341,#2342);
#2341 = CARTESIAN_POINT('',(27.465678,-28.56529,0.));
#2342 = VECTOR('',#2343,1.);
#2343 = DIRECTION('',(0.,1.,0.));
#2344 = ORIENTED_EDGE('',*,*,#2345,.T.);
#2345 = EDGE_CURVE('',#2338,#505,#2346,.T.);
#2346 = LINE('',#2347,#2348);
#2347 = CARTESIAN_POINT('',(27.465678,-7.56529,0.));
#2348 = VECTOR('',#2349,1.);
#2349 = DIRECTION('',(0.,0.,1.));
#2350 = PLANE('',#2351);
#2351 = AXIS2_PLACEMENT_3D('',#2352,#2353,#2354);
#2352 = CARTESIAN_POINT('',(27.465678,-17.56529,2.076923076923));
#2353 = DIRECTION('',(1.,0.,-8.9E-16));
#2354 = DIRECTION('',(8.9E-16,0.,1.));
#2355 = ADVANCED_FACE('',(#2356),#2375,.F.);
#2356 = FACE_BOUND('',#2357,.F.);
#2357 = EDGE_LOOP('',(#2358,#2367,#2368,#2369));
#2358 = ORIENTED_EDGE('',*,*,#2359,.T.);
#2359 = EDGE_CURVE('',#2360,#2338,#2362,.T.);
#2360 = VERTEX_POINT('',#2361);
#2361 = CARTESIAN_POINT('',(28.465678,-6.56529,0.));
#2362 = CIRCLE('',#2363,1.);
#2363 = AXIS2_PLACEMENT_3D('',#2364,#2365,#2366);
#2364 = CARTESIAN_POINT('',(28.465678,-7.56529,0.));
#2365 = DIRECTION('',(-0.,0.,1.));
#2366 = DIRECTION('',(0.,-1.,0.));
#2367 = ORIENTED_EDGE('',*,*,#2345,.T.);
#2368 = ORIENTED_EDGE('',*,*,#512,.F.);
#2369 = ORIENTED_EDGE('',*,*,#2370,.F.);
#2370 = EDGE_CURVE('',#2360,#513,#2371,.T.);
#2371 = LINE('',#2372,#2373);
#2372 = CARTESIAN_POINT('',(28.465678,-6.56529,0.));
#2373 = VECTOR('',#2374,1.);
#2374 = DIRECTION('',(0.,0.,1.));
#2375 = CYLINDRICAL_SURFACE('',#2376,1.);
#2376 = AXIS2_PLACEMENT_3D('',#2377,#2378,#2379);
#2377 = CARTESIAN_POINT('',(28.465678,-7.56529,0.));
#2378 = DIRECTION('',(0.,0.,1.));
#2379 = DIRECTION('',(0.,1.,0.));
#2380 = ADVANCED_FACE('',(#2381),#2399,.T.);
#2381 = FACE_BOUND('',#2382,.T.);
#2382 = EDGE_LOOP('',(#2383,#2384,#2385,#2393));
#2383 = ORIENTED_EDGE('',*,*,#521,.F.);
#2384 = ORIENTED_EDGE('',*,*,#2370,.F.);
#2385 = ORIENTED_EDGE('',*,*,#2386,.T.);
#2386 = EDGE_CURVE('',#2360,#2387,#2389,.T.);
#2387 = VERTEX_POINT('',#2388);
#2388 = CARTESIAN_POINT('',(48.465678,-6.56529,0.));
#2389 = LINE('',#2390,#2391);
#2390 = CARTESIAN_POINT('',(27.465678,-6.56529,0.));
#2391 = VECTOR('',#2392,1.);
#2392 = DIRECTION('',(1.,0.,0.));
#2393 = ORIENTED_EDGE('',*,*,#2394,.T.);
#2394 = EDGE_CURVE('',#2387,#522,#2395,.T.);
#2395 = LINE('',#2396,#2397);
#2396 = CARTESIAN_POINT('',(48.465678,-6.56529,0.));
#2397 = VECTOR('',#2398,1.);
#2398 = DIRECTION('',(0.,0.,1.));
#2399 = PLANE('',#2400);
#2400 = AXIS2_PLACEMENT_3D('',#2401,#2402,#2403);
#2401 = CARTESIAN_POINT('',(38.696810075472,-6.56529,2.094339622642));
#2402 = DIRECTION('',(-0.,-1.,-0.));
#2403 = DIRECTION('',(0.,0.,-1.));
#2404 = ADVANCED_FACE('',(#2405),#2424,.F.);
#2405 = FACE_BOUND('',#2406,.F.);
#2406 = EDGE_LOOP('',(#2407,#2416,#2417,#2418));
#2407 = ORIENTED_EDGE('',*,*,#2408,.T.);
#2408 = EDGE_CURVE('',#2409,#2387,#2411,.T.);
#2409 = VERTEX_POINT('',#2410);
#2410 = CARTESIAN_POINT('',(49.465678,-7.56529,0.));
#2411 = CIRCLE('',#2412,1.);
#2412 = AXIS2_PLACEMENT_3D('',#2413,#2414,#2415);
#2413 = CARTESIAN_POINT('',(48.465678,-7.56529,0.));
#2414 = DIRECTION('',(-0.,0.,1.));
#2415 = DIRECTION('',(0.,-1.,0.));
#2416 = ORIENTED_EDGE('',*,*,#2394,.T.);
#2417 = ORIENTED_EDGE('',*,*,#529,.F.);
#2418 = ORIENTED_EDGE('',*,*,#2419,.F.);
#2419 = EDGE_CURVE('',#2409,#530,#2420,.T.);
#2420 = LINE('',#2421,#2422);
#2421 = CARTESIAN_POINT('',(49.465678,-7.56529,0.));
#2422 = VECTOR('',#2423,1.);
#2423 = DIRECTION('',(0.,0.,1.));
#2424 = CYLINDRICAL_SURFACE('',#2425,1.);
#2425 = AXIS2_PLACEMENT_3D('',#2426,#2427,#2428);
#2426 = CARTESIAN_POINT('',(48.465678,-7.56529,0.));
#2427 = DIRECTION('',(0.,0.,1.));
#2428 = DIRECTION('',(1.,0.,0.));
#2429 = ADVANCED_FACE('',(#2430),#2441,.F.);
#2430 = FACE_BOUND('',#2431,.F.);
#2431 = EDGE_LOOP('',(#2432,#2438,#2439,#2440));
#2432 = ORIENTED_EDGE('',*,*,#2433,.F.);
#2433 = EDGE_CURVE('',#2409,#2257,#2434,.T.);
#2434 = LINE('',#2435,#2436);
#2435 = CARTESIAN_POINT('',(49.465678,-6.56529,0.));
#2436 = VECTOR('',#2437,1.);
#2437 = DIRECTION('',(0.,-1.,0.));
#2438 = ORIENTED_EDGE('',*,*,#2419,.T.);
#2439 = ORIENTED_EDGE('',*,*,#538,.T.);
#2440 = ORIENTED_EDGE('',*,*,#2265,.F.);
#2441 = PLANE('',#2442);
#2442 = AXIS2_PLACEMENT_3D('',#2443,#2444,#2445);
#2443 = CARTESIAN_POINT('',(49.465678,-6.56529,0.));
#2444 = DIRECTION('',(1.,0.,0.));
#2445 = DIRECTION('',(0.,-1.,0.));
#2446 = ADVANCED_FACE('',(#2447),#2466,.F.);
#2447 = FACE_BOUND('',#2448,.F.);
#2448 = EDGE_LOOP('',(#2449,#2457,#2464,#2465));
#2449 = ORIENTED_EDGE('',*,*,#2450,.T.);
#2450 = EDGE_CURVE('',#547,#2451,#2453,.T.);
#2451 = VERTEX_POINT('',#2452);
#2452 = CARTESIAN_POINT('',(19.565682,-14.352047,1.));
#2453 = LINE('',#2454,#2455);
#2454 = CARTESIAN_POINT('',(19.565682,-14.352047,2.));
#2455 = VECTOR('',#2456,1.);
#2456 = DIRECTION('',(-0.,-0.,-1.));
#2457 = ORIENTED_EDGE('',*,*,#2458,.T.);
#2458 = EDGE_CURVE('',#2451,#2451,#2459,.T.);
#2459 = CIRCLE('',#2460,5.5);
#2460 = AXIS2_PLACEMENT_3D('',#2461,#2462,#2463);
#2461 = CARTESIAN_POINT('',(14.065682,-14.352047,1.));
#2462 = DIRECTION('',(0.,0.,1.));
#2463 = DIRECTION('',(1.,0.,0.));
#2464 = ORIENTED_EDGE('',*,*,#2450,.F.);
#2465 = ORIENTED_EDGE('',*,*,#546,.F.);
#2466 = CYLINDRICAL_SURFACE('',#2467,5.5);
#2467 = AXIS2_PLACEMENT_3D('',#2468,#2469,#2470);
#2468 = CARTESIAN_POINT('',(14.065682,-14.352047,2.));
#2469 = DIRECTION('',(0.,0.,1.));
#2470 = DIRECTION('',(1.,0.,0.));
#2471 = ADVANCED_FACE('',(#2472),#2491,.F.);
#2472 = FACE_BOUND('',#2473,.F.);
#2473 = EDGE_LOOP('',(#2474,#2482,#2489,#2490));
#2474 = ORIENTED_EDGE('',*,*,#2475,.T.);
#2475 = EDGE_CURVE('',#558,#2476,#2478,.T.);
#2476 = VERTEX_POINT('',#2477);
#2477 = CARTESIAN_POINT('',(71.014615,-16.714498,1.));
#2478 = LINE('',#2479,#2480);
#2479 = CARTESIAN_POINT('',(71.014615,-16.714498,2.));
#2480 = VECTOR('',#2481,1.);
#2481 = DIRECTION('',(-0.,-0.,-1.));
#2482 = ORIENTED_EDGE('',*,*,#2483,.T.);
#2483 = EDGE_CURVE('',#2476,#2476,#2484,.T.);
#2484 = CIRCLE('',#2485,4.);
#2485 = AXIS2_PLACEMENT_3D('',#2486,#2487,#2488);
#2486 = CARTESIAN_POINT('',(67.014615,-16.714498,1.));
#2487 = DIRECTION('',(0.,0.,1.));
#2488 = DIRECTION('',(1.,0.,0.));
#2489 = ORIENTED_EDGE('',*,*,#2475,.F.);
#2490 = ORIENTED_EDGE('',*,*,#557,.F.);
#2491 = CYLINDRICAL_SURFACE('',#2492,4.);
#2492 = AXIS2_PLACEMENT_3D('',#2493,#2494,#2495);
#2493 = CARTESIAN_POINT('',(67.014615,-16.714498,2.));
#2494 = DIRECTION('',(0.,0.,1.));
#2495 = DIRECTION('',(1.,0.,0.));
#2496 = ADVANCED_FACE('',(#2497),#2516,.F.);
#2497 = FACE_BOUND('',#2498,.F.);
#2498 = EDGE_LOOP('',(#2499,#2507,#2514,#2515));
#2499 = ORIENTED_EDGE('',*,*,#2500,.T.);
#2500 = EDGE_CURVE('',#569,#2501,#2503,.T.);
#2501 = VERTEX_POINT('',#2502);
#2502 = CARTESIAN_POINT('',(63.773836,-10.235219,1.));
#2503 = LINE('',#2504,#2505);
#2504 = CARTESIAN_POINT('',(63.773836,-10.235219,2.));
#2505 = VECTOR('',#2506,1.);
#2506 = DIRECTION('',(-0.,-0.,-1.));
#2507 = ORIENTED_EDGE('',*,*,#2508,.T.);
#2508 = EDGE_CURVE('',#2501,#2501,#2509,.T.);
#2509 = CIRCLE('',#2510,4.);
#2510 = AXIS2_PLACEMENT_3D('',#2511,#2512,#2513);
#2511 = CARTESIAN_POINT('',(59.773836,-10.235219,1.));
#2512 = DIRECTION('',(0.,0.,1.));
#2513 = DIRECTION('',(1.,0.,0.));
#2514 = ORIENTED_EDGE('',*,*,#2500,.F.);
#2515 = ORIENTED_EDGE('',*,*,#568,.F.);
#2516 = CYLINDRICAL_SURFACE('',#2517,4.);
#2517 = AXIS2_PLACEMENT_3D('',#2518,#2519,#2520);
#2518 = CARTESIAN_POINT('',(59.773836,-10.235219,2.));
#2519 = DIRECTION('',(0.,0.,1.));
#2520 = DIRECTION('',(1.,0.,0.));
#2521 = ADVANCED_FACE('',(#2522),#2566,.T.);
#2522 = FACE_BOUND('',#2523,.T.);
#2523 = EDGE_LOOP('',(#2524,#2534,#2540,#2541,#2542,#2550,#2559));
#2524 = ORIENTED_EDGE('',*,*,#2525,.T.);
#2525 = EDGE_CURVE('',#2526,#2528,#2530,.T.);
#2526 = VERTEX_POINT('',#2527);
#2527 = CARTESIAN_POINT('',(72.1,-21.,5.));
#2528 = VERTEX_POINT('',#2529);
#2529 = CARTESIAN_POINT('',(72.1,-21.,3.));
#2530 = LINE('',#2531,#2532);
#2531 = CARTESIAN_POINT('',(72.1,-21.,3.));
#2532 = VECTOR('',#2533,1.);
#2533 = DIRECTION('',(-0.,-0.,-1.));
#2534 = ORIENTED_EDGE('',*,*,#2535,.F.);
#2535 = EDGE_CURVE('',#582,#2528,#2536,.T.);
#2536 = LINE('',#2537,#2538);
#2537 = CARTESIAN_POINT('',(72.125638131087,-21.,3.032047663858));
#2538 = VECTOR('',#2539,1.);
#2539 = DIRECTION('',(0.624695047554,-2.4E-15,0.780868809443));
#2540 = ORIENTED_EDGE('',*,*,#579,.F.);
#2541 = ORIENTED_EDGE('',*,*,#621,.F.);
#2542 = ORIENTED_EDGE('',*,*,#2543,.F.);
#2543 = EDGE_CURVE('',#2544,#614,#2546,.T.);
#2544 = VERTEX_POINT('',#2545);
#2545 = CARTESIAN_POINT('',(72.9,-21.,3.));
#2546 = LINE('',#2547,#2548);
#2547 = CARTESIAN_POINT('',(72.9,-21.,3.));
#2548 = VECTOR('',#2549,1.);
#2549 = DIRECTION('',(-0.,-0.,-1.));
#2550 = ORIENTED_EDGE('',*,*,#2551,.T.);
#2551 = EDGE_CURVE('',#2544,#2552,#2554,.T.);
#2552 = VERTEX_POINT('',#2553);
#2553 = CARTESIAN_POINT('',(72.9,-21.,4.6));
#2554 = CIRCLE('',#2555,0.8);
#2555 = AXIS2_PLACEMENT_3D('',#2556,#2557,#2558);
#2556 = CARTESIAN_POINT('',(72.9,-21.,3.8));
#2557 = DIRECTION('',(0.,-1.,0.));
#2558 = DIRECTION('',(1.,0.,0.));
#2559 = ORIENTED_EDGE('',*,*,#2560,.T.);
#2560 = EDGE_CURVE('',#2552,#2526,#2561,.T.);
#2561 = CIRCLE('',#2562,0.8);
#2562 = AXIS2_PLACEMENT_3D('',#2563,#2564,#2565);
#2563 = CARTESIAN_POINT('',(72.203352060516,-21.,4.206704121032));
#2564 = DIRECTION('',(0.,-1.,0.));
#2565 = DIRECTION('',(1.,0.,0.));
#2566 = PLANE('',#2567);
#2567 = AXIS2_PLACEMENT_3D('',#2568,#2569,#2570);
#2568 = CARTESIAN_POINT('',(72.659960993993,-21.,3.47714754226));
#2569 = DIRECTION('',(-9.6E-16,-1.,-2.3E-15));
#2570 = DIRECTION('',(0.,2.3E-15,-1.));
#2571 = ADVANCED_FACE('',(#2572),#2590,.F.);
#2572 = FACE_BOUND('',#2573,.F.);
#2573 = EDGE_LOOP('',(#2574,#2575,#2576,#2584));
#2574 = ORIENTED_EDGE('',*,*,#2535,.F.);
#2575 = ORIENTED_EDGE('',*,*,#589,.T.);
#2576 = ORIENTED_EDGE('',*,*,#2577,.T.);
#2577 = EDGE_CURVE('',#590,#2578,#2580,.T.);
#2578 = VERTEX_POINT('',#2579);
#2579 = CARTESIAN_POINT('',(72.1,-11.,3.));
#2580 = LINE('',#2581,#2582);
#2581 = CARTESIAN_POINT('',(72.125638131087,-11.,3.032047663858));
#2582 = VECTOR('',#2583,1.);
#2583 = DIRECTION('',(0.624695047554,8.38E-15,0.780868809443));
#2584 = ORIENTED_EDGE('',*,*,#2585,.F.);
#2585 = EDGE_CURVE('',#2528,#2578,#2586,.T.);
#2586 = LINE('',#2587,#2588);
#2587 = CARTESIAN_POINT('',(72.1,-21.,3.));
#2588 = VECTOR('',#2589,1.);
#2589 = DIRECTION('',(0.,1.,0.));
#2590 = PLANE('',#2591);
#2591 = AXIS2_PLACEMENT_3D('',#2592,#2593,#2594);
#2592 = CARTESIAN_POINT('',(71.7,-21.,2.5));
#2593 = DIRECTION('',(0.780868809443,0.,-0.624695047554));
#2594 = DIRECTION('',(0.,1.,0.));
#2595 = ADVANCED_FACE('',(#2596),#2614,.F.);
#2596 = FACE_BOUND('',#2597,.F.);
#2597 = EDGE_LOOP('',(#2598,#2599,#2600,#2608));
#2598 = ORIENTED_EDGE('',*,*,#613,.F.);
#2599 = ORIENTED_EDGE('',*,*,#2543,.F.);
#2600 = ORIENTED_EDGE('',*,*,#2601,.T.);
#2601 = EDGE_CURVE('',#2544,#2602,#2604,.T.);
#2602 = VERTEX_POINT('',#2603);
#2603 = CARTESIAN_POINT('',(72.9,-11.,3.));
#2604 = LINE('',#2605,#2606);
#2605 = CARTESIAN_POINT('',(72.9,-28.9,3.));
#2606 = VECTOR('',#2607,1.);
#2607 = DIRECTION('',(0.,1.,0.));
#2608 = ORIENTED_EDGE('',*,*,#2609,.T.);
#2609 = EDGE_CURVE('',#2602,#606,#2610,.T.);
#2610 = LINE('',#2611,#2612);
#2611 = CARTESIAN_POINT('',(72.9,-11.,3.));
#2612 = VECTOR('',#2613,1.);
#2613 = DIRECTION('',(-0.,-0.,-1.));
#2614 = PLANE('',#2615);
#2615 = AXIS2_PLACEMENT_3D('',#2616,#2617,#2618);
#2616 = CARTESIAN_POINT('',(72.9,-28.9,2.));
#2617 = DIRECTION('',(-1.,0.,0.));
#2618 = DIRECTION('',(0.,1.,0.));
#2619 = ADVANCED_FACE('',(#2620),#2650,.T.);
#2620 = FACE_BOUND('',#2621,.T.);
#2621 = EDGE_LOOP('',(#2622,#2630,#2639,#2646,#2647,#2648,#2649));
#2622 = ORIENTED_EDGE('',*,*,#2623,.T.);
#2623 = EDGE_CURVE('',#2578,#2624,#2626,.T.);
#2624 = VERTEX_POINT('',#2625);
#2625 = CARTESIAN_POINT('',(72.1,-11.,5.));
#2626 = LINE('',#2627,#2628);
#2627 = CARTESIAN_POINT('',(72.1,-11.,3.));
#2628 = VECTOR('',#2629,1.);
#2629 = DIRECTION('',(0.,2.2E-16,1.));
#2630 = ORIENTED_EDGE('',*,*,#2631,.F.);
#2631 = EDGE_CURVE('',#2632,#2624,#2634,.T.);
#2632 = VERTEX_POINT('',#2633);
#2633 = CARTESIAN_POINT('',(72.9,-11.,4.6));
#2634 = CIRCLE('',#2635,0.8);
#2635 = AXIS2_PLACEMENT_3D('',#2636,#2637,#2638);
#2636 = CARTESIAN_POINT('',(72.203352060516,-11.,4.206704121032));
#2637 = DIRECTION('',(0.,-1.,0.));
#2638 = DIRECTION('',(1.,0.,0.));
#2639 = ORIENTED_EDGE('',*,*,#2640,.F.);
#2640 = EDGE_CURVE('',#2602,#2632,#2641,.T.);
#2641 = CIRCLE('',#2642,0.8);
#2642 = AXIS2_PLACEMENT_3D('',#2643,#2644,#2645);
#2643 = CARTESIAN_POINT('',(72.9,-11.,3.8));
#2644 = DIRECTION('',(0.,-1.,0.));
#2645 = DIRECTION('',(1.,0.,0.));
#2646 = ORIENTED_EDGE('',*,*,#2609,.T.);
#2647 = ORIENTED_EDGE('',*,*,#605,.F.);
#2648 = ORIENTED_EDGE('',*,*,#597,.T.);
#2649 = ORIENTED_EDGE('',*,*,#2577,.T.);
#2650 = PLANE('',#2651);
#2651 = AXIS2_PLACEMENT_3D('',#2652,#2653,#2654);
#2652 = CARTESIAN_POINT('',(72.659960993993,-11.,3.47714754226));
#2653 = DIRECTION('',(-3.17E-15,1.,-8.19E-15));
#2654 = DIRECTION('',(0.,8.19E-15,1.));
#2655 = ADVANCED_FACE('',(#2656),#2683,.F.);
#2656 = FACE_BOUND('',#2657,.F.);
#2657 = EDGE_LOOP('',(#2658,#2668,#2674,#2675));
#2658 = ORIENTED_EDGE('',*,*,#2659,.F.);
#2659 = EDGE_CURVE('',#2660,#2662,#2664,.T.);
#2660 = VERTEX_POINT('',#2661);
#2661 = CARTESIAN_POINT('',(70.5,-6.4,3.));
#2662 = VERTEX_POINT('',#2663);
#2663 = CARTESIAN_POINT('',(70.5,-1.7,3.));
#2664 = LINE('',#2665,#2666);
#2665 = CARTESIAN_POINT('',(70.5,-7.9,3.));
#2666 = VECTOR('',#2667,1.);
#2667 = DIRECTION('',(0.,1.,0.));
#2668 = ORIENTED_EDGE('',*,*,#2669,.T.);
#2669 = EDGE_CURVE('',#2660,#630,#2670,.T.);
#2670 = LINE('',#2671,#2672);
#2671 = CARTESIAN_POINT('',(70.5,-6.4,3.));
#2672 = VECTOR('',#2673,1.);
#2673 = DIRECTION('',(-0.,-0.,-1.));
#2674 = ORIENTED_EDGE('',*,*,#629,.T.);
#2675 = ORIENTED_EDGE('',*,*,#2676,.F.);
#2676 = EDGE_CURVE('',#2662,#632,#2677,.T.);
#2677 = B_SPLINE_CURVE_WITH_KNOTS('',2,(#2678,#2679,#2680,#2681,#2682),
  .UNSPECIFIED.,.F.,.F.,(3,1,1,3),(-6.12E-02,-2.17E-15,1.,1.0612),
  .UNSPECIFIED.);
#2678 = CARTESIAN_POINT('',(70.5,-1.7,3.0612));
#2679 = CARTESIAN_POINT('',(70.5,-1.7,3.0306));
#2680 = CARTESIAN_POINT('',(70.5,-1.7,2.5));
#2681 = CARTESIAN_POINT('',(70.5,-1.7,1.9694));
#2682 = CARTESIAN_POINT('',(70.5,-1.7,1.9388));
#2683 = PLANE('',#2684);
#2684 = AXIS2_PLACEMENT_3D('',#2685,#2686,#2687);
#2685 = CARTESIAN_POINT('',(70.5,-7.9,3.));
#2686 = DIRECTION('',(1.,0.,0.));
#2687 = DIRECTION('',(0.,1.,0.));
#2688 = ADVANCED_FACE('',(#2689),#2732,.T.);
#2689 = FACE_BOUND('',#2690,.T.);
#2690 = EDGE_LOOP('',(#2691,#2722,#2730,#2731));
#2691 = ORIENTED_EDGE('',*,*,#2692,.T.);
#2692 = EDGE_CURVE('',#2662,#2693,#2695,.T.);
#2693 = VERTEX_POINT('',#2694);
#2694 = CARTESIAN_POINT('',(69.7,-0.9,3.));
#2695 = B_SPLINE_CURVE_WITH_KNOTS('',5,(#2696,#2697,#2698,#2699,#2700,
    #2701,#2702,#2703,#2704,#2705,#2706,#2707,#2708,#2709,#2710,#2711,
    #2712,#2713,#2714,#2715,#2716,#2717,#2718,#2719,#2720,#2721),
  .UNSPECIFIED.,.F.,.F.,(6,4,4,4,4,4,6),(0.,0.148271103867,
    0.251945445779,0.5,0.748054554221,0.851728896133,1.),.UNSPECIFIED.);
#2696 = CARTESIAN_POINT('',(70.5,-1.7,3.));
#2697 = CARTESIAN_POINT('',(70.5,-1.664308012119,3.));
#2698 = CARTESIAN_POINT('',(70.498009492346,-1.628253882837,3.));
#2699 = CARTESIAN_POINT('',(70.493947758759,-1.592027847136,3.));
#2700 = CARTESIAN_POINT('',(70.487767513252,-1.55583363934,3.));
#2701 = CARTESIAN_POINT('',(70.473650501717,-1.494742602351,3.));
#2702 = CARTESIAN_POINT('',(70.466801111042,-1.469721788382,3.));
#2703 = CARTESIAN_POINT('',(70.458908171721,-1.444890629381,3.));
#2704 = CARTESIAN_POINT('',(70.449977293275,-1.420320461551,3.));
#2705 = CARTESIAN_POINT('',(70.416205819008,-1.338088812167,3.));
#2706 = CARTESIAN_POINT('',(70.386526099411,-1.28198760609,3.));
#2707 = CARTESIAN_POINT('',(70.351189647037,-1.228763119583,3.));
#2708 = CARTESIAN_POINT('',(70.31067097471,-1.179300124812,3.));
#2709 = CARTESIAN_POINT('',(70.220699875188,-1.08932902529,3.));
#2710 = CARTESIAN_POINT('',(70.171236880417,-1.048810352963,3.));
#2711 = CARTESIAN_POINT('',(70.11801239391,-1.013473900589,3.));
#2712 = CARTESIAN_POINT('',(70.061911187833,-0.983794180992,3.));
#2713 = CARTESIAN_POINT('',(69.979679538449,-0.950022706725,3.));
#2714 = CARTESIAN_POINT('',(69.955109370619,-0.941091828279,3.));
#2715 = CARTESIAN_POINT('',(69.930278211618,-0.933198888958,3.));
#2716 = CARTESIAN_POINT('',(69.905257397649,-0.926349498283,3.));
#2717 = CARTESIAN_POINT('',(69.844166360659,-0.912232486748,3.));
#2718 = CARTESIAN_POINT('',(69.807972152864,-0.906052241241,3.));
#2719 = CARTESIAN_POINT('',(69.771746117163,-0.901990507653,3.));
#2720 = CARTESIAN_POINT('',(69.735691987881,-0.9,3.));
#2721 = CARTESIAN_POINT('',(69.7,-0.9,3.));
#2722 = ORIENTED_EDGE('',*,*,#2723,.T.);
#2723 = EDGE_CURVE('',#2693,#640,#2724,.T.);
#2724 = B_SPLINE_CURVE_WITH_KNOTS('',2,(#2725,#2726,#2727,#2728,#2729),
  .UNSPECIFIED.,.F.,.F.,(3,1,1,3),(-6.12E-02,-2.17E-15,1.,1.0612),
  .UNSPECIFIED.);
#2725 = CARTESIAN_POINT('',(69.7,-0.9,3.0612));
#2726 = CARTESIAN_POINT('',(69.7,-0.9,3.0306));
#2727 = CARTESIAN_POINT('',(69.7,-0.9,2.5));
#2728 = CARTESIAN_POINT('',(69.7,-0.9,1.9694));
#2729 = CARTESIAN_POINT('',(69.7,-0.9,1.9388));
#2730 = ORIENTED_EDGE('',*,*,#639,.F.);
#2731 = ORIENTED_EDGE('',*,*,#2676,.F.);
#2732 = ( BOUNDED_SURFACE() B_SPLINE_SURFACE(2,2,(
    (#2733,#2734,#2735,#2736,#2737)
    ,(#2738,#2739,#2740,#2741,#2742)
    ,(#2743,#2744,#2745,#2746,#2747
)),.UNSPECIFIED.,.F.,.F.,.F.) B_SPLINE_SURFACE_WITH_KNOTS((3,3),(3,1,1,3
    ),(0.,1.),(-6.12E-02,-2.17E-15,1.,1.0612),.UNSPECIFIED.) 
GEOMETRIC_REPRESENTATION_ITEM() RATIONAL_B_SPLINE_SURFACE((
    (1.,1.,1.,1.,1.)
    ,(0.707106781187,0.707106781187,0.707106781187,0.707106781187
      ,0.707106781187)
,(1.,1.,1.,1.,1.))) REPRESENTATION_ITEM('') SURFACE() );
#2733 = CARTESIAN_POINT('',(70.5,-1.7,3.0612));
#2734 = CARTESIAN_POINT('',(70.5,-1.7,3.0306));
#2735 = CARTESIAN_POINT('',(70.5,-1.7,2.5));
#2736 = CARTESIAN_POINT('',(70.5,-1.7,1.9694));
#2737 = CARTESIAN_POINT('',(70.5,-1.7,1.9388));
#2738 = CARTESIAN_POINT('',(70.5,-0.9,3.0612));
#2739 = CARTESIAN_POINT('',(70.5,-0.9,3.0306));
#2740 = CARTESIAN_POINT('',(70.5,-0.9,2.5));
#2741 = CARTESIAN_POINT('',(70.5,-0.9,1.9694));
#2742 = CARTESIAN_POINT('',(70.5,-0.9,1.9388));
#2743 = CARTESIAN_POINT('',(69.7,-0.9,3.0612));
#2744 = CARTESIAN_POINT('',(69.7,-0.9,3.0306));
#2745 = CARTESIAN_POINT('',(69.7,-0.9,2.5));
#2746 = CARTESIAN_POINT('',(69.7,-0.9,1.9694));
#2747 = CARTESIAN_POINT('',(69.7,-0.9,1.9388));
#2748 = ADVANCED_FACE('',(#2749),#2768,.T.);
#2749 = FACE_BOUND('',#2750,.T.);
#2750 = EDGE_LOOP('',(#2751,#2760,#2761,#2762));
#2751 = ORIENTED_EDGE('',*,*,#2752,.T.);
#2752 = EDGE_CURVE('',#2753,#2660,#2755,.T.);
#2753 = VERTEX_POINT('',#2754);
#2754 = CARTESIAN_POINT('',(72.,-7.9,3.));
#2755 = CIRCLE('',#2756,1.5);
#2756 = AXIS2_PLACEMENT_3D('',#2757,#2758,#2759);
#2757 = CARTESIAN_POINT('',(72.,-6.4,3.));
#2758 = DIRECTION('',(0.,0.,-1.));
#2759 = DIRECTION('',(0.,1.,0.));
#2760 = ORIENTED_EDGE('',*,*,#2669,.T.);
#2761 = ORIENTED_EDGE('',*,*,#871,.F.);
#2762 = ORIENTED_EDGE('',*,*,#2763,.F.);
#2763 = EDGE_CURVE('',#2753,#864,#2764,.T.);
#2764 = LINE('',#2765,#2766);
#2765 = CARTESIAN_POINT('',(72.,-7.9,3.));
#2766 = VECTOR('',#2767,1.);
#2767 = DIRECTION('',(-0.,-0.,-1.));
#2768 = CYLINDRICAL_SURFACE('',#2769,1.5);
#2769 = AXIS2_PLACEMENT_3D('',#2770,#2771,#2772);
#2770 = CARTESIAN_POINT('',(72.,-6.4,3.));
#2771 = DIRECTION('',(-0.,-0.,-1.));
#2772 = DIRECTION('',(0.,-1.,0.));
#2773 = ADVANCED_FACE('',(#2774),#2792,.T.);
#2774 = FACE_BOUND('',#2775,.T.);
#2775 = EDGE_LOOP('',(#2776,#2777,#2778,#2786));
#2776 = ORIENTED_EDGE('',*,*,#670,.F.);
#2777 = ORIENTED_EDGE('',*,*,#2723,.F.);
#2778 = ORIENTED_EDGE('',*,*,#2779,.T.);
#2779 = EDGE_CURVE('',#2693,#2780,#2782,.T.);
#2780 = VERTEX_POINT('',#2781);
#2781 = CARTESIAN_POINT('',(7.3,-0.9,3.));
#2782 = LINE('',#2783,#2784);
#2783 = CARTESIAN_POINT('',(69.9,-0.9,3.));
#2784 = VECTOR('',#2785,1.);
#2785 = DIRECTION('',(-1.,-8.E-17,0.));
#2786 = ORIENTED_EDGE('',*,*,#2787,.T.);
#2787 = EDGE_CURVE('',#2780,#671,#2788,.T.);
#2788 = LINE('',#2789,#2790);
#2789 = CARTESIAN_POINT('',(7.3,-0.9,3.));
#2790 = VECTOR('',#2791,1.);
#2791 = DIRECTION('',(-0.,-0.,-1.));
#2792 = PLANE('',#2793);
#2793 = AXIS2_PLACEMENT_3D('',#2794,#2795,#2796);
#2794 = CARTESIAN_POINT('',(69.9,-0.9,2.));
#2795 = DIRECTION('',(8.E-17,-1.,0.));
#2796 = DIRECTION('',(-1.,-8.E-17,0.));
#2797 = ADVANCED_FACE('',(#2798),#2816,.F.);
#2798 = FACE_BOUND('',#2799,.F.);
#2799 = EDGE_LOOP('',(#2800,#2808,#2814,#2815));
#2800 = ORIENTED_EDGE('',*,*,#2801,.F.);
#2801 = EDGE_CURVE('',#2802,#2753,#2804,.T.);
#2802 = VERTEX_POINT('',#2803);
#2803 = CARTESIAN_POINT('',(72.1,-7.9,3.));
#2804 = LINE('',#2805,#2806);
#2805 = CARTESIAN_POINT('',(72.1,-7.9,3.));
#2806 = VECTOR('',#2807,1.);
#2807 = DIRECTION('',(-1.,0.,0.));
#2808 = ORIENTED_EDGE('',*,*,#2809,.T.);
#2809 = EDGE_CURVE('',#2802,#856,#2810,.T.);
#2810 = LINE('',#2811,#2812);
#2811 = CARTESIAN_POINT('',(72.1,-7.9,3.));
#2812 = VECTOR('',#2813,1.);
#2813 = DIRECTION('',(-0.,-0.,-1.));
#2814 = ORIENTED_EDGE('',*,*,#863,.T.);
#2815 = ORIENTED_EDGE('',*,*,#2763,.F.);
#2816 = PLANE('',#2817);
#2817 = AXIS2_PLACEMENT_3D('',#2818,#2819,#2820);
#2818 = CARTESIAN_POINT('',(72.1,-7.9,3.));
#2819 = DIRECTION('',(0.,1.,0.));
#2820 = DIRECTION('',(-1.,0.,0.));
#2821 = ADVANCED_FACE('',(#2822),#2841,.F.);
#2822 = FACE_BOUND('',#2823,.F.);
#2823 = EDGE_LOOP('',(#2824,#2833,#2834,#2835));
#2824 = ORIENTED_EDGE('',*,*,#2825,.T.);
#2825 = EDGE_CURVE('',#2826,#2780,#2828,.T.);
#2826 = VERTEX_POINT('',#2827);
#2827 = CARTESIAN_POINT('',(6.5,-1.7,3.));
#2828 = CIRCLE('',#2829,0.8);
#2829 = AXIS2_PLACEMENT_3D('',#2830,#2831,#2832);
#2830 = CARTESIAN_POINT('',(7.3,-1.7,3.));
#2831 = DIRECTION('',(0.,0.,-1.));
#2832 = DIRECTION('',(0.,1.,0.));
#2833 = ORIENTED_EDGE('',*,*,#2787,.T.);
#2834 = ORIENTED_EDGE('',*,*,#678,.F.);
#2835 = ORIENTED_EDGE('',*,*,#2836,.F.);
#2836 = EDGE_CURVE('',#2826,#679,#2837,.T.);
#2837 = LINE('',#2838,#2839);
#2838 = CARTESIAN_POINT('',(6.5,-1.7,3.));
#2839 = VECTOR('',#2840,1.);
#2840 = DIRECTION('',(-0.,-0.,-1.));
#2841 = CYLINDRICAL_SURFACE('',#2842,0.8);
#2842 = AXIS2_PLACEMENT_3D('',#2843,#2844,#2845);
#2843 = CARTESIAN_POINT('',(7.3,-1.7,3.));
#2844 = DIRECTION('',(-0.,-0.,-1.));
#2845 = DIRECTION('',(-1.,0.,0.));
#2846 = ADVANCED_FACE('',(#2847),#2874,.T.);
#2847 = FACE_BOUND('',#2848,.T.);
#2848 = EDGE_LOOP('',(#2849,#2857,#2858,#2859,#2867));
#2849 = ORIENTED_EDGE('',*,*,#2850,.T.);
#2850 = EDGE_CURVE('',#2851,#2802,#2853,.T.);
#2851 = VERTEX_POINT('',#2852);
#2852 = CARTESIAN_POINT('',(72.1,-9.2,3.));
#2853 = LINE('',#2854,#2855);
#2854 = CARTESIAN_POINT('',(72.1,-28.9,3.));
#2855 = VECTOR('',#2856,1.);
#2856 = DIRECTION('',(0.,1.,0.));
#2857 = ORIENTED_EDGE('',*,*,#2809,.T.);
#2858 = ORIENTED_EDGE('',*,*,#855,.F.);
#2859 = ORIENTED_EDGE('',*,*,#2860,.F.);
#2860 = EDGE_CURVE('',#2861,#848,#2863,.T.);
#2861 = VERTEX_POINT('',#2862);
#2862 = CARTESIAN_POINT('',(72.1,-10.,2.2));
#2863 = LINE('',#2864,#2865);
#2864 = CARTESIAN_POINT('',(72.1,-10.,3.));
#2865 = VECTOR('',#2866,1.);
#2866 = DIRECTION('',(-0.,-0.,-1.));
#2867 = ORIENTED_EDGE('',*,*,#2868,.T.);
#2868 = EDGE_CURVE('',#2861,#2851,#2869,.T.);
#2869 = CIRCLE('',#2870,0.8);
#2870 = AXIS2_PLACEMENT_3D('',#2871,#2872,#2873);
#2871 = CARTESIAN_POINT('',(72.1,-9.2,2.2));
#2872 = DIRECTION('',(-1.,0.,0.));
#2873 = DIRECTION('',(0.,0.,-1.));
#2874 = PLANE('',#2875);
#2875 = AXIS2_PLACEMENT_3D('',#2876,#2877,#2878);
#2876 = CARTESIAN_POINT('',(72.1,-28.9,2.));
#2877 = DIRECTION('',(-1.,0.,0.));
#2878 = DIRECTION('',(0.,1.,0.));
#2879 = ADVANCED_FACE('',(#2880),#2898,.F.);
#2880 = FACE_BOUND('',#2881,.F.);
#2881 = EDGE_LOOP('',(#2882,#2890,#2891,#2892));
#2882 = ORIENTED_EDGE('',*,*,#2883,.F.);
#2883 = EDGE_CURVE('',#2826,#2884,#2886,.T.);
#2884 = VERTEX_POINT('',#2885);
#2885 = CARTESIAN_POINT('',(6.5,-5.7,3.));
#2886 = LINE('',#2887,#2888);
#2887 = CARTESIAN_POINT('',(6.5,-0.9,3.));
#2888 = VECTOR('',#2889,1.);
#2889 = DIRECTION('',(0.,-1.,0.));
#2890 = ORIENTED_EDGE('',*,*,#2836,.T.);
#2891 = ORIENTED_EDGE('',*,*,#687,.T.);
#2892 = ORIENTED_EDGE('',*,*,#2893,.F.);
#2893 = EDGE_CURVE('',#2884,#688,#2894,.T.);
#2894 = LINE('',#2895,#2896);
#2895 = CARTESIAN_POINT('',(6.5,-5.7,3.));
#2896 = VECTOR('',#2897,1.);
#2897 = DIRECTION('',(-0.,-0.,-1.));
#2898 = PLANE('',#2899);
#2899 = AXIS2_PLACEMENT_3D('',#2900,#2901,#2902);
#2900 = CARTESIAN_POINT('',(6.5,-0.9,3.));
#2901 = DIRECTION('',(-1.,0.,0.));
#2902 = DIRECTION('',(0.,-1.,0.));
#2903 = ADVANCED_FACE('',(#2904),#2922,.F.);
#2904 = FACE_BOUND('',#2905,.F.);
#2905 = EDGE_LOOP('',(#2906,#2914,#2915,#2916));
#2906 = ORIENTED_EDGE('',*,*,#2907,.T.);
#2907 = EDGE_CURVE('',#2908,#840,#2910,.T.);
#2908 = VERTEX_POINT('',#2909);
#2909 = CARTESIAN_POINT('',(72.9,-10.,2.2));
#2910 = LINE('',#2911,#2912);
#2911 = CARTESIAN_POINT('',(72.9,-10.,3.));
#2912 = VECTOR('',#2913,1.);
#2913 = DIRECTION('',(-0.,-0.,-1.));
#2914 = ORIENTED_EDGE('',*,*,#847,.T.);
#2915 = ORIENTED_EDGE('',*,*,#2860,.F.);
#2916 = ORIENTED_EDGE('',*,*,#2917,.F.);
#2917 = EDGE_CURVE('',#2908,#2861,#2918,.T.);
#2918 = LINE('',#2919,#2920);
#2919 = CARTESIAN_POINT('',(72.9,-10.,2.2));
#2920 = VECTOR('',#2921,1.);
#2921 = DIRECTION('',(-1.,0.,0.));
#2922 = PLANE('',#2923);
#2923 = AXIS2_PLACEMENT_3D('',#2924,#2925,#2926);
#2924 = CARTESIAN_POINT('',(72.9,-10.,3.));
#2925 = DIRECTION('',(0.,1.,0.));
#2926 = DIRECTION('',(-1.,0.,0.));
#2927 = ADVANCED_FACE('',(#2928),#2947,.T.);
#2928 = FACE_BOUND('',#2929,.F.);
#2929 = EDGE_LOOP('',(#2930,#2939,#2940,#2941));
#2930 = ORIENTED_EDGE('',*,*,#2931,.T.);
#2931 = EDGE_CURVE('',#2932,#2884,#2934,.T.);
#2932 = VERTEX_POINT('',#2933);
#2933 = CARTESIAN_POINT('',(4.3,-7.9,3.));
#2934 = CIRCLE('',#2935,2.2);
#2935 = AXIS2_PLACEMENT_3D('',#2936,#2937,#2938);
#2936 = CARTESIAN_POINT('',(4.3,-5.7,3.));
#2937 = DIRECTION('',(0.,-0.,1.));
#2938 = DIRECTION('',(0.,1.,0.));
#2939 = ORIENTED_EDGE('',*,*,#2893,.T.);
#2940 = ORIENTED_EDGE('',*,*,#695,.F.);
#2941 = ORIENTED_EDGE('',*,*,#2942,.F.);
#2942 = EDGE_CURVE('',#2932,#696,#2943,.T.);
#2943 = LINE('',#2944,#2945);
#2944 = CARTESIAN_POINT('',(4.3,-7.9,3.));
#2945 = VECTOR('',#2946,1.);
#2946 = DIRECTION('',(-0.,-0.,-1.));
#2947 = CYLINDRICAL_SURFACE('',#2948,2.2);
#2948 = AXIS2_PLACEMENT_3D('',#2949,#2950,#2951);
#2949 = CARTESIAN_POINT('',(4.3,-5.7,3.));
#2950 = DIRECTION('',(-0.,-0.,-1.));
#2951 = DIRECTION('',(0.,-1.,0.));
#2952 = ADVANCED_FACE('',(#2953),#2980,.F.);
#2953 = FACE_BOUND('',#2954,.F.);
#2954 = EDGE_LOOP('',(#2955,#2965,#2971,#2972,#2973));
#2955 = ORIENTED_EDGE('',*,*,#2956,.T.);
#2956 = EDGE_CURVE('',#2957,#2959,#2961,.T.);
#2957 = VERTEX_POINT('',#2958);
#2958 = CARTESIAN_POINT('',(72.9,-9.2,3.));
#2959 = VERTEX_POINT('',#2960);
#2960 = CARTESIAN_POINT('',(72.9,-7.1,3.));
#2961 = LINE('',#2962,#2963);
#2962 = CARTESIAN_POINT('',(72.9,-28.9,3.));
#2963 = VECTOR('',#2964,1.);
#2964 = DIRECTION('',(0.,1.,0.));
#2965 = ORIENTED_EDGE('',*,*,#2966,.T.);
#2966 = EDGE_CURVE('',#2959,#832,#2967,.T.);
#2967 = LINE('',#2968,#2969);
#2968 = CARTESIAN_POINT('',(72.9,-7.1,3.));
#2969 = VECTOR('',#2970,1.);
#2970 = DIRECTION('',(-0.,-0.,-1.));
#2971 = ORIENTED_EDGE('',*,*,#839,.F.);
#2972 = ORIENTED_EDGE('',*,*,#2907,.F.);
#2973 = ORIENTED_EDGE('',*,*,#2974,.T.);
#2974 = EDGE_CURVE('',#2908,#2957,#2975,.T.);
#2975 = CIRCLE('',#2976,0.8);
#2976 = AXIS2_PLACEMENT_3D('',#2977,#2978,#2979);
#2977 = CARTESIAN_POINT('',(72.9,-9.2,2.2));
#2978 = DIRECTION('',(-1.,0.,0.));
#2979 = DIRECTION('',(0.,0.,-1.));
#2980 = PLANE('',#2981);
#2981 = AXIS2_PLACEMENT_3D('',#2982,#2983,#2984);
#2982 = CARTESIAN_POINT('',(72.9,-28.9,2.));
#2983 = DIRECTION('',(-1.,0.,0.));
#2984 = DIRECTION('',(0.,1.,0.));
#2985 = ADVANCED_FACE('',(#2986),#3004,.F.);
#2986 = FACE_BOUND('',#2987,.F.);
#2987 = EDGE_LOOP('',(#2988,#2996,#2997,#2998));
#2988 = ORIENTED_EDGE('',*,*,#2989,.F.);
#2989 = EDGE_CURVE('',#2932,#2990,#2992,.T.);
#2990 = VERTEX_POINT('',#2991);
#2991 = CARTESIAN_POINT('',(3.1,-7.9,3.));
#2992 = LINE('',#2993,#2994);
#2993 = CARTESIAN_POINT('',(6.5,-7.9,3.));
#2994 = VECTOR('',#2995,1.);
#2995 = DIRECTION('',(-1.,0.,0.));
#2996 = ORIENTED_EDGE('',*,*,#2942,.T.);
#2997 = ORIENTED_EDGE('',*,*,#704,.T.);
#2998 = ORIENTED_EDGE('',*,*,#2999,.F.);
#2999 = EDGE_CURVE('',#2990,#705,#3000,.T.);
#3000 = LINE('',#3001,#3002);
#3001 = CARTESIAN_POINT('',(3.1,-7.9,3.));
#3002 = VECTOR('',#3003,1.);
#3003 = DIRECTION('',(-0.,-0.,-1.));
#3004 = PLANE('',#3005);
#3005 = AXIS2_PLACEMENT_3D('',#3006,#3007,#3008);
#3006 = CARTESIAN_POINT('',(6.5,-7.9,3.));
#3007 = DIRECTION('',(0.,1.,0.));
#3008 = DIRECTION('',(-1.,0.,0.));
#3009 = ADVANCED_FACE('',(#3010),#3028,.T.);
#3010 = FACE_BOUND('',#3011,.T.);
#3011 = EDGE_LOOP('',(#3012,#3013,#3021,#3027));
#3012 = ORIENTED_EDGE('',*,*,#831,.F.);
#3013 = ORIENTED_EDGE('',*,*,#3014,.F.);
#3014 = EDGE_CURVE('',#3015,#823,#3017,.T.);
#3015 = VERTEX_POINT('',#3016);
#3016 = CARTESIAN_POINT('',(72.3,-7.1,3.));
#3017 = LINE('',#3018,#3019);
#3018 = CARTESIAN_POINT('',(72.3,-7.1,3.));
#3019 = VECTOR('',#3020,1.);
#3020 = DIRECTION('',(-0.,-0.,-1.));
#3021 = ORIENTED_EDGE('',*,*,#3022,.T.);
#3022 = EDGE_CURVE('',#3015,#2959,#3023,.T.);
#3023 = LINE('',#3024,#3025);
#3024 = CARTESIAN_POINT('',(71.3,-7.1,3.));
#3025 = VECTOR('',#3026,1.);
#3026 = DIRECTION('',(1.,0.,0.));
#3027 = ORIENTED_EDGE('',*,*,#2966,.T.);
#3028 = PLANE('',#3029);
#3029 = AXIS2_PLACEMENT_3D('',#3030,#3031,#3032);
#3030 = CARTESIAN_POINT('',(72.1,-7.1,2.5));
#3031 = DIRECTION('',(-4.829E-14,1.,0.));
#3032 = DIRECTION('',(1.,4.829E-14,0.));
#3033 = ADVANCED_FACE('',(#3034),#3053,.F.);
#3034 = FACE_BOUND('',#3035,.F.);
#3035 = EDGE_LOOP('',(#3036,#3045,#3046,#3047));
#3036 = ORIENTED_EDGE('',*,*,#3037,.T.);
#3037 = EDGE_CURVE('',#3038,#2990,#3040,.T.);
#3038 = VERTEX_POINT('',#3039);
#3039 = CARTESIAN_POINT('',(1.9,-9.1,3.));
#3040 = CIRCLE('',#3041,1.2);
#3041 = AXIS2_PLACEMENT_3D('',#3042,#3043,#3044);
#3042 = CARTESIAN_POINT('',(3.1,-9.1,3.));
#3043 = DIRECTION('',(0.,0.,-1.));
#3044 = DIRECTION('',(0.,1.,0.));
#3045 = ORIENTED_EDGE('',*,*,#2999,.T.);
#3046 = ORIENTED_EDGE('',*,*,#712,.F.);
#3047 = ORIENTED_EDGE('',*,*,#3048,.F.);
#3048 = EDGE_CURVE('',#3038,#713,#3049,.T.);
#3049 = LINE('',#3050,#3051);
#3050 = CARTESIAN_POINT('',(1.9,-9.1,3.));
#3051 = VECTOR('',#3052,1.);
#3052 = DIRECTION('',(-0.,-0.,-1.));
#3053 = CYLINDRICAL_SURFACE('',#3054,1.2);
#3054 = AXIS2_PLACEMENT_3D('',#3055,#3056,#3057);
#3055 = CARTESIAN_POINT('',(3.1,-9.1,3.));
#3056 = DIRECTION('',(-0.,-0.,-1.));
#3057 = DIRECTION('',(-1.,0.,0.));
#3058 = ADVANCED_FACE('',(#3059),#3078,.F.);
#3059 = FACE_BOUND('',#3060,.F.);
#3060 = EDGE_LOOP('',(#3061,#3070,#3076,#3077));
#3061 = ORIENTED_EDGE('',*,*,#3062,.T.);
#3062 = EDGE_CURVE('',#3015,#3063,#3065,.T.);
#3063 = VERTEX_POINT('',#3064);
#3064 = CARTESIAN_POINT('',(71.3,-6.1,3.));
#3065 = CIRCLE('',#3066,1.);
#3066 = AXIS2_PLACEMENT_3D('',#3067,#3068,#3069);
#3067 = CARTESIAN_POINT('',(72.3,-6.1,3.));
#3068 = DIRECTION('',(0.,0.,-1.));
#3069 = DIRECTION('',(0.,1.,0.));
#3070 = ORIENTED_EDGE('',*,*,#3071,.T.);
#3071 = EDGE_CURVE('',#3063,#815,#3072,.T.);
#3072 = LINE('',#3073,#3074);
#3073 = CARTESIAN_POINT('',(71.3,-6.1,3.));
#3074 = VECTOR('',#3075,1.);
#3075 = DIRECTION('',(-0.,-0.,-1.));
#3076 = ORIENTED_EDGE('',*,*,#822,.F.);
#3077 = ORIENTED_EDGE('',*,*,#3014,.F.);
#3078 = CYLINDRICAL_SURFACE('',#3079,1.);
#3079 = AXIS2_PLACEMENT_3D('',#3080,#3081,#3082);
#3080 = CARTESIAN_POINT('',(72.3,-6.1,3.));
#3081 = DIRECTION('',(-0.,-0.,-1.));
#3082 = DIRECTION('',(4.829E-14,-1.,0.));
#3083 = ADVANCED_FACE('',(#3084),#3111,.T.);
#3084 = FACE_BOUND('',#3085,.T.);
#3085 = EDGE_LOOP('',(#3086,#3094,#3095,#3096,#3104));
#3086 = ORIENTED_EDGE('',*,*,#3087,.T.);
#3087 = EDGE_CURVE('',#3088,#722,#3090,.T.);
#3088 = VERTEX_POINT('',#3089);
#3089 = CARTESIAN_POINT('',(1.9,-10.,2.2));
#3090 = LINE('',#3091,#3092);
#3091 = CARTESIAN_POINT('',(1.9,-10.,3.));
#3092 = VECTOR('',#3093,1.);
#3093 = DIRECTION('',(-0.,-0.,-1.));
#3094 = ORIENTED_EDGE('',*,*,#721,.F.);
#3095 = ORIENTED_EDGE('',*,*,#3048,.F.);
#3096 = ORIENTED_EDGE('',*,*,#3097,.T.);
#3097 = EDGE_CURVE('',#3038,#3098,#3100,.T.);
#3098 = VERTEX_POINT('',#3099);
#3099 = CARTESIAN_POINT('',(1.9,-9.2,3.));
#3100 = LINE('',#3101,#3102);
#3101 = CARTESIAN_POINT('',(1.9,-3.1,3.));
#3102 = VECTOR('',#3103,1.);
#3103 = DIRECTION('',(0.,-1.,0.));
#3104 = ORIENTED_EDGE('',*,*,#3105,.T.);
#3105 = EDGE_CURVE('',#3098,#3088,#3106,.T.);
#3106 = CIRCLE('',#3107,0.8);
#3107 = AXIS2_PLACEMENT_3D('',#3108,#3109,#3110);
#3108 = CARTESIAN_POINT('',(1.9,-9.2,2.2));
#3109 = DIRECTION('',(1.,-0.,0.));
#3110 = DIRECTION('',(0.,0.,-1.));
#3111 = PLANE('',#3112);
#3112 = AXIS2_PLACEMENT_3D('',#3113,#3114,#3115);
#3113 = CARTESIAN_POINT('',(1.9,-3.1,2.));
#3114 = DIRECTION('',(1.,0.,0.));
#3115 = DIRECTION('',(0.,-1.,0.));
#3116 = ADVANCED_FACE('',(#3117),#3135,.T.);
#3117 = FACE_BOUND('',#3118,.T.);
#3118 = EDGE_LOOP('',(#3119,#3120,#3128,#3134));
#3119 = ORIENTED_EDGE('',*,*,#814,.F.);
#3120 = ORIENTED_EDGE('',*,*,#3121,.F.);
#3121 = EDGE_CURVE('',#3122,#806,#3124,.T.);
#3122 = VERTEX_POINT('',#3123);
#3123 = CARTESIAN_POINT('',(71.3,-1.4900310562,3.));
#3124 = LINE('',#3125,#3126);
#3125 = CARTESIAN_POINT('',(71.3,-1.4900310562,3.));
#3126 = VECTOR('',#3127,1.);
#3127 = DIRECTION('',(-0.,-0.,-1.));
#3128 = ORIENTED_EDGE('',*,*,#3129,.T.);
#3129 = EDGE_CURVE('',#3122,#3063,#3130,.T.);
#3130 = LINE('',#3131,#3132);
#3131 = CARTESIAN_POINT('',(71.3,-0.1,3.));
#3132 = VECTOR('',#3133,1.);
#3133 = DIRECTION('',(0.,-1.,0.));
#3134 = ORIENTED_EDGE('',*,*,#3071,.T.);
#3135 = PLANE('',#3136);
#3136 = AXIS2_PLACEMENT_3D('',#3137,#3138,#3139);
#3137 = CARTESIAN_POINT('',(71.3,-3.773350083858,2.5));
#3138 = DIRECTION('',(1.,-3.75E-15,0.));
#3139 = DIRECTION('',(3.75E-15,1.,0.));
#3140 = ADVANCED_FACE('',(#3141),#3159,.F.);
#3141 = FACE_BOUND('',#3142,.F.);
#3142 = EDGE_LOOP('',(#3143,#3144,#3145,#3153));
#3143 = ORIENTED_EDGE('',*,*,#3087,.T.);
#3144 = ORIENTED_EDGE('',*,*,#729,.T.);
#3145 = ORIENTED_EDGE('',*,*,#3146,.F.);
#3146 = EDGE_CURVE('',#3147,#730,#3149,.T.);
#3147 = VERTEX_POINT('',#3148);
#3148 = CARTESIAN_POINT('',(1.1,-10.,2.2));
#3149 = LINE('',#3150,#3151);
#3150 = CARTESIAN_POINT('',(1.1,-10.,3.));
#3151 = VECTOR('',#3152,1.);
#3152 = DIRECTION('',(-0.,-0.,-1.));
#3153 = ORIENTED_EDGE('',*,*,#3154,.F.);
#3154 = EDGE_CURVE('',#3088,#3147,#3155,.T.);
#3155 = LINE('',#3156,#3157);
#3156 = CARTESIAN_POINT('',(1.9,-10.,2.2));
#3157 = VECTOR('',#3158,1.);
#3158 = DIRECTION('',(-1.,0.,0.));
#3159 = PLANE('',#3160);
#3160 = AXIS2_PLACEMENT_3D('',#3161,#3162,#3163);
#3161 = CARTESIAN_POINT('',(1.9,-10.,3.));
#3162 = DIRECTION('',(0.,1.,0.));
#3163 = DIRECTION('',(-1.,0.,0.));
#3164 = ADVANCED_FACE('',(#3165),#3184,.T.);
#3165 = FACE_BOUND('',#3166,.T.);
#3166 = EDGE_LOOP('',(#3167,#3176,#3177,#3178));
#3167 = ORIENTED_EDGE('',*,*,#3168,.T.);
#3168 = EDGE_CURVE('',#3169,#3122,#3171,.T.);
#3169 = VERTEX_POINT('',#3170);
#3170 = CARTESIAN_POINT('',(69.918633540373,-0.100057868696,3.));
#3171 = CIRCLE('',#3172,1.39);
#3172 = AXIS2_PLACEMENT_3D('',#3173,#3174,#3175);
#3173 = CARTESIAN_POINT('',(69.91,-1.4900310562,3.));
#3174 = DIRECTION('',(0.,0.,-1.));
#3175 = DIRECTION('',(0.,1.,0.));
#3176 = ORIENTED_EDGE('',*,*,#3121,.T.);
#3177 = ORIENTED_EDGE('',*,*,#805,.F.);
#3178 = ORIENTED_EDGE('',*,*,#3179,.F.);
#3179 = EDGE_CURVE('',#3169,#797,#3180,.T.);
#3180 = LINE('',#3181,#3182);
#3181 = CARTESIAN_POINT('',(69.918633540373,-0.100057868696,3.));
#3182 = VECTOR('',#3183,1.);
#3183 = DIRECTION('',(-0.,-0.,-1.));
#3184 = CYLINDRICAL_SURFACE('',#3185,1.39);
#3185 = AXIS2_PLACEMENT_3D('',#3186,#3187,#3188);
#3186 = CARTESIAN_POINT('',(69.91,-1.4900310562,3.));
#3187 = DIRECTION('',(-0.,-0.,-1.));
#3188 = DIRECTION('',(6.211180124213E-03,0.999980710435,0.));
#3189 = ADVANCED_FACE('',(#3190),#3217,.F.);
#3190 = FACE_BOUND('',#3191,.F.);
#3191 = EDGE_LOOP('',(#3192,#3193,#3194,#3202,#3210));
#3192 = ORIENTED_EDGE('',*,*,#3146,.T.);
#3193 = ORIENTED_EDGE('',*,*,#737,.F.);
#3194 = ORIENTED_EDGE('',*,*,#3195,.F.);
#3195 = EDGE_CURVE('',#3196,#738,#3198,.T.);
#3196 = VERTEX_POINT('',#3197);
#3197 = CARTESIAN_POINT('',(1.1,-9.1,3.));
#3198 = LINE('',#3199,#3200);
#3199 = CARTESIAN_POINT('',(1.1,-9.1,3.));
#3200 = VECTOR('',#3201,1.);
#3201 = DIRECTION('',(-0.,-0.,-1.));
#3202 = ORIENTED_EDGE('',*,*,#3203,.T.);
#3203 = EDGE_CURVE('',#3196,#3204,#3206,.T.);
#3204 = VERTEX_POINT('',#3205);
#3205 = CARTESIAN_POINT('',(1.1,-9.2,3.));
#3206 = LINE('',#3207,#3208);
#3207 = CARTESIAN_POINT('',(1.1,-3.1,3.));
#3208 = VECTOR('',#3209,1.);
#3209 = DIRECTION('',(0.,-1.,0.));
#3210 = ORIENTED_EDGE('',*,*,#3211,.T.);
#3211 = EDGE_CURVE('',#3204,#3147,#3212,.T.);
#3212 = CIRCLE('',#3213,0.8);
#3213 = AXIS2_PLACEMENT_3D('',#3214,#3215,#3216);
#3214 = CARTESIAN_POINT('',(1.1,-9.2,2.2));
#3215 = DIRECTION('',(1.,-0.,0.));
#3216 = DIRECTION('',(0.,0.,-1.));
#3217 = PLANE('',#3218);
#3218 = AXIS2_PLACEMENT_3D('',#3219,#3220,#3221);
#3219 = CARTESIAN_POINT('',(1.1,-3.1,2.));
#3220 = DIRECTION('',(1.,0.,0.));
#3221 = DIRECTION('',(0.,-1.,0.));
#3222 = ADVANCED_FACE('',(#3223),#3242,.T.);
#3223 = FACE_BOUND('',#3224,.F.);
#3224 = EDGE_LOOP('',(#3225,#3226,#3227,#3236));
#3225 = ORIENTED_EDGE('',*,*,#796,.F.);
#3226 = ORIENTED_EDGE('',*,*,#3179,.F.);
#3227 = ORIENTED_EDGE('',*,*,#3228,.T.);
#3228 = EDGE_CURVE('',#3169,#3229,#3231,.T.);
#3229 = VERTEX_POINT('',#3230);
#3230 = CARTESIAN_POINT('',(69.9,-0.1,3.));
#3231 = CIRCLE('',#3232,3.);
#3232 = AXIS2_PLACEMENT_3D('',#3233,#3234,#3235);
#3233 = CARTESIAN_POINT('',(69.9,-3.1,3.));
#3234 = DIRECTION('',(0.,0.,1.));
#3235 = DIRECTION('',(1.,0.,0.));
#3236 = ORIENTED_EDGE('',*,*,#3237,.F.);
#3237 = EDGE_CURVE('',#789,#3229,#3238,.T.);
#3238 = LINE('',#3239,#3240);
#3239 = CARTESIAN_POINT('',(69.9,-0.1,2.));
#3240 = VECTOR('',#3241,1.);
#3241 = DIRECTION('',(0.,0.,1.));
#3242 = CYLINDRICAL_SURFACE('',#3243,3.);
#3243 = AXIS2_PLACEMENT_3D('',#3244,#3245,#3246);
#3244 = CARTESIAN_POINT('',(69.9,-3.1,2.));
#3245 = DIRECTION('',(-0.,-0.,-1.));
#3246 = DIRECTION('',(1.,0.,0.));
#3247 = ADVANCED_FACE('',(#3248),#3267,.T.);
#3248 = FACE_BOUND('',#3249,.T.);
#3249 = EDGE_LOOP('',(#3250,#3259,#3265,#3266));
#3250 = ORIENTED_EDGE('',*,*,#3251,.T.);
#3251 = EDGE_CURVE('',#3196,#3252,#3254,.T.);
#3252 = VERTEX_POINT('',#3253);
#3253 = CARTESIAN_POINT('',(3.1,-7.1,3.));
#3254 = CIRCLE('',#3255,2.);
#3255 = AXIS2_PLACEMENT_3D('',#3256,#3257,#3258);
#3256 = CARTESIAN_POINT('',(3.1,-9.1,3.));
#3257 = DIRECTION('',(0.,0.,-1.));
#3258 = DIRECTION('',(0.,1.,0.));
#3259 = ORIENTED_EDGE('',*,*,#3260,.T.);
#3260 = EDGE_CURVE('',#3252,#746,#3261,.T.);
#3261 = LINE('',#3262,#3263);
#3262 = CARTESIAN_POINT('',(3.1,-7.1,3.));
#3263 = VECTOR('',#3264,1.);
#3264 = DIRECTION('',(-0.,-0.,-1.));
#3265 = ORIENTED_EDGE('',*,*,#745,.F.);
#3266 = ORIENTED_EDGE('',*,*,#3195,.F.);
#3267 = CYLINDRICAL_SURFACE('',#3268,2.);
#3268 = AXIS2_PLACEMENT_3D('',#3269,#3270,#3271);
#3269 = CARTESIAN_POINT('',(3.1,-9.1,3.));
#3270 = DIRECTION('',(-0.,-0.,-1.));
#3271 = DIRECTION('',(-1.,0.,0.));
#3272 = ADVANCED_FACE('',(#3273),#3291,.F.);
#3273 = FACE_BOUND('',#3274,.F.);
#3274 = EDGE_LOOP('',(#3275,#3276,#3277,#3285));
#3275 = ORIENTED_EDGE('',*,*,#788,.F.);
#3276 = ORIENTED_EDGE('',*,*,#3237,.T.);
#3277 = ORIENTED_EDGE('',*,*,#3278,.T.);
#3278 = EDGE_CURVE('',#3229,#3279,#3281,.T.);
#3279 = VERTEX_POINT('',#3280);
#3280 = CARTESIAN_POINT('',(7.1,-0.1,3.));
#3281 = LINE('',#3282,#3283);
#3282 = CARTESIAN_POINT('',(69.9,-0.1,3.));
#3283 = VECTOR('',#3284,1.);
#3284 = DIRECTION('',(-1.,0.,0.));
#3285 = ORIENTED_EDGE('',*,*,#3286,.T.);
#3286 = EDGE_CURVE('',#3279,#780,#3287,.T.);
#3287 = LINE('',#3288,#3289);
#3288 = CARTESIAN_POINT('',(7.1,-0.1,3.));
#3289 = VECTOR('',#3290,1.);
#3290 = DIRECTION('',(-0.,-0.,-1.));
#3291 = PLANE('',#3292);
#3292 = AXIS2_PLACEMENT_3D('',#3293,#3294,#3295);
#3293 = CARTESIAN_POINT('',(69.9,-0.1,2.));
#3294 = DIRECTION('',(0.,-1.,0.));
#3295 = DIRECTION('',(-1.,0.,0.));
#3296 = ADVANCED_FACE('',(#3297),#3315,.T.);
#3297 = FACE_BOUND('',#3298,.T.);
#3298 = EDGE_LOOP('',(#3299,#3300,#3301,#3309));
#3299 = ORIENTED_EDGE('',*,*,#754,.F.);
#3300 = ORIENTED_EDGE('',*,*,#3260,.F.);
#3301 = ORIENTED_EDGE('',*,*,#3302,.T.);
#3302 = EDGE_CURVE('',#3252,#3303,#3305,.T.);
#3303 = VERTEX_POINT('',#3304);
#3304 = CARTESIAN_POINT('',(4.3,-7.1,3.));
#3305 = LINE('',#3306,#3307);
#3306 = CARTESIAN_POINT('',(1.1,-7.1,3.));
#3307 = VECTOR('',#3308,1.);
#3308 = DIRECTION('',(1.,0.,0.));
#3309 = ORIENTED_EDGE('',*,*,#3310,.T.);
#3310 = EDGE_CURVE('',#3303,#755,#3311,.T.);
#3311 = LINE('',#3312,#3313);
#3312 = CARTESIAN_POINT('',(4.3,-7.1,3.));
#3313 = VECTOR('',#3314,1.);
#3314 = DIRECTION('',(-0.,-0.,-1.));
#3315 = PLANE('',#3316);
#3316 = AXIS2_PLACEMENT_3D('',#3317,#3318,#3319);
#3317 = CARTESIAN_POINT('',(3.4,-7.1,2.5));
#3318 = DIRECTION('',(0.,1.,0.));
#3319 = DIRECTION('',(0.,0.,1.));
#3320 = ADVANCED_FACE('',(#3321),#3340,.T.);
#3321 = FACE_BOUND('',#3322,.F.);
#3322 = EDGE_LOOP('',(#3323,#3332,#3338,#3339));
#3323 = ORIENTED_EDGE('',*,*,#3324,.T.);
#3324 = EDGE_CURVE('',#3279,#3325,#3327,.T.);
#3325 = VERTEX_POINT('',#3326);
#3326 = CARTESIAN_POINT('',(5.7,-1.5,3.));
#3327 = CIRCLE('',#3328,1.4);
#3328 = AXIS2_PLACEMENT_3D('',#3329,#3330,#3331);
#3329 = CARTESIAN_POINT('',(7.1,-1.5,3.));
#3330 = DIRECTION('',(0.,-0.,1.));
#3331 = DIRECTION('',(0.,1.,0.));
#3332 = ORIENTED_EDGE('',*,*,#3333,.T.);
#3333 = EDGE_CURVE('',#3325,#772,#3334,.T.);
#3334 = LINE('',#3335,#3336);
#3335 = CARTESIAN_POINT('',(5.7,-1.5,3.));
#3336 = VECTOR('',#3337,1.);
#3337 = DIRECTION('',(-0.,-0.,-1.));
#3338 = ORIENTED_EDGE('',*,*,#779,.F.);
#3339 = ORIENTED_EDGE('',*,*,#3286,.F.);
#3340 = CYLINDRICAL_SURFACE('',#3341,1.4);
#3341 = AXIS2_PLACEMENT_3D('',#3342,#3343,#3344);
#3342 = CARTESIAN_POINT('',(7.1,-1.5,3.));
#3343 = DIRECTION('',(-0.,-0.,-1.));
#3344 = DIRECTION('',(0.,1.,0.));
#3345 = ADVANCED_FACE('',(#3346),#3365,.F.);
#3346 = FACE_BOUND('',#3347,.T.);
#3347 = EDGE_LOOP('',(#3348,#3357,#3363,#3364));
#3348 = ORIENTED_EDGE('',*,*,#3349,.T.);
#3349 = EDGE_CURVE('',#3303,#3350,#3352,.T.);
#3350 = VERTEX_POINT('',#3351);
#3351 = CARTESIAN_POINT('',(5.7,-5.7,3.));
#3352 = CIRCLE('',#3353,1.4);
#3353 = AXIS2_PLACEMENT_3D('',#3354,#3355,#3356);
#3354 = CARTESIAN_POINT('',(4.3,-5.7,3.));
#3355 = DIRECTION('',(0.,-0.,1.));
#3356 = DIRECTION('',(0.,1.,0.));
#3357 = ORIENTED_EDGE('',*,*,#3358,.T.);
#3358 = EDGE_CURVE('',#3350,#763,#3359,.T.);
#3359 = LINE('',#3360,#3361);
#3360 = CARTESIAN_POINT('',(5.7,-5.7,3.));
#3361 = VECTOR('',#3362,1.);
#3362 = DIRECTION('',(-0.,-0.,-1.));
#3363 = ORIENTED_EDGE('',*,*,#762,.F.);
#3364 = ORIENTED_EDGE('',*,*,#3310,.F.);
#3365 = CYLINDRICAL_SURFACE('',#3366,1.4);
#3366 = AXIS2_PLACEMENT_3D('',#3367,#3368,#3369);
#3367 = CARTESIAN_POINT('',(4.3,-5.7,3.));
#3368 = DIRECTION('',(-0.,-0.,-1.));
#3369 = DIRECTION('',(0.,-1.,0.));
#3370 = ADVANCED_FACE('',(#3371),#3382,.T.);
#3371 = FACE_BOUND('',#3372,.T.);
#3372 = EDGE_LOOP('',(#3373,#3374,#3375,#3381));
#3373 = ORIENTED_EDGE('',*,*,#771,.F.);
#3374 = ORIENTED_EDGE('',*,*,#3358,.F.);
#3375 = ORIENTED_EDGE('',*,*,#3376,.T.);
#3376 = EDGE_CURVE('',#3350,#3325,#3377,.T.);
#3377 = LINE('',#3378,#3379);
#3378 = CARTESIAN_POINT('',(5.7,-7.1,3.));
#3379 = VECTOR('',#3380,1.);
#3380 = DIRECTION('',(0.,1.,0.));
#3381 = ORIENTED_EDGE('',*,*,#3333,.T.);
#3382 = PLANE('',#3383);
#3383 = AXIS2_PLACEMENT_3D('',#3384,#3385,#3386);
#3384 = CARTESIAN_POINT('',(5.7,-3.6,2.5));
#3385 = DIRECTION('',(-1.,-0.,-0.));
#3386 = DIRECTION('',(0.,0.,-1.));
#3387 = ADVANCED_FACE('',(#3388),#3427,.T.);
#3388 = FACE_BOUND('',#3389,.T.);
#3389 = EDGE_LOOP('',(#3390,#3391,#3392,#3393,#3394,#3395,#3396,#3397,
    #3398,#3399,#3405,#3406,#3407,#3408,#3409,#3410,#3411,#3412,#3413,
    #3414,#3415,#3416,#3417,#3418,#3424,#3425,#3426));
#3390 = ORIENTED_EDGE('',*,*,#886,.T.);
#3391 = ORIENTED_EDGE('',*,*,#919,.T.);
#3392 = ORIENTED_EDGE('',*,*,#1013,.F.);
#3393 = ORIENTED_EDGE('',*,*,#1052,.F.);
#3394 = ORIENTED_EDGE('',*,*,#1110,.F.);
#3395 = ORIENTED_EDGE('',*,*,#1158,.T.);
#3396 = ORIENTED_EDGE('',*,*,#1216,.F.);
#3397 = ORIENTED_EDGE('',*,*,#1264,.T.);
#3398 = ORIENTED_EDGE('',*,*,#1314,.F.);
#3399 = ORIENTED_EDGE('',*,*,#3400,.F.);
#3400 = EDGE_CURVE('',#1421,#1315,#3401,.T.);
#3401 = LINE('',#3402,#3403);
#3402 = CARTESIAN_POINT('',(1.1,-22.8,3.));
#3403 = VECTOR('',#3404,1.);
#3404 = DIRECTION('',(1.,0.,0.));
#3405 = ORIENTED_EDGE('',*,*,#1420,.T.);
#3406 = ORIENTED_EDGE('',*,*,#1478,.F.);
#3407 = ORIENTED_EDGE('',*,*,#1536,.F.);
#3408 = ORIENTED_EDGE('',*,*,#1576,.T.);
#3409 = ORIENTED_EDGE('',*,*,#1603,.F.);
#3410 = ORIENTED_EDGE('',*,*,#1551,.F.);
#3411 = ORIENTED_EDGE('',*,*,#1512,.T.);
#3412 = ORIENTED_EDGE('',*,*,#1462,.T.);
#3413 = ORIENTED_EDGE('',*,*,#1395,.F.);
#3414 = ORIENTED_EDGE('',*,*,#1349,.T.);
#3415 = ORIENTED_EDGE('',*,*,#1289,.T.);
#3416 = ORIENTED_EDGE('',*,*,#1242,.F.);
#3417 = ORIENTED_EDGE('',*,*,#1193,.T.);
#3418 = ORIENTED_EDGE('',*,*,#3419,.F.);
#3419 = EDGE_CURVE('',#1088,#1194,#3420,.T.);
#3420 = LINE('',#3421,#3422);
#3421 = CARTESIAN_POINT('',(72.1,-22.8,3.));
#3422 = VECTOR('',#3423,1.);
#3423 = DIRECTION('',(1.,0.,0.));
#3424 = ORIENTED_EDGE('',*,*,#1087,.F.);
#3425 = ORIENTED_EDGE('',*,*,#1028,.T.);
#3426 = ORIENTED_EDGE('',*,*,#979,.F.);
#3427 = PLANE('',#3428);
#3428 = AXIS2_PLACEMENT_3D('',#3429,#3430,#3431);
#3429 = CARTESIAN_POINT('',(37.106218410897,-16.,3.));
#3430 = DIRECTION('',(0.,0.,1.));
#3431 = DIRECTION('',(1.,0.,0.));
#3432 = ADVANCED_FACE('',(#3433),#3439,.T.);
#3433 = FACE_BOUND('',#3434,.F.);
#3434 = EDGE_LOOP('',(#3435,#3436,#3437,#3438));
#3435 = ORIENTED_EDGE('',*,*,#1095,.T.);
#3436 = ORIENTED_EDGE('',*,*,#1144,.T.);
#3437 = ORIENTED_EDGE('',*,*,#1201,.F.);
#3438 = ORIENTED_EDGE('',*,*,#3419,.F.);
#3439 = CYLINDRICAL_SURFACE('',#3440,0.8);
#3440 = AXIS2_PLACEMENT_3D('',#3441,#3442,#3443);
#3441 = CARTESIAN_POINT('',(72.1,-22.8,2.2));
#3442 = DIRECTION('',(1.,0.,0.));
#3443 = DIRECTION('',(0.,0.,1.));
#3444 = ADVANCED_FACE('',(#3445),#3451,.T.);
#3445 = FACE_BOUND('',#3446,.F.);
#3446 = EDGE_LOOP('',(#3447,#3448,#3449,#3450));
#3447 = ORIENTED_EDGE('',*,*,#1438,.T.);
#3448 = ORIENTED_EDGE('',*,*,#1381,.T.);
#3449 = ORIENTED_EDGE('',*,*,#1332,.F.);
#3450 = ORIENTED_EDGE('',*,*,#3400,.F.);
#3451 = CYLINDRICAL_SURFACE('',#3452,0.8);
#3452 = AXIS2_PLACEMENT_3D('',#3453,#3454,#3455);
#3453 = CARTESIAN_POINT('',(1.1,-22.8,2.2));
#3454 = DIRECTION('',(1.,0.,0.));
#3455 = DIRECTION('',(0.,0.,1.));
#3456 = ADVANCED_FACE('',(#3457),#3468,.T.);
#3457 = FACE_BOUND('',#3458,.T.);
#3458 = EDGE_LOOP('',(#3459,#3460,#3466,#3467));
#3459 = ORIENTED_EDGE('',*,*,#1618,.F.);
#3460 = ORIENTED_EDGE('',*,*,#3461,.F.);
#3461 = EDGE_CURVE('',#1717,#1619,#3462,.T.);
#3462 = LINE('',#3463,#3464);
#3463 = CARTESIAN_POINT('',(1.9,-21.,5.));
#3464 = VECTOR('',#3465,1.);
#3465 = DIRECTION('',(0.,1.,-2.2E-16));
#3466 = ORIENTED_EDGE('',*,*,#1716,.F.);
#3467 = ORIENTED_EDGE('',*,*,#1678,.F.);
#3468 = PLANE('',#3469);
#3469 = AXIS2_PLACEMENT_3D('',#3470,#3471,#3472);
#3470 = CARTESIAN_POINT('',(1.9,-16.,3.5));
#3471 = DIRECTION('',(1.,0.,4.3E-16));
#3472 = DIRECTION('',(-4.3E-16,0.,1.));
#3473 = ADVANCED_FACE('',(#3474),#3485,.T.);
#3474 = FACE_BOUND('',#3475,.T.);
#3475 = EDGE_LOOP('',(#3476,#3477,#3478,#3484));
#3476 = ORIENTED_EDGE('',*,*,#3461,.T.);
#3477 = ORIENTED_EDGE('',*,*,#1653,.T.);
#3478 = ORIENTED_EDGE('',*,*,#3479,.F.);
#3479 = EDGE_CURVE('',#1725,#1645,#3480,.T.);
#3480 = LINE('',#3481,#3482);
#3481 = CARTESIAN_POINT('',(1.1,-21.,4.6));
#3482 = VECTOR('',#3483,1.);
#3483 = DIRECTION('',(0.,1.,-2.2E-16));
#3484 = ORIENTED_EDGE('',*,*,#1724,.F.);
#3485 = CYLINDRICAL_SURFACE('',#3486,0.8);
#3486 = AXIS2_PLACEMENT_3D('',#3487,#3488,#3489);
#3487 = CARTESIAN_POINT('',(1.796647939484,-21.,4.206704121032));
#3488 = DIRECTION('',(0.,-1.,2.2E-16));
#3489 = DIRECTION('',(1.,0.,0.));
#3490 = ADVANCED_FACE('',(#3491),#3497,.T.);
#3491 = FACE_BOUND('',#3492,.T.);
#3492 = EDGE_LOOP('',(#3493,#3494,#3495,#3496));
#3493 = ORIENTED_EDGE('',*,*,#3479,.T.);
#3494 = ORIENTED_EDGE('',*,*,#1644,.T.);
#3495 = ORIENTED_EDGE('',*,*,#1694,.T.);
#3496 = ORIENTED_EDGE('',*,*,#1733,.F.);
#3497 = CYLINDRICAL_SURFACE('',#3498,0.8);
#3498 = AXIS2_PLACEMENT_3D('',#3499,#3500,#3501);
#3499 = CARTESIAN_POINT('',(1.1,-21.,3.8));
#3500 = DIRECTION('',(0.,-1.,2.2E-16));
#3501 = DIRECTION('',(1.,0.,0.));
#3502 = ADVANCED_FACE('',(#3503),#3552,.T.);
#3503 = FACE_BOUND('',#3504,.T.);
#3504 = EDGE_LOOP('',(#3505,#3506,#3507,#3515,#3524,#3532,#3541,#3547,
    #3548,#3549,#3550,#3551));
#3505 = ORIENTED_EDGE('',*,*,#1761,.T.);
#3506 = ORIENTED_EDGE('',*,*,#1818,.T.);
#3507 = ORIENTED_EDGE('',*,*,#3508,.T.);
#3508 = EDGE_CURVE('',#1819,#3509,#3511,.T.);
#3509 = VERTEX_POINT('',#3510);
#3510 = CARTESIAN_POINT('',(28.464678,-28.56529,4.));
#3511 = LINE('',#3512,#3513);
#3512 = CARTESIAN_POINT('',(49.965678,-28.56529,4.));
#3513 = VECTOR('',#3514,1.);
#3514 = DIRECTION('',(-1.,0.,0.));
#3515 = ORIENTED_EDGE('',*,*,#3516,.T.);
#3516 = EDGE_CURVE('',#3509,#3517,#3519,.T.);
#3517 = VERTEX_POINT('',#3518);
#3518 = CARTESIAN_POINT('',(27.465678,-27.56629,4.));
#3519 = CIRCLE('',#3520,0.999);
#3520 = AXIS2_PLACEMENT_3D('',#3521,#3522,#3523);
#3521 = CARTESIAN_POINT('',(28.464678,-27.56629,4.));
#3522 = DIRECTION('',(-0.,-0.,-1.));
#3523 = DIRECTION('',(0.,-1.,0.));
#3524 = ORIENTED_EDGE('',*,*,#3525,.T.);
#3525 = EDGE_CURVE('',#3517,#3526,#3528,.T.);
#3526 = VERTEX_POINT('',#3527);
#3527 = CARTESIAN_POINT('',(27.465678,-7.56429,4.));
#3528 = LINE('',#3529,#3530);
#3529 = CARTESIAN_POINT('',(27.465678,-28.56529,4.));
#3530 = VECTOR('',#3531,1.);
#3531 = DIRECTION('',(0.,1.,0.));
#3532 = ORIENTED_EDGE('',*,*,#3533,.F.);
#3533 = EDGE_CURVE('',#3534,#3526,#3536,.T.);
#3534 = VERTEX_POINT('',#3535);
#3535 = CARTESIAN_POINT('',(28.464678,-6.56529,4.));
#3536 = CIRCLE('',#3537,0.999);
#3537 = AXIS2_PLACEMENT_3D('',#3538,#3539,#3540);
#3538 = CARTESIAN_POINT('',(28.464678,-7.56429,4.));
#3539 = DIRECTION('',(-0.,0.,1.));
#3540 = DIRECTION('',(0.,-1.,0.));
#3541 = ORIENTED_EDGE('',*,*,#3542,.T.);
#3542 = EDGE_CURVE('',#3534,#2028,#3543,.T.);
#3543 = LINE('',#3544,#3545);
#3544 = CARTESIAN_POINT('',(27.465678,-6.56529,4.));
#3545 = VECTOR('',#3546,1.);
#3546 = DIRECTION('',(1.,0.,0.));
#3547 = ORIENTED_EDGE('',*,*,#2035,.T.);
#3548 = ORIENTED_EDGE('',*,*,#1978,.T.);
#3549 = ORIENTED_EDGE('',*,*,#1906,.T.);
#3550 = ORIENTED_EDGE('',*,*,#1865,.T.);
#3551 = ORIENTED_EDGE('',*,*,#1792,.F.);
#3552 = PLANE('',#3553);
#3553 = AXIS2_PLACEMENT_3D('',#3554,#3555,#3556);
#3554 = CARTESIAN_POINT('',(34.521047127517,-17.56529,4.));
#3555 = DIRECTION('',(0.,0.,1.));
#3556 = DIRECTION('',(1.,0.,0.));
#3557 = ADVANCED_FACE('',(#3558),#3577,.F.);
#3558 = FACE_BOUND('',#3559,.F.);
#3559 = EDGE_LOOP('',(#3560,#3568,#3574,#3575,#3576));
#3560 = ORIENTED_EDGE('',*,*,#3561,.T.);
#3561 = EDGE_CURVE('',#1835,#3562,#3564,.T.);
#3562 = VERTEX_POINT('',#3563);
#3563 = CARTESIAN_POINT('',(26.964678,-28.56629,3.4));
#3564 = LINE('',#3565,#3566);
#3565 = CARTESIAN_POINT('',(49.965678,-28.56629,3.4));
#3566 = VECTOR('',#3567,1.);
#3567 = DIRECTION('',(-1.,-0.,-0.));
#3568 = ORIENTED_EDGE('',*,*,#3569,.T.);
#3569 = EDGE_CURVE('',#3562,#1930,#3570,.T.);
#3570 = LINE('',#3571,#3572);
#3571 = CARTESIAN_POINT('',(33.246698830699,-19.14954077478,
    9.682020830699));
#3572 = VECTOR('',#3573,1.);
#3573 = DIRECTION('',(-0.485242485252,-0.727378485393,-0.485242485252));
#3574 = ORIENTED_EDGE('',*,*,#1929,.T.);
#3575 = ORIENTED_EDGE('',*,*,#1881,.F.);
#3576 = ORIENTED_EDGE('',*,*,#1842,.F.);
#3577 = PLANE('',#3578);
#3578 = AXIS2_PLACEMENT_3D('',#3579,#3580,#3581);
#3579 = CARTESIAN_POINT('',(49.965678,-29.31579,2.9));
#3580 = DIRECTION('',(0.,-0.554956303622,0.831879499129));
#3581 = DIRECTION('',(-1.,0.,0.));
#3582 = ADVANCED_FACE('',(#3583),#3642,.F.);
#3583 = FACE_BOUND('',#3584,.F.);
#3584 = EDGE_LOOP('',(#3585,#3593,#3599,#3600,#3601,#3609,#3618,#3626,
    #3635,#3641));
#3585 = ORIENTED_EDGE('',*,*,#3586,.T.);
#3586 = EDGE_CURVE('',#2018,#3587,#3589,.T.);
#3587 = VERTEX_POINT('',#3588);
#3588 = CARTESIAN_POINT('',(26.964678,-6.56429,3.4));
#3589 = LINE('',#3590,#3591);
#3590 = CARTESIAN_POINT('',(49.965678,-6.56429,3.4));
#3591 = VECTOR('',#3592,1.);
#3592 = DIRECTION('',(-1.,-0.,-0.));
#3593 = ORIENTED_EDGE('',*,*,#3594,.T.);
#3594 = EDGE_CURVE('',#3587,#3562,#3595,.T.);
#3595 = LINE('',#3596,#3597);
#3596 = CARTESIAN_POINT('',(26.964678,-6.56429,3.4));
#3597 = VECTOR('',#3598,1.);
#3598 = DIRECTION('',(0.,-1.,0.));
#3599 = ORIENTED_EDGE('',*,*,#3561,.F.);
#3600 = ORIENTED_EDGE('',*,*,#1834,.F.);
#3601 = ORIENTED_EDGE('',*,*,#3602,.F.);
#3602 = EDGE_CURVE('',#3603,#1827,#3605,.T.);
#3603 = VERTEX_POINT('',#3604);
#3604 = CARTESIAN_POINT('',(28.464678,-28.56529,3.4));
#3605 = LINE('',#3606,#3607);
#3606 = CARTESIAN_POINT('',(44.331244037736,-28.56529,3.4));
#3607 = VECTOR('',#3608,1.);
#3608 = DIRECTION('',(1.,0.,0.));
#3609 = ORIENTED_EDGE('',*,*,#3610,.F.);
#3610 = EDGE_CURVE('',#3611,#3603,#3613,.T.);
#3611 = VERTEX_POINT('',#3612);
#3612 = CARTESIAN_POINT('',(27.465678,-27.56629,3.4));
#3613 = CIRCLE('',#3614,0.999);
#3614 = AXIS2_PLACEMENT_3D('',#3615,#3616,#3617);
#3615 = CARTESIAN_POINT('',(28.464678,-27.56629,3.4));
#3616 = DIRECTION('',(-0.,0.,1.));
#3617 = DIRECTION('',(0.,-1.,0.));
#3618 = ORIENTED_EDGE('',*,*,#3619,.F.);
#3619 = EDGE_CURVE('',#3620,#3611,#3622,.T.);
#3620 = VERTEX_POINT('',#3621);
#3621 = CARTESIAN_POINT('',(27.465678,-7.56429,3.4));
#3622 = LINE('',#3623,#3624);
#3623 = CARTESIAN_POINT('',(27.465678,-11.31529,3.4));
#3624 = VECTOR('',#3625,1.);
#3625 = DIRECTION('',(0.,-1.,0.));
#3626 = ORIENTED_EDGE('',*,*,#3627,.F.);
#3627 = EDGE_CURVE('',#3628,#3620,#3630,.T.);
#3628 = VERTEX_POINT('',#3629);
#3629 = CARTESIAN_POINT('',(28.464678,-6.56529,3.4));
#3630 = CIRCLE('',#3631,0.999);
#3631 = AXIS2_PLACEMENT_3D('',#3632,#3633,#3634);
#3632 = CARTESIAN_POINT('',(28.464678,-7.56429,3.4));
#3633 = DIRECTION('',(0.,-0.,1.));
#3634 = DIRECTION('',(0.,1.,0.));
#3635 = ORIENTED_EDGE('',*,*,#3636,.F.);
#3636 = EDGE_CURVE('',#2020,#3628,#3637,.T.);
#3637 = LINE('',#3638,#3639);
#3638 = CARTESIAN_POINT('',(44.331244037736,-6.56529,3.4));
#3639 = VECTOR('',#3640,1.);
#3640 = DIRECTION('',(-1.,0.,0.));
#3641 = ORIENTED_EDGE('',*,*,#2017,.F.);
#3642 = PLANE('',#3643);
#3643 = AXIS2_PLACEMENT_3D('',#3644,#3645,#3646);
#3644 = CARTESIAN_POINT('',(49.965678,-5.06529,3.4));
#3645 = DIRECTION('',(0.,0.,1.));
#3646 = DIRECTION('',(0.,-1.,0.));
#3647 = ADVANCED_FACE('',(#3648),#3659,.T.);
#3648 = FACE_BOUND('',#3649,.T.);
#3649 = EDGE_LOOP('',(#3650,#3651,#3657,#3658));
#3650 = ORIENTED_EDGE('',*,*,#3602,.F.);
#3651 = ORIENTED_EDGE('',*,*,#3652,.T.);
#3652 = EDGE_CURVE('',#3603,#3509,#3653,.T.);
#3653 = LINE('',#3654,#3655);
#3654 = CARTESIAN_POINT('',(28.464678,-28.56529,2.));
#3655 = VECTOR('',#3656,1.);
#3656 = DIRECTION('',(0.,0.,1.));
#3657 = ORIENTED_EDGE('',*,*,#3508,.F.);
#3658 = ORIENTED_EDGE('',*,*,#1826,.F.);
#3659 = PLANE('',#3660);
#3660 = AXIS2_PLACEMENT_3D('',#3661,#3662,#3663);
#3661 = CARTESIAN_POINT('',(38.696810075472,-28.56529,2.094339622642));
#3662 = DIRECTION('',(0.,1.,8.9E-16));
#3663 = DIRECTION('',(0.,-8.9E-16,1.));
#3664 = ADVANCED_FACE('',(#3665),#3676,.T.);
#3665 = FACE_BOUND('',#3666,.T.);
#3666 = EDGE_LOOP('',(#3667,#3673,#3674,#3675));
#3667 = ORIENTED_EDGE('',*,*,#3668,.F.);
#3668 = EDGE_CURVE('',#3587,#1948,#3669,.T.);
#3669 = LINE('',#3670,#3671);
#3670 = CARTESIAN_POINT('',(29.363841492074,-10.16063607461,
    5.799163492074));
#3671 = VECTOR('',#3672,1.);
#3672 = DIRECTION('',(-0.485242485252,0.727378485393,-0.485242485252));
#3673 = ORIENTED_EDGE('',*,*,#3594,.T.);
#3674 = ORIENTED_EDGE('',*,*,#3569,.T.);
#3675 = ORIENTED_EDGE('',*,*,#1955,.F.);
#3676 = PLANE('',#3677);
#3677 = AXIS2_PLACEMENT_3D('',#3678,#3679,#3680);
#3678 = CARTESIAN_POINT('',(26.465178,-6.56429,2.9005));
#3679 = DIRECTION('',(0.707106781187,0.,-0.707106781187));
#3680 = DIRECTION('',(0.,-1.,0.));
#3681 = ADVANCED_FACE('',(#3682),#3689,.F.);
#3682 = FACE_BOUND('',#3683,.T.);
#3683 = EDGE_LOOP('',(#3684,#3685,#3686,#3687,#3688));
#3684 = ORIENTED_EDGE('',*,*,#3586,.T.);
#3685 = ORIENTED_EDGE('',*,*,#3668,.T.);
#3686 = ORIENTED_EDGE('',*,*,#1947,.T.);
#3687 = ORIENTED_EDGE('',*,*,#2003,.F.);
#3688 = ORIENTED_EDGE('',*,*,#2044,.F.);
#3689 = PLANE('',#3690);
#3690 = AXIS2_PLACEMENT_3D('',#3691,#3692,#3693);
#3691 = CARTESIAN_POINT('',(49.965678,-5.81479,2.9));
#3692 = DIRECTION('',(0.,0.554956303622,0.831879499129));
#3693 = DIRECTION('',(1.,0.,0.));
#3694 = ADVANCED_FACE('',(#3695),#3706,.T.);
#3695 = FACE_BOUND('',#3696,.T.);
#3696 = EDGE_LOOP('',(#3697,#3703,#3704,#3705));
#3697 = ORIENTED_EDGE('',*,*,#3698,.F.);
#3698 = EDGE_CURVE('',#3628,#3534,#3699,.T.);
#3699 = LINE('',#3700,#3701);
#3700 = CARTESIAN_POINT('',(28.464678,-6.56529,2.));
#3701 = VECTOR('',#3702,1.);
#3702 = DIRECTION('',(0.,0.,1.));
#3703 = ORIENTED_EDGE('',*,*,#3636,.F.);
#3704 = ORIENTED_EDGE('',*,*,#2027,.T.);
#3705 = ORIENTED_EDGE('',*,*,#3542,.F.);
#3706 = PLANE('',#3707);
#3707 = AXIS2_PLACEMENT_3D('',#3708,#3709,#3710);
#3708 = CARTESIAN_POINT('',(38.696810075472,-6.56529,2.094339622642));
#3709 = DIRECTION('',(-0.,-1.,-0.));
#3710 = DIRECTION('',(0.,0.,-1.));
#3711 = ADVANCED_FACE('',(#3712,#3722,#3732,#3743,#3754),#3765,.T.);
#3712 = FACE_BOUND('',#3713,.T.);
#3713 = EDGE_LOOP('',(#3714,#3715,#3716,#3717,#3718,#3719,#3720,#3721));
#3714 = ORIENTED_EDGE('',*,*,#2337,.F.);
#3715 = ORIENTED_EDGE('',*,*,#2310,.F.);
#3716 = ORIENTED_EDGE('',*,*,#2296,.F.);
#3717 = ORIENTED_EDGE('',*,*,#2254,.T.);
#3718 = ORIENTED_EDGE('',*,*,#2433,.F.);
#3719 = ORIENTED_EDGE('',*,*,#2408,.T.);
#3720 = ORIENTED_EDGE('',*,*,#2386,.F.);
#3721 = ORIENTED_EDGE('',*,*,#2359,.T.);
#3722 = FACE_BOUND('',#3723,.T.);
#3723 = EDGE_LOOP('',(#3724,#3725,#3726,#3727,#3728,#3729,#3730,#3731));
#3724 = ORIENTED_EDGE('',*,*,#2075,.F.);
#3725 = ORIENTED_EDGE('',*,*,#2239,.F.);
#3726 = ORIENTED_EDGE('',*,*,#2222,.F.);
#3727 = ORIENTED_EDGE('',*,*,#2197,.F.);
#3728 = ORIENTED_EDGE('',*,*,#2173,.F.);
#3729 = ORIENTED_EDGE('',*,*,#2148,.F.);
#3730 = ORIENTED_EDGE('',*,*,#2124,.F.);
#3731 = ORIENTED_EDGE('',*,*,#2099,.F.);
#3732 = FACE_BOUND('',#3733,.T.);
#3733 = EDGE_LOOP('',(#3734));
#3734 = ORIENTED_EDGE('',*,*,#3735,.T.);
#3735 = EDGE_CURVE('',#3736,#3736,#3738,.T.);
#3736 = VERTEX_POINT('',#3737);
#3737 = CARTESIAN_POINT('',(70.014618,-16.714499,0.));
#3738 = CIRCLE('',#3739,3.);
#3739 = AXIS2_PLACEMENT_3D('',#3740,#3741,#3742);
#3740 = CARTESIAN_POINT('',(67.014618,-16.714499,0.));
#3741 = DIRECTION('',(0.,0.,1.));
#3742 = DIRECTION('',(1.,0.,0.));
#3743 = FACE_BOUND('',#3744,.T.);
#3744 = EDGE_LOOP('',(#3745));
#3745 = ORIENTED_EDGE('',*,*,#3746,.T.);
#3746 = EDGE_CURVE('',#3747,#3747,#3749,.T.);
#3747 = VERTEX_POINT('',#3748);
#3748 = CARTESIAN_POINT('',(62.773839,-10.23522,0.));
#3749 = CIRCLE('',#3750,3.);
#3750 = AXIS2_PLACEMENT_3D('',#3751,#3752,#3753);
#3751 = CARTESIAN_POINT('',(59.773839,-10.23522,0.));
#3752 = DIRECTION('',(0.,0.,1.));
#3753 = DIRECTION('',(1.,0.,0.));
#3754 = FACE_BOUND('',#3755,.T.);
#3755 = EDGE_LOOP('',(#3756));
#3756 = ORIENTED_EDGE('',*,*,#3757,.T.);
#3757 = EDGE_CURVE('',#3758,#3758,#3760,.T.);
#3758 = VERTEX_POINT('',#3759);
#3759 = CARTESIAN_POINT('',(18.565682,-14.352047,0.));
#3760 = CIRCLE('',#3761,4.5);
#3761 = AXIS2_PLACEMENT_3D('',#3762,#3763,#3764);
#3762 = CARTESIAN_POINT('',(14.065682,-14.352047,0.));
#3763 = DIRECTION('',(0.,0.,1.));
#3764 = DIRECTION('',(1.,0.,0.));
#3765 = PLANE('',#3766);
#3766 = AXIS2_PLACEMENT_3D('',#3767,#3768,#3769);
#3767 = CARTESIAN_POINT('',(37.,-16.,0.));
#3768 = DIRECTION('',(-0.,-0.,-1.));
#3769 = DIRECTION('',(-1.,0.,0.));
#3770 = ADVANCED_FACE('',(#3771,#3774),#3785,.T.);
#3771 = FACE_BOUND('',#3772,.T.);
#3772 = EDGE_LOOP('',(#3773));
#3773 = ORIENTED_EDGE('',*,*,#2458,.T.);
#3774 = FACE_BOUND('',#3775,.T.);
#3775 = EDGE_LOOP('',(#3776));
#3776 = ORIENTED_EDGE('',*,*,#3777,.T.);
#3777 = EDGE_CURVE('',#3778,#3778,#3780,.T.);
#3778 = VERTEX_POINT('',#3779);
#3779 = CARTESIAN_POINT('',(18.565682,-14.352047,1.));
#3780 = CIRCLE('',#3781,4.5);
#3781 = AXIS2_PLACEMENT_3D('',#3782,#3783,#3784);
#3782 = CARTESIAN_POINT('',(14.065682,-14.352047,1.));
#3783 = DIRECTION('',(0.,0.,-1.));
#3784 = DIRECTION('',(1.,0.,0.));
#3785 = PLANE('',#3786);
#3786 = AXIS2_PLACEMENT_3D('',#3787,#3788,#3789);
#3787 = CARTESIAN_POINT('',(43.297411481481,-13.83223159259,1.));
#3788 = DIRECTION('',(0.,0.,1.));
#3789 = DIRECTION('',(1.,0.,0.));
#3790 = ADVANCED_FACE('',(#3791,#3794),#3805,.T.);
#3791 = FACE_BOUND('',#3792,.T.);
#3792 = EDGE_LOOP('',(#3793));
#3793 = ORIENTED_EDGE('',*,*,#2483,.T.);
#3794 = FACE_BOUND('',#3795,.T.);
#3795 = EDGE_LOOP('',(#3796));
#3796 = ORIENTED_EDGE('',*,*,#3797,.T.);
#3797 = EDGE_CURVE('',#3798,#3798,#3800,.T.);
#3798 = VERTEX_POINT('',#3799);
#3799 = CARTESIAN_POINT('',(70.014618,-16.714499,1.));
#3800 = CIRCLE('',#3801,3.);
#3801 = AXIS2_PLACEMENT_3D('',#3802,#3803,#3804);
#3802 = CARTESIAN_POINT('',(67.014618,-16.714499,1.));
#3803 = DIRECTION('',(0.,0.,-1.));
#3804 = DIRECTION('',(1.,0.,0.));
#3805 = PLANE('',#3806);
#3806 = AXIS2_PLACEMENT_3D('',#3807,#3808,#3809);
#3807 = CARTESIAN_POINT('',(43.297411481481,-13.83223159259,1.));
#3808 = DIRECTION('',(0.,0.,1.));
#3809 = DIRECTION('',(1.,0.,0.));
#3810 = ADVANCED_FACE('',(#3811,#3814),#3825,.T.);
#3811 = FACE_BOUND('',#3812,.T.);
#3812 = EDGE_LOOP('',(#3813));
#3813 = ORIENTED_EDGE('',*,*,#2508,.T.);
#3814 = FACE_BOUND('',#3815,.T.);
#3815 = EDGE_LOOP('',(#3816));
#3816 = ORIENTED_EDGE('',*,*,#3817,.T.);
#3817 = EDGE_CURVE('',#3818,#3818,#3820,.T.);
#3818 = VERTEX_POINT('',#3819);
#3819 = CARTESIAN_POINT('',(62.773839,-10.23522,1.));
#3820 = CIRCLE('',#3821,3.);
#3821 = AXIS2_PLACEMENT_3D('',#3822,#3823,#3824);
#3822 = CARTESIAN_POINT('',(59.773839,-10.23522,1.));
#3823 = DIRECTION('',(0.,0.,-1.));
#3824 = DIRECTION('',(1.,0.,0.));
#3825 = PLANE('',#3826);
#3826 = AXIS2_PLACEMENT_3D('',#3827,#3828,#3829);
#3827 = CARTESIAN_POINT('',(43.297411481481,-13.83223159259,1.));
#3828 = DIRECTION('',(0.,0.,1.));
#3829 = DIRECTION('',(1.,0.,0.));
#3830 = ADVANCED_FACE('',(#3831),#3842,.T.);
#3831 = FACE_BOUND('',#3832,.T.);
#3832 = EDGE_LOOP('',(#3833,#3834,#3840,#3841));
#3833 = ORIENTED_EDGE('',*,*,#2525,.F.);
#3834 = ORIENTED_EDGE('',*,*,#3835,.T.);
#3835 = EDGE_CURVE('',#2526,#2624,#3836,.T.);
#3836 = LINE('',#3837,#3838);
#3837 = CARTESIAN_POINT('',(72.1,-21.,5.));
#3838 = VECTOR('',#3839,1.);
#3839 = DIRECTION('',(0.,1.,-2.2E-16));
#3840 = ORIENTED_EDGE('',*,*,#2623,.F.);
#3841 = ORIENTED_EDGE('',*,*,#2585,.F.);
#3842 = PLANE('',#3843);
#3843 = AXIS2_PLACEMENT_3D('',#3844,#3845,#3846);
#3844 = CARTESIAN_POINT('',(72.1,-16.,3.5));
#3845 = DIRECTION('',(-1.,0.,9.2E-15));
#3846 = DIRECTION('',(-9.2E-15,0.,-1.));
#3847 = ADVANCED_FACE('',(#3848),#3859,.T.);
#3848 = FACE_BOUND('',#3849,.T.);
#3849 = EDGE_LOOP('',(#3850,#3856,#3857,#3858));
#3850 = ORIENTED_EDGE('',*,*,#3851,.T.);
#3851 = EDGE_CURVE('',#2552,#2632,#3852,.T.);
#3852 = LINE('',#3853,#3854);
#3853 = CARTESIAN_POINT('',(72.9,-21.,4.6));
#3854 = VECTOR('',#3855,1.);
#3855 = DIRECTION('',(0.,1.,-2.2E-16));
#3856 = ORIENTED_EDGE('',*,*,#2631,.T.);
#3857 = ORIENTED_EDGE('',*,*,#3835,.F.);
#3858 = ORIENTED_EDGE('',*,*,#2560,.F.);
#3859 = CYLINDRICAL_SURFACE('',#3860,0.8);
#3860 = AXIS2_PLACEMENT_3D('',#3861,#3862,#3863);
#3861 = CARTESIAN_POINT('',(72.203352060516,-21.,4.206704121032));
#3862 = DIRECTION('',(0.,-1.,2.2E-16));
#3863 = DIRECTION('',(1.,0.,0.));
#3864 = ADVANCED_FACE('',(#3865),#3871,.T.);
#3865 = FACE_BOUND('',#3866,.T.);
#3866 = EDGE_LOOP('',(#3867,#3868,#3869,#3870));
#3867 = ORIENTED_EDGE('',*,*,#2601,.T.);
#3868 = ORIENTED_EDGE('',*,*,#2640,.T.);
#3869 = ORIENTED_EDGE('',*,*,#3851,.F.);
#3870 = ORIENTED_EDGE('',*,*,#2551,.F.);
#3871 = CYLINDRICAL_SURFACE('',#3872,0.8);
#3872 = AXIS2_PLACEMENT_3D('',#3873,#3874,#3875);
#3873 = CARTESIAN_POINT('',(72.9,-21.,3.8));
#3874 = DIRECTION('',(0.,-1.,2.2E-16));
#3875 = DIRECTION('',(1.,0.,0.));
#3876 = ADVANCED_FACE('',(#3877),#3916,.T.);
#3877 = FACE_BOUND('',#3878,.T.);
#3878 = EDGE_LOOP('',(#3879,#3880,#3881,#3882,#3883,#3889,#3890,#3891,
    #3892,#3893,#3894,#3895,#3896,#3897,#3898,#3899,#3900,#3901,#3902,
    #3908,#3909,#3910,#3911,#3912,#3913,#3914,#3915));
#3879 = ORIENTED_EDGE('',*,*,#2659,.F.);
#3880 = ORIENTED_EDGE('',*,*,#2752,.F.);
#3881 = ORIENTED_EDGE('',*,*,#2801,.F.);
#3882 = ORIENTED_EDGE('',*,*,#2850,.F.);
#3883 = ORIENTED_EDGE('',*,*,#3884,.F.);
#3884 = EDGE_CURVE('',#2957,#2851,#3885,.T.);
#3885 = LINE('',#3886,#3887);
#3886 = CARTESIAN_POINT('',(72.9,-9.2,3.));
#3887 = VECTOR('',#3888,1.);
#3888 = DIRECTION('',(-1.,0.,0.));
#3889 = ORIENTED_EDGE('',*,*,#2956,.T.);
#3890 = ORIENTED_EDGE('',*,*,#3022,.F.);
#3891 = ORIENTED_EDGE('',*,*,#3062,.T.);
#3892 = ORIENTED_EDGE('',*,*,#3129,.F.);
#3893 = ORIENTED_EDGE('',*,*,#3168,.F.);
#3894 = ORIENTED_EDGE('',*,*,#3228,.T.);
#3895 = ORIENTED_EDGE('',*,*,#3278,.T.);
#3896 = ORIENTED_EDGE('',*,*,#3324,.T.);
#3897 = ORIENTED_EDGE('',*,*,#3376,.F.);
#3898 = ORIENTED_EDGE('',*,*,#3349,.F.);
#3899 = ORIENTED_EDGE('',*,*,#3302,.F.);
#3900 = ORIENTED_EDGE('',*,*,#3251,.F.);
#3901 = ORIENTED_EDGE('',*,*,#3203,.T.);
#3902 = ORIENTED_EDGE('',*,*,#3903,.F.);
#3903 = EDGE_CURVE('',#3098,#3204,#3904,.T.);
#3904 = LINE('',#3905,#3906);
#3905 = CARTESIAN_POINT('',(1.9,-9.2,3.));
#3906 = VECTOR('',#3907,1.);
#3907 = DIRECTION('',(-1.,0.,0.));
#3908 = ORIENTED_EDGE('',*,*,#3097,.F.);
#3909 = ORIENTED_EDGE('',*,*,#3037,.T.);
#3910 = ORIENTED_EDGE('',*,*,#2989,.F.);
#3911 = ORIENTED_EDGE('',*,*,#2931,.T.);
#3912 = ORIENTED_EDGE('',*,*,#2883,.F.);
#3913 = ORIENTED_EDGE('',*,*,#2825,.T.);
#3914 = ORIENTED_EDGE('',*,*,#2779,.F.);
#3915 = ORIENTED_EDGE('',*,*,#2692,.F.);
#3916 = PLANE('',#3917);
#3917 = AXIS2_PLACEMENT_3D('',#3918,#3919,#3920);
#3918 = CARTESIAN_POINT('',(37.106218410897,-16.,3.));
#3919 = DIRECTION('',(0.,0.,1.));
#3920 = DIRECTION('',(1.,0.,0.));
#3921 = ADVANCED_FACE('',(#3922),#3928,.T.);
#3922 = FACE_BOUND('',#3923,.T.);
#3923 = EDGE_LOOP('',(#3924,#3925,#3926,#3927));
#3924 = ORIENTED_EDGE('',*,*,#2974,.T.);
#3925 = ORIENTED_EDGE('',*,*,#3884,.T.);
#3926 = ORIENTED_EDGE('',*,*,#2868,.F.);
#3927 = ORIENTED_EDGE('',*,*,#2917,.F.);
#3928 = CYLINDRICAL_SURFACE('',#3929,0.8);
#3929 = AXIS2_PLACEMENT_3D('',#3930,#3931,#3932);
#3930 = CARTESIAN_POINT('',(72.9,-9.2,2.2));
#3931 = DIRECTION('',(-1.,0.,0.));
#3932 = DIRECTION('',(0.,-1.,0.));
#3933 = ADVANCED_FACE('',(#3934),#3940,.T.);
#3934 = FACE_BOUND('',#3935,.F.);
#3935 = EDGE_LOOP('',(#3936,#3937,#3938,#3939));
#3936 = ORIENTED_EDGE('',*,*,#3105,.T.);
#3937 = ORIENTED_EDGE('',*,*,#3154,.T.);
#3938 = ORIENTED_EDGE('',*,*,#3211,.F.);
#3939 = ORIENTED_EDGE('',*,*,#3903,.F.);
#3940 = CYLINDRICAL_SURFACE('',#3941,0.8);
#3941 = AXIS2_PLACEMENT_3D('',#3942,#3943,#3944);
#3942 = CARTESIAN_POINT('',(1.9,-9.2,2.2));
#3943 = DIRECTION('',(-1.,0.,0.));
#3944 = DIRECTION('',(0.,0.,1.));
#3945 = ADVANCED_FACE('',(#3946),#3957,.F.);
#3946 = FACE_BOUND('',#3947,.T.);
#3947 = EDGE_LOOP('',(#3948,#3949,#3950,#3956));
#3948 = ORIENTED_EDGE('',*,*,#3652,.F.);
#3949 = ORIENTED_EDGE('',*,*,#3610,.F.);
#3950 = ORIENTED_EDGE('',*,*,#3951,.T.);
#3951 = EDGE_CURVE('',#3611,#3517,#3952,.T.);
#3952 = LINE('',#3953,#3954);
#3953 = CARTESIAN_POINT('',(27.465678,-27.56629,2.));
#3954 = VECTOR('',#3955,1.);
#3955 = DIRECTION('',(0.,0.,1.));
#3956 = ORIENTED_EDGE('',*,*,#3516,.F.);
#3957 = CYLINDRICAL_SURFACE('',#3958,0.999);
#3958 = AXIS2_PLACEMENT_3D('',#3959,#3960,#3961);
#3959 = CARTESIAN_POINT('',(28.464678,-27.56629,2.));
#3960 = DIRECTION('',(0.,0.,1.));
#3961 = DIRECTION('',(0.,-1.,0.));
#3962 = ADVANCED_FACE('',(#3963),#3974,.T.);
#3963 = FACE_BOUND('',#3964,.T.);
#3964 = EDGE_LOOP('',(#3965,#3966,#3967,#3973));
#3965 = ORIENTED_EDGE('',*,*,#3951,.F.);
#3966 = ORIENTED_EDGE('',*,*,#3619,.F.);
#3967 = ORIENTED_EDGE('',*,*,#3968,.T.);
#3968 = EDGE_CURVE('',#3620,#3526,#3969,.T.);
#3969 = LINE('',#3970,#3971);
#3970 = CARTESIAN_POINT('',(27.465678,-7.56429,2.));
#3971 = VECTOR('',#3972,1.);
#3972 = DIRECTION('',(0.,0.,1.));
#3973 = ORIENTED_EDGE('',*,*,#3525,.F.);
#3974 = PLANE('',#3975);
#3975 = AXIS2_PLACEMENT_3D('',#3976,#3977,#3978);
#3976 = CARTESIAN_POINT('',(27.465678,-17.56529,2.076923076923));
#3977 = DIRECTION('',(1.,0.,-8.9E-16));
#3978 = DIRECTION('',(8.9E-16,0.,1.));
#3979 = ADVANCED_FACE('',(#3980),#3986,.F.);
#3980 = FACE_BOUND('',#3981,.F.);
#3981 = EDGE_LOOP('',(#3982,#3983,#3984,#3985));
#3982 = ORIENTED_EDGE('',*,*,#3698,.F.);
#3983 = ORIENTED_EDGE('',*,*,#3627,.T.);
#3984 = ORIENTED_EDGE('',*,*,#3968,.T.);
#3985 = ORIENTED_EDGE('',*,*,#3533,.F.);
#3986 = CYLINDRICAL_SURFACE('',#3987,0.999);
#3987 = AXIS2_PLACEMENT_3D('',#3988,#3989,#3990);
#3988 = CARTESIAN_POINT('',(28.464678,-7.56429,2.));
#3989 = DIRECTION('',(0.,0.,1.));
#3990 = DIRECTION('',(0.,1.,0.));
#3991 = ADVANCED_FACE('',(#3992),#4003,.F.);
#3992 = FACE_BOUND('',#3993,.T.);
#3993 = EDGE_LOOP('',(#3994,#3995,#4001,#4002));
#3994 = ORIENTED_EDGE('',*,*,#3735,.F.);
#3995 = ORIENTED_EDGE('',*,*,#3996,.T.);
#3996 = EDGE_CURVE('',#3736,#3798,#3997,.T.);
#3997 = LINE('',#3998,#3999);
#3998 = CARTESIAN_POINT('',(70.014618,-16.714499,0.));
#3999 = VECTOR('',#4000,1.);
#4000 = DIRECTION('',(0.,0.,1.));
#4001 = ORIENTED_EDGE('',*,*,#3797,.F.);
#4002 = ORIENTED_EDGE('',*,*,#3996,.F.);
#4003 = CYLINDRICAL_SURFACE('',#4004,3.);
#4004 = AXIS2_PLACEMENT_3D('',#4005,#4006,#4007);
#4005 = CARTESIAN_POINT('',(67.014618,-16.714499,0.));
#4006 = DIRECTION('',(-0.,-0.,-1.));
#4007 = DIRECTION('',(1.,0.,0.));
#4008 = ADVANCED_FACE('',(#4009),#4020,.F.);
#4009 = FACE_BOUND('',#4010,.T.);
#4010 = EDGE_LOOP('',(#4011,#4012,#4018,#4019));
#4011 = ORIENTED_EDGE('',*,*,#3746,.F.);
#4012 = ORIENTED_EDGE('',*,*,#4013,.T.);
#4013 = EDGE_CURVE('',#3747,#3818,#4014,.T.);
#4014 = LINE('',#4015,#4016);
#4015 = CARTESIAN_POINT('',(62.773839,-10.23522,0.));
#4016 = VECTOR('',#4017,1.);
#4017 = DIRECTION('',(0.,0.,1.));
#4018 = ORIENTED_EDGE('',*,*,#3817,.F.);
#4019 = ORIENTED_EDGE('',*,*,#4013,.F.);
#4020 = CYLINDRICAL_SURFACE('',#4021,3.);
#4021 = AXIS2_PLACEMENT_3D('',#4022,#4023,#4024);
#4022 = CARTESIAN_POINT('',(59.773839,-10.23522,0.));
#4023 = DIRECTION('',(-0.,-0.,-1.));
#4024 = DIRECTION('',(1.,0.,0.));
#4025 = ADVANCED_FACE('',(#4026),#4037,.F.);
#4026 = FACE_BOUND('',#4027,.T.);
#4027 = EDGE_LOOP('',(#4028,#4029,#4035,#4036));
#4028 = ORIENTED_EDGE('',*,*,#3757,.F.);
#4029 = ORIENTED_EDGE('',*,*,#4030,.T.);
#4030 = EDGE_CURVE('',#3758,#3778,#4031,.T.);
#4031 = LINE('',#4032,#4033);
#4032 = CARTESIAN_POINT('',(18.565682,-14.352047,0.));
#4033 = VECTOR('',#4034,1.);
#4034 = DIRECTION('',(0.,0.,1.));
#4035 = ORIENTED_EDGE('',*,*,#3777,.F.);
#4036 = ORIENTED_EDGE('',*,*,#4030,.F.);
#4037 = CYLINDRICAL_SURFACE('',#4038,4.5);
#4038 = AXIS2_PLACEMENT_3D('',#4039,#4040,#4041);
#4039 = CARTESIAN_POINT('',(14.065682,-14.352047,0.));
#4040 = DIRECTION('',(-0.,-0.,-1.));
#4041 = DIRECTION('',(1.,0.,0.));
#4042 = ( GEOMETRIC_REPRESENTATION_CONTEXT(3) 
GLOBAL_UNCERTAINTY_ASSIGNED_CONTEXT((#4046)) 
GLOBAL_UNIT_ASSIGNED_CONTEXT((#4043,#4044,#4045)) REPRESENTATION_CONTEXT
('Context #1','3D Context with UNIT and UNCERTAINTY') );
#4043 = ( LENGTH_UNIT() NAMED_UNIT(*) SI_UNIT(.MILLI.,.METRE.) );
#4044 = ( NAMED_UNIT(*) PLANE_ANGLE_UNIT() SI_UNIT($,.RADIAN.) );
#4045 = ( NAMED_UNIT(*) SI_UNIT($,.STERADIAN.) SOLID_ANGLE_UNIT() );
#4046 = UNCERTAINTY_MEASURE_WITH_UNIT(LENGTH_MEASURE(2.E-06),#4043,
  'distance_accuracy_value','confusion accuracy');
#4047 = PRODUCT_RELATED_PRODUCT_CATEGORY('part',$,(#7));
#4048 = MECHANICAL_DESIGN_GEOMETRIC_PRESENTATION_REPRESENTATION('',(
    #4049),#4042);
#4049 = STYLED_ITEM('color',(#4050),#15);
#4050 = PRESENTATION_STYLE_ASSIGNMENT((#4051,#4057));
#4051 = SURFACE_STYLE_USAGE(.BOTH.,#4052);
#4052 = SURFACE_SIDE_STYLE('',(#4053));
#4053 = SURFACE_STYLE_FILL_AREA(#4054);
#4054 = FILL_AREA_STYLE('',(#4055));
#4055 = FILL_AREA_STYLE_COLOUR('',#4056);
#4056 = COLOUR_RGB('',0.447058818107,0.474509808674,0.501960817233);
#4057 = CURVE_STYLE('',#4058,POSITIVE_LENGTH_MEASURE(0.1),#4059);
#4058 = DRAUGHTING_PRE_DEFINED_CURVE_FONT('continuous');
#4059 = COLOUR_RGB('',9.803921802644E-02,9.803921802644E-02,
  9.803921802644E-02);
ENDSEC;
END-ISO-10303-21;
