ISO-10303-21;
HEADER;
FILE_DESCRIPTION(('FreeCAD Model'),'2;1');
FILE_NAME('Open CASCADE Shape Model','2026-04-25T23:17:45',(''),(''),
  'Open CASCADE STEP processor 7.8','FreeCAD','Unknown');
FILE_SCHEMA(('AUTOMOTIVE_DESIGN { 1 0 10303 214 1 1 1 1 }'));
ENDSEC;
DATA;
#1 = APPLICATION_PROTOCOL_DEFINITION('international standard',
  'automotive_design',2000,#2);
#2 = APPLICATION_CONTEXT(
  'core data for automotive mechanical design processes');
#3 = SHAPE_DEFINITION_REPRESENTATION(#4,#10);
#4 = PRODUCT_DEFINITION_SHAPE('','',#5);
#5 = PRODUCT_DEFINITION('design','',#6,#9);
#6 = PRODUCT_DEFINITION_FORMATION('','',#7);
#7 = PRODUCT('box','box','',(#8));
#8 = PRODUCT_CONTEXT('',#2,'mechanical');
#9 = PRODUCT_DEFINITION_CONTEXT('part definition',#2,'design');
#10 = ADVANCED_BREP_SHAPE_REPRESENTATION('',(#11,#15),#6622);
#11 = AXIS2_PLACEMENT_3D('',#12,#13,#14);
#12 = CARTESIAN_POINT('',(0.,0.,0.));
#13 = DIRECTION('',(0.,0.,1.));
#14 = DIRECTION('',(1.,0.,-0.));
#15 = MANIFOLD_SOLID_BREP('',#16);
#16 = CLOSED_SHELL('',(#17,#68,#93,#126,#373,#620,#637,#686,#703,#1179,
    #1196,#1221,#1270,#1340,#1365,#1399,#1423,#1447,#1472,#1530,#1588,
    #1612,#1637,#1671,#1695,#1774,#1799,#1824,#1879,#1985,#1997,#2014,
    #2031,#2048,#2331,#2349,#2374,#2399,#2423,#2447,#2472,#2530,#2588,
    #2612,#2637,#2655,#2679,#2697,#2715,#2815,#2826,#2837,#2859,#2876,
    #2893,#2910,#2927,#2944,#2961,#2973,#2998,#3023,#3048,#3080,#3104,
    #3128,#3153,#3177,#3201,#3225,#3242,#3267,#3298,#3322,#3346,#3363,
    #3395,#3419,#3443,#3468,#3492,#3516,#3540,#3557,#3589,#3613,#3637,
    #3662,#3687,#3711,#3735,#3753,#3785,#3809,#3833,#3858,#3882,#3906,
    #3930,#3947,#4002,#4026,#4074,#4127,#4151,#4200,#4219,#4233,#4272,
    #4296,#4328,#4345,#4384,#4408,#4432,#4457,#4474,#4485,#4496,#4513,
    #4560,#4584,#4624,#4641,#4688,#4712,#4752,#4769,#4786,#4818,#4842,
    #4866,#4891,#4916,#4940,#4964,#4982,#5015,#5039,#5063,#5088,#5113,
    #5137,#5161,#5186,#5211,#5228,#5245,#5262,#5279,#5318,#5342,#5374,
    #5391,#5430,#5454,#5486,#5503,#5589,#5620,#5644,#5668,#5685,#5868,
    #5890,#5907,#5924,#5941,#5958,#5975,#5992,#6004,#6021,#6038,#6050,
    #6067,#6084,#6096,#6113,#6125,#6142,#6154,#6171,#6188,#6200,#6217,
    #6234,#6246,#6268,#6285,#6302,#6319,#6336,#6353,#6370,#6382,#6404,
    #6421,#6438,#6455,#6472,#6489,#6506,#6523,#6540,#6552,#6569,#6581,
    #6598,#6610));
#17 = ADVANCED_FACE('',(#18,#29),#63,.F.);
#18 = FACE_BOUND('',#19,.F.);
#19 = EDGE_LOOP('',(#20));
#20 = ORIENTED_EDGE('',*,*,#21,.T.);
#21 = EDGE_CURVE('',#22,#22,#24,.T.);
#22 = VERTEX_POINT('',#23);
#23 = CARTESIAN_POINT('',(-2.,-11.7,14.45));
#24 = CIRCLE('',#25,1.1);
#25 = AXIS2_PLACEMENT_3D('',#26,#27,#28);
#26 = CARTESIAN_POINT('',(-2.,-11.7,15.55));
#27 = DIRECTION('',(-1.,1.78E-15,8.9E-16));
#28 = DIRECTION('',(-8.9E-16,1.357E-14,-1.));
#29 = FACE_BOUND('',#30,.F.);
#30 = EDGE_LOOP('',(#31,#41,#49,#57));
#31 = ORIENTED_EDGE('',*,*,#32,.T.);
#32 = EDGE_CURVE('',#33,#35,#37,.T.);
#33 = VERTEX_POINT('',#34);
#34 = CARTESIAN_POINT('',(-2.,-3.,-1.24344978758E-14));
#35 = VERTEX_POINT('',#36);
#36 = CARTESIAN_POINT('',(-2.,-3.,36.));
#37 = LINE('',#38,#39);
#38 = CARTESIAN_POINT('',(-2.,-3.,-6.217248937901E-15));
#39 = VECTOR('',#40,1.);
#40 = DIRECTION('',(-1.7E-16,-2.11E-15,1.));
#41 = ORIENTED_EDGE('',*,*,#42,.T.);
#42 = EDGE_CURVE('',#35,#43,#45,.T.);
#43 = VERTEX_POINT('',#44);
#44 = CARTESIAN_POINT('',(-2.,-29.,36.));
#45 = LINE('',#46,#47);
#46 = CARTESIAN_POINT('',(-2.,-3.,36.));
#47 = VECTOR('',#48,1.);
#48 = DIRECTION('',(-8.9E-16,-1.,-1.89E-15));
#49 = ORIENTED_EDGE('',*,*,#50,.F.);
#50 = EDGE_CURVE('',#51,#43,#53,.T.);
#51 = VERTEX_POINT('',#52);
#52 = CARTESIAN_POINT('',(-2.,-29.,-3.552713678801E-15));
#53 = LINE('',#54,#55);
#54 = CARTESIAN_POINT('',(-2.,-29.,-5.595524044111E-14));
#55 = VECTOR('',#56,1.);
#56 = DIRECTION('',(-1.7E-16,-2.11E-15,1.));
#57 = ORIENTED_EDGE('',*,*,#58,.F.);
#58 = EDGE_CURVE('',#33,#51,#59,.T.);
#59 = LINE('',#60,#61);
#60 = CARTESIAN_POINT('',(-2.,-3.,-6.217248937901E-15));
#61 = VECTOR('',#62,1.);
#62 = DIRECTION('',(-8.9E-16,-1.,-1.89E-15));
#63 = PLANE('',#64);
#64 = AXIS2_PLACEMENT_3D('',#65,#66,#67);
#65 = CARTESIAN_POINT('',(-2.,-3.,-6.217248937901E-15));
#66 = DIRECTION('',(1.,-1.33E-15,-5.E-16));
#67 = DIRECTION('',(-1.33E-15,-1.,-1.89E-15));
#68 = ADVANCED_FACE('',(#69),#88,.F.);
#69 = FACE_BOUND('',#70,.T.);
#70 = EDGE_LOOP('',(#71,#79,#80,#81));
#71 = ORIENTED_EDGE('',*,*,#72,.F.);
#72 = EDGE_CURVE('',#22,#73,#75,.T.);
#73 = VERTEX_POINT('',#74);
#74 = CARTESIAN_POINT('',(2.,-11.7,14.85));
#75 = LINE('',#76,#77);
#76 = CARTESIAN_POINT('',(2.,-11.7,14.85));
#77 = VECTOR('',#78,1.);
#78 = DIRECTION('',(0.99503719021,-2.87E-15,9.9503719021E-02));
#79 = ORIENTED_EDGE('',*,*,#21,.T.);
#80 = ORIENTED_EDGE('',*,*,#72,.T.);
#81 = ORIENTED_EDGE('',*,*,#82,.F.);
#82 = EDGE_CURVE('',#73,#73,#83,.T.);
#83 = CIRCLE('',#84,0.7);
#84 = AXIS2_PLACEMENT_3D('',#85,#86,#87);
#85 = CARTESIAN_POINT('',(2.,-11.7,15.55));
#86 = DIRECTION('',(-1.,1.78E-15,8.9E-16));
#87 = DIRECTION('',(-8.9E-16,1.357E-14,-1.));
#88 = CONICAL_SURFACE('',#89,0.7,9.966865249116E-02);
#89 = AXIS2_PLACEMENT_3D('',#90,#91,#92);
#90 = CARTESIAN_POINT('',(2.,-11.7,15.55));
#91 = DIRECTION('',(-1.,1.78E-15,8.9E-16));
#92 = DIRECTION('',(-8.9E-16,1.357E-14,-1.));
#93 = ADVANCED_FACE('',(#94),#121,.T.);
#94 = FACE_BOUND('',#95,.F.);
#95 = EDGE_LOOP('',(#96,#106,#113,#114));
#96 = ORIENTED_EDGE('',*,*,#97,.T.);
#97 = EDGE_CURVE('',#98,#100,#102,.T.);
#98 = VERTEX_POINT('',#99);
#99 = CARTESIAN_POINT('',(3.,2.,-1.59872115546E-14));
#100 = VERTEX_POINT('',#101);
#101 = CARTESIAN_POINT('',(3.,2.,36.));
#102 = LINE('',#103,#104);
#103 = CARTESIAN_POINT('',(3.,2.,8.881784197001E-16));
#104 = VECTOR('',#105,1.);
#105 = DIRECTION('',(-1.7E-16,-2.11E-15,1.));
#106 = ORIENTED_EDGE('',*,*,#107,.T.);
#107 = EDGE_CURVE('',#100,#35,#108,.T.);
#108 = CIRCLE('',#109,5.);
#109 = AXIS2_PLACEMENT_3D('',#110,#111,#112);
#110 = CARTESIAN_POINT('',(3.,-3.,36.));
#111 = DIRECTION('',(5.E-16,-1.89E-15,1.));
#112 = DIRECTION('',(1.,-1.33E-15,-5.E-16));
#113 = ORIENTED_EDGE('',*,*,#32,.F.);
#114 = ORIENTED_EDGE('',*,*,#115,.F.);
#115 = EDGE_CURVE('',#98,#33,#116,.T.);
#116 = CIRCLE('',#117,5.);
#117 = AXIS2_PLACEMENT_3D('',#118,#119,#120);
#118 = CARTESIAN_POINT('',(3.,-3.,-8.881784197001E-15));
#119 = DIRECTION('',(5.E-16,-1.89E-15,1.));
#120 = DIRECTION('',(1.,-1.33E-15,-5.E-16));
#121 = CYLINDRICAL_SURFACE('',#122,5.);
#122 = AXIS2_PLACEMENT_3D('',#123,#124,#125);
#123 = CARTESIAN_POINT('',(3.,-3.,-8.881784197001E-15));
#124 = DIRECTION('',(1.7E-16,2.11E-15,-1.));
#125 = DIRECTION('',(1.,-1.33E-15,1.7E-16));
#126 = ADVANCED_FACE('',(#127,#315),#368,.T.);
#127 = FACE_BOUND('',#128,.T.);
#128 = EDGE_LOOP('',(#129,#139,#148,#156,#165,#173,#181,#189,#198,#206,
    #215,#223,#232,#240,#249,#257,#266,#274,#283,#291,#300,#308));
#129 = ORIENTED_EDGE('',*,*,#130,.T.);
#130 = EDGE_CURVE('',#131,#133,#135,.T.);
#131 = VERTEX_POINT('',#132);
#132 = CARTESIAN_POINT('',(7.,-32.,-7.105427357601E-15));
#133 = VERTEX_POINT('',#134);
#134 = CARTESIAN_POINT('',(71.,-32.,-3.907985046681E-14));
#135 = LINE('',#136,#137);
#136 = CARTESIAN_POINT('',(3.,-32.,-6.394884621841E-14));
#137 = VECTOR('',#138,1.);
#138 = DIRECTION('',(1.,-1.33E-15,-5.E-16));
#139 = ORIENTED_EDGE('',*,*,#140,.T.);
#140 = EDGE_CURVE('',#133,#141,#143,.T.);
#141 = VERTEX_POINT('',#142);
#142 = CARTESIAN_POINT('',(71.4,-31.97321374946,-3.907985046681E-14));
#143 = CIRCLE('',#144,3.);
#144 = AXIS2_PLACEMENT_3D('',#145,#146,#147);
#145 = CARTESIAN_POINT('',(71.,-29.,-9.237055564881E-14));
#146 = DIRECTION('',(5.E-16,-1.89E-15,1.));
#147 = DIRECTION('',(1.,-1.33E-15,-5.E-16));
#148 = ORIENTED_EDGE('',*,*,#149,.F.);
#149 = EDGE_CURVE('',#150,#141,#152,.T.);
#150 = VERTEX_POINT('',#151);
#151 = CARTESIAN_POINT('',(71.4,-26.,-4.174438572591E-14));
#152 = LINE('',#153,#154);
#153 = CARTESIAN_POINT('',(71.4,-25.,-8.437694987151E-14));
#154 = VECTOR('',#155,1.);
#155 = DIRECTION('',(-8.9E-16,-1.,-1.89E-15));
#156 = ORIENTED_EDGE('',*,*,#157,.T.);
#157 = EDGE_CURVE('',#150,#158,#160,.T.);
#158 = VERTEX_POINT('',#159);
#159 = CARTESIAN_POINT('',(72.4,-25.,-4.174438572591E-14));
#160 = CIRCLE('',#161,1.);
#161 = AXIS2_PLACEMENT_3D('',#162,#163,#164);
#162 = CARTESIAN_POINT('',(72.4,-26.,-8.704148513061E-14));
#163 = DIRECTION('',(-5.E-16,1.89E-15,-1.));
#164 = DIRECTION('',(8.9E-16,1.,1.89E-15));
#165 = ORIENTED_EDGE('',*,*,#166,.F.);
#166 = EDGE_CURVE('',#167,#158,#169,.T.);
#167 = VERTEX_POINT('',#168);
#168 = CARTESIAN_POINT('',(73.,-25.,-4.263256414561E-14));
#169 = LINE('',#170,#171);
#170 = CARTESIAN_POINT('',(73.,-25.,-8.526512829121E-14));
#171 = VECTOR('',#172,1.);
#172 = DIRECTION('',(-1.,1.33E-15,5.E-16));
#173 = ORIENTED_EDGE('',*,*,#174,.F.);
#174 = EDGE_CURVE('',#175,#167,#177,.T.);
#175 = VERTEX_POINT('',#176);
#176 = CARTESIAN_POINT('',(73.,-7.,-4.796163466381E-14));
#177 = LINE('',#178,#179);
#178 = CARTESIAN_POINT('',(73.,-0.5,-3.907985046681E-14));
#179 = VECTOR('',#180,1.);
#180 = DIRECTION('',(-8.9E-16,-1.,-1.89E-15));
#181 = ORIENTED_EDGE('',*,*,#182,.F.);
#182 = EDGE_CURVE('',#183,#175,#185,.T.);
#183 = VERTEX_POINT('',#184);
#184 = CARTESIAN_POINT('',(72.4,-7.,-4.796163466381E-14));
#185 = LINE('',#186,#187);
#186 = CARTESIAN_POINT('',(71.4,-7.,-5.062616992291E-14));
#187 = VECTOR('',#188,1.);
#188 = DIRECTION('',(1.,-1.33E-15,-5.E-16));
#189 = ORIENTED_EDGE('',*,*,#190,.F.);
#190 = EDGE_CURVE('',#191,#183,#193,.T.);
#191 = VERTEX_POINT('',#192);
#192 = CARTESIAN_POINT('',(71.4,-6.,-4.796163466381E-14));
#193 = CIRCLE('',#194,1.);
#194 = AXIS2_PLACEMENT_3D('',#195,#196,#197);
#195 = CARTESIAN_POINT('',(72.4,-6.,-4.884981308351E-14));
#196 = DIRECTION('',(5.E-16,-1.89E-15,1.));
#197 = DIRECTION('',(8.9E-16,1.,1.89E-15));
#198 = ORIENTED_EDGE('',*,*,#199,.F.);
#199 = EDGE_CURVE('',#200,#191,#202,.T.);
#200 = VERTEX_POINT('',#201);
#201 = CARTESIAN_POINT('',(71.4,-2.678625053643E-02,-4.973799150321E-14)
  );
#202 = LINE('',#203,#204);
#203 = CARTESIAN_POINT('',(71.4,-7.589E-14,-3.730349362741E-14));
#204 = VECTOR('',#205,1.);
#205 = DIRECTION('',(-8.9E-16,-1.,-1.89E-15));
#206 = ORIENTED_EDGE('',*,*,#207,.T.);
#207 = EDGE_CURVE('',#200,#208,#210,.T.);
#208 = VERTEX_POINT('',#209);
#209 = CARTESIAN_POINT('',(71.,-1.41E-13,-4.973799150321E-14));
#210 = CIRCLE('',#211,3.);
#211 = AXIS2_PLACEMENT_3D('',#212,#213,#214);
#212 = CARTESIAN_POINT('',(71.,-3.,-4.263256414561E-14));
#213 = DIRECTION('',(5.E-16,-1.89E-15,1.));
#214 = DIRECTION('',(1.,-1.33E-15,-5.E-16));
#215 = ORIENTED_EDGE('',*,*,#216,.T.);
#216 = EDGE_CURVE('',#208,#217,#219,.T.);
#217 = VERTEX_POINT('',#218);
#218 = CARTESIAN_POINT('',(7.,1.E-15,-1.7763568394E-14));
#219 = LINE('',#220,#221);
#220 = CARTESIAN_POINT('',(71.,-7.58E-14,-3.730349362741E-14));
#221 = VECTOR('',#222,1.);
#222 = DIRECTION('',(-1.,1.33E-15,5.E-16));
#223 = ORIENTED_EDGE('',*,*,#224,.F.);
#224 = EDGE_CURVE('',#225,#217,#227,.T.);
#225 = VERTEX_POINT('',#226);
#226 = CARTESIAN_POINT('',(5.6,-1.4,-1.59872115546E-14));
#227 = CIRCLE('',#228,1.4);
#228 = AXIS2_PLACEMENT_3D('',#229,#230,#231);
#229 = CARTESIAN_POINT('',(7.,-1.4,-7.993605777301E-15));
#230 = DIRECTION('',(-5.E-16,1.89E-15,-1.));
#231 = DIRECTION('',(8.9E-16,1.,1.89E-15));
#232 = ORIENTED_EDGE('',*,*,#233,.F.);
#233 = EDGE_CURVE('',#234,#225,#236,.T.);
#234 = VERTEX_POINT('',#235);
#235 = CARTESIAN_POINT('',(5.6,-5.6,-1.50990331349E-14));
#236 = LINE('',#237,#238);
#237 = CARTESIAN_POINT('',(5.6,-7.,-1.7763568394E-14));
#238 = VECTOR('',#239,1.);
#239 = DIRECTION('',(8.9E-16,1.,1.89E-15));
#240 = ORIENTED_EDGE('',*,*,#241,.T.);
#241 = EDGE_CURVE('',#234,#242,#244,.T.);
#242 = VERTEX_POINT('',#243);
#243 = CARTESIAN_POINT('',(4.2,-7.,-1.33226762955E-14));
#244 = CIRCLE('',#245,1.4);
#245 = AXIS2_PLACEMENT_3D('',#246,#247,#248);
#246 = CARTESIAN_POINT('',(4.2,-5.6,-1.42108547152E-14));
#247 = DIRECTION('',(-5.E-16,1.89E-15,-1.));
#248 = DIRECTION('',(8.9E-16,1.,1.89E-15));
#249 = ORIENTED_EDGE('',*,*,#250,.F.);
#250 = EDGE_CURVE('',#251,#242,#253,.T.);
#251 = VERTEX_POINT('',#252);
#252 = CARTESIAN_POINT('',(3.,-7.,-1.33226762955E-14));
#253 = LINE('',#254,#255);
#254 = CARTESIAN_POINT('',(1.,-7.,-1.59872115546E-14));
#255 = VECTOR('',#256,1.);
#256 = DIRECTION('',(1.,-1.33E-15,-5.E-16));
#257 = ORIENTED_EDGE('',*,*,#258,.F.);
#258 = EDGE_CURVE('',#259,#251,#261,.T.);
#259 = VERTEX_POINT('',#260);
#260 = CARTESIAN_POINT('',(1.,-9.,-1.15463194561E-14));
#261 = CIRCLE('',#262,2.);
#262 = AXIS2_PLACEMENT_3D('',#263,#264,#265);
#263 = CARTESIAN_POINT('',(3.,-9.,-1.95399252334E-14));
#264 = DIRECTION('',(-5.E-16,1.89E-15,-1.));
#265 = DIRECTION('',(8.9E-16,1.,1.89E-15));
#266 = ORIENTED_EDGE('',*,*,#267,.F.);
#267 = EDGE_CURVE('',#268,#259,#270,.T.);
#268 = VERTEX_POINT('',#269);
#269 = CARTESIAN_POINT('',(1.,-23.,-7.105427357601E-15));
#270 = LINE('',#271,#272);
#271 = CARTESIAN_POINT('',(1.,-31.5,-6.128431095931E-14));
#272 = VECTOR('',#273,1.);
#273 = DIRECTION('',(8.9E-16,1.,1.89E-15));
#274 = ORIENTED_EDGE('',*,*,#275,.T.);
#275 = EDGE_CURVE('',#268,#276,#278,.T.);
#276 = VERTEX_POINT('',#277);
#277 = CARTESIAN_POINT('',(3.,-25.,-7.105427357601E-15));
#278 = CIRCLE('',#279,2.);
#279 = AXIS2_PLACEMENT_3D('',#280,#281,#282);
#280 = CARTESIAN_POINT('',(3.,-23.,-4.707345624411E-14));
#281 = DIRECTION('',(5.E-16,-1.89E-15,1.));
#282 = DIRECTION('',(8.9E-16,1.,1.89E-15));
#283 = ORIENTED_EDGE('',*,*,#284,.F.);
#284 = EDGE_CURVE('',#285,#276,#287,.T.);
#285 = VERTEX_POINT('',#286);
#286 = CARTESIAN_POINT('',(4.2,-25.,-7.993605777301E-15));
#287 = LINE('',#288,#289);
#288 = CARTESIAN_POINT('',(5.6,-25.,-5.151434834261E-14));
#289 = VECTOR('',#290,1.);
#290 = DIRECTION('',(-1.,1.33E-15,5.E-16));
#291 = ORIENTED_EDGE('',*,*,#292,.F.);
#292 = EDGE_CURVE('',#293,#285,#295,.T.);
#293 = VERTEX_POINT('',#294);
#294 = CARTESIAN_POINT('',(5.6,-26.4,-7.993605777301E-15));
#295 = CIRCLE('',#296,1.4);
#296 = AXIS2_PLACEMENT_3D('',#297,#298,#299);
#297 = CARTESIAN_POINT('',(4.2,-26.4,-5.329070518201E-14));
#298 = DIRECTION('',(5.E-16,-1.89E-15,1.));
#299 = DIRECTION('',(8.9E-16,1.,1.89E-15));
#300 = ORIENTED_EDGE('',*,*,#301,.F.);
#301 = EDGE_CURVE('',#302,#293,#304,.T.);
#302 = VERTEX_POINT('',#303);
#303 = CARTESIAN_POINT('',(5.6,-30.6,-6.217248937901E-15));
#304 = LINE('',#305,#306);
#305 = CARTESIAN_POINT('',(5.6,-32.,-6.483702463811E-14));
#306 = VECTOR('',#307,1.);
#307 = DIRECTION('',(8.9E-16,1.,1.89E-15));
#308 = ORIENTED_EDGE('',*,*,#309,.T.);
#309 = EDGE_CURVE('',#302,#131,#310,.T.);
#310 = CIRCLE('',#311,1.4);
#311 = AXIS2_PLACEMENT_3D('',#312,#313,#314);
#312 = CARTESIAN_POINT('',(7.,-30.6,-6.306066779871E-14));
#313 = DIRECTION('',(5.E-16,-1.89E-15,1.));
#314 = DIRECTION('',(8.9E-16,1.,1.89E-15));
#315 = FACE_BOUND('',#316,.T.);
#316 = EDGE_LOOP('',(#317,#318,#319,#327,#336,#344,#353,#361));
#317 = ORIENTED_EDGE('',*,*,#58,.F.);
#318 = ORIENTED_EDGE('',*,*,#115,.F.);
#319 = ORIENTED_EDGE('',*,*,#320,.F.);
#320 = EDGE_CURVE('',#321,#98,#323,.T.);
#321 = VERTEX_POINT('',#322);
#322 = CARTESIAN_POINT('',(71.,2.,-4.973799150321E-14));
#323 = LINE('',#324,#325);
#324 = CARTESIAN_POINT('',(71.,2.,-3.28626015289E-14));
#325 = VECTOR('',#326,1.);
#326 = DIRECTION('',(-1.,1.41E-15,5.E-16));
#327 = ORIENTED_EDGE('',*,*,#328,.F.);
#328 = EDGE_CURVE('',#329,#321,#331,.T.);
#329 = VERTEX_POINT('',#330);
#330 = CARTESIAN_POINT('',(76.,-3.,-5.151434834261E-14));
#331 = CIRCLE('',#332,5.);
#332 = AXIS2_PLACEMENT_3D('',#333,#334,#335);
#333 = CARTESIAN_POINT('',(71.,-3.,-4.263256414561E-14));
#334 = DIRECTION('',(5.E-16,-1.89E-15,1.));
#335 = DIRECTION('',(1.,-1.33E-15,-5.E-16));
#336 = ORIENTED_EDGE('',*,*,#337,.F.);
#337 = EDGE_CURVE('',#338,#329,#340,.T.);
#338 = VERTEX_POINT('',#339);
#339 = CARTESIAN_POINT('',(76.,-29.,-4.263256414561E-14));
#340 = LINE('',#341,#342);
#341 = CARTESIAN_POINT('',(76.,-29.,-9.414691248821E-14));
#342 = VECTOR('',#343,1.);
#343 = DIRECTION('',(8.9E-16,1.,1.89E-15));
#344 = ORIENTED_EDGE('',*,*,#345,.F.);
#345 = EDGE_CURVE('',#346,#338,#348,.T.);
#346 = VERTEX_POINT('',#347);
#347 = CARTESIAN_POINT('',(71.,-34.,-3.819167204711E-14));
#348 = CIRCLE('',#349,5.);
#349 = AXIS2_PLACEMENT_3D('',#350,#351,#352);
#350 = CARTESIAN_POINT('',(71.,-29.,-9.237055564881E-14));
#351 = DIRECTION('',(5.E-16,-1.89E-15,1.));
#352 = DIRECTION('',(1.,-1.33E-15,-5.E-16));
#353 = ORIENTED_EDGE('',*,*,#354,.F.);
#354 = EDGE_CURVE('',#355,#346,#357,.T.);
#355 = VERTEX_POINT('',#356);
#356 = CARTESIAN_POINT('',(3.,-34.,-4.440892098501E-15));
#357 = LINE('',#358,#359);
#358 = CARTESIAN_POINT('',(3.,-34.,-6.750155989721E-14));
#359 = VECTOR('',#360,1.);
#360 = DIRECTION('',(1.,-1.33E-15,-5.E-16));
#361 = ORIENTED_EDGE('',*,*,#362,.F.);
#362 = EDGE_CURVE('',#51,#355,#363,.T.);
#363 = CIRCLE('',#364,5.);
#364 = AXIS2_PLACEMENT_3D('',#365,#366,#367);
#365 = CARTESIAN_POINT('',(3.,-29.,-5.773159728051E-14));
#366 = DIRECTION('',(5.E-16,-1.89E-15,1.));
#367 = DIRECTION('',(1.,-1.33E-15,-5.E-16));
#368 = PLANE('',#369);
#369 = AXIS2_PLACEMENT_3D('',#370,#371,#372);
#370 = CARTESIAN_POINT('',(37.,-16.,-5.062616992291E-14));
#371 = DIRECTION('',(1.7E-16,2.11E-15,-1.));
#372 = DIRECTION('',(-1.,1.33E-15,-1.7E-16));
#373 = ADVANCED_FACE('',(#374,#562),#615,.T.);
#374 = FACE_BOUND('',#375,.T.);
#375 = EDGE_LOOP('',(#376,#386,#395,#403,#412,#420,#429,#437,#446,#454,
    #463,#471,#480,#488,#497,#505,#514,#522,#530,#538,#547,#555));
#376 = ORIENTED_EDGE('',*,*,#377,.F.);
#377 = EDGE_CURVE('',#378,#380,#382,.T.);
#378 = VERTEX_POINT('',#379);
#379 = CARTESIAN_POINT('',(7.,-32.,36.));
#380 = VERTEX_POINT('',#381);
#381 = CARTESIAN_POINT('',(71.,-32.,36.));
#382 = LINE('',#383,#384);
#383 = CARTESIAN_POINT('',(3.,-32.,36.));
#384 = VECTOR('',#385,1.);
#385 = DIRECTION('',(1.,-1.33E-15,-5.E-16));
#386 = ORIENTED_EDGE('',*,*,#387,.F.);
#387 = EDGE_CURVE('',#388,#378,#390,.T.);
#388 = VERTEX_POINT('',#389);
#389 = CARTESIAN_POINT('',(5.6,-30.6,36.));
#390 = CIRCLE('',#391,1.4);
#391 = AXIS2_PLACEMENT_3D('',#392,#393,#394);
#392 = CARTESIAN_POINT('',(7.,-30.6,36.));
#393 = DIRECTION('',(5.E-16,-1.89E-15,1.));
#394 = DIRECTION('',(8.9E-16,1.,1.89E-15));
#395 = ORIENTED_EDGE('',*,*,#396,.T.);
#396 = EDGE_CURVE('',#388,#397,#399,.T.);
#397 = VERTEX_POINT('',#398);
#398 = CARTESIAN_POINT('',(5.6,-26.4,36.));
#399 = LINE('',#400,#401);
#400 = CARTESIAN_POINT('',(5.6,-32.,36.));
#401 = VECTOR('',#402,1.);
#402 = DIRECTION('',(8.9E-16,1.,1.89E-15));
#403 = ORIENTED_EDGE('',*,*,#404,.T.);
#404 = EDGE_CURVE('',#397,#405,#407,.T.);
#405 = VERTEX_POINT('',#406);
#406 = CARTESIAN_POINT('',(4.2,-25.,36.));
#407 = CIRCLE('',#408,1.4);
#408 = AXIS2_PLACEMENT_3D('',#409,#410,#411);
#409 = CARTESIAN_POINT('',(4.2,-26.4,36.));
#410 = DIRECTION('',(5.E-16,-1.89E-15,1.));
#411 = DIRECTION('',(8.9E-16,1.,1.89E-15));
#412 = ORIENTED_EDGE('',*,*,#413,.T.);
#413 = EDGE_CURVE('',#405,#414,#416,.T.);
#414 = VERTEX_POINT('',#415);
#415 = CARTESIAN_POINT('',(3.,-25.,36.));
#416 = LINE('',#417,#418);
#417 = CARTESIAN_POINT('',(5.6,-25.,36.));
#418 = VECTOR('',#419,1.);
#419 = DIRECTION('',(-1.,1.33E-15,5.E-16));
#420 = ORIENTED_EDGE('',*,*,#421,.F.);
#421 = EDGE_CURVE('',#422,#414,#424,.T.);
#422 = VERTEX_POINT('',#423);
#423 = CARTESIAN_POINT('',(1.,-23.,36.));
#424 = CIRCLE('',#425,2.);
#425 = AXIS2_PLACEMENT_3D('',#426,#427,#428);
#426 = CARTESIAN_POINT('',(3.,-23.,36.));
#427 = DIRECTION('',(5.E-16,-1.89E-15,1.));
#428 = DIRECTION('',(8.9E-16,1.,1.89E-15));
#429 = ORIENTED_EDGE('',*,*,#430,.T.);
#430 = EDGE_CURVE('',#422,#431,#433,.T.);
#431 = VERTEX_POINT('',#432);
#432 = CARTESIAN_POINT('',(1.,-9.,36.));
#433 = LINE('',#434,#435);
#434 = CARTESIAN_POINT('',(1.,-31.5,36.));
#435 = VECTOR('',#436,1.);
#436 = DIRECTION('',(8.9E-16,1.,1.89E-15));
#437 = ORIENTED_EDGE('',*,*,#438,.T.);
#438 = EDGE_CURVE('',#431,#439,#441,.T.);
#439 = VERTEX_POINT('',#440);
#440 = CARTESIAN_POINT('',(3.,-7.,36.));
#441 = CIRCLE('',#442,2.);
#442 = AXIS2_PLACEMENT_3D('',#443,#444,#445);
#443 = CARTESIAN_POINT('',(3.,-9.,36.));
#444 = DIRECTION('',(-5.E-16,1.89E-15,-1.));
#445 = DIRECTION('',(8.9E-16,1.,1.89E-15));
#446 = ORIENTED_EDGE('',*,*,#447,.T.);
#447 = EDGE_CURVE('',#439,#448,#450,.T.);
#448 = VERTEX_POINT('',#449);
#449 = CARTESIAN_POINT('',(4.2,-7.,36.));
#450 = LINE('',#451,#452);
#451 = CARTESIAN_POINT('',(1.,-7.,36.));
#452 = VECTOR('',#453,1.);
#453 = DIRECTION('',(1.,-1.33E-15,-5.E-16));
#454 = ORIENTED_EDGE('',*,*,#455,.F.);
#455 = EDGE_CURVE('',#456,#448,#458,.T.);
#456 = VERTEX_POINT('',#457);
#457 = CARTESIAN_POINT('',(5.6,-5.6,36.));
#458 = CIRCLE('',#459,1.4);
#459 = AXIS2_PLACEMENT_3D('',#460,#461,#462);
#460 = CARTESIAN_POINT('',(4.2,-5.6,36.));
#461 = DIRECTION('',(-5.E-16,1.89E-15,-1.));
#462 = DIRECTION('',(8.9E-16,1.,1.89E-15));
#463 = ORIENTED_EDGE('',*,*,#464,.T.);
#464 = EDGE_CURVE('',#456,#465,#467,.T.);
#465 = VERTEX_POINT('',#466);
#466 = CARTESIAN_POINT('',(5.6,-1.4,36.));
#467 = LINE('',#468,#469);
#468 = CARTESIAN_POINT('',(5.6,-7.,36.));
#469 = VECTOR('',#470,1.);
#470 = DIRECTION('',(8.9E-16,1.,1.89E-15));
#471 = ORIENTED_EDGE('',*,*,#472,.T.);
#472 = EDGE_CURVE('',#465,#473,#475,.T.);
#473 = VERTEX_POINT('',#474);
#474 = CARTESIAN_POINT('',(7.,-1.1E-14,36.));
#475 = CIRCLE('',#476,1.4);
#476 = AXIS2_PLACEMENT_3D('',#477,#478,#479);
#477 = CARTESIAN_POINT('',(7.,-1.4,36.));
#478 = DIRECTION('',(-5.E-16,1.89E-15,-1.));
#479 = DIRECTION('',(8.9E-16,1.,1.89E-15));
#480 = ORIENTED_EDGE('',*,*,#481,.F.);
#481 = EDGE_CURVE('',#482,#473,#484,.T.);
#482 = VERTEX_POINT('',#483);
#483 = CARTESIAN_POINT('',(71.,-1.53E-13,36.));
#484 = LINE('',#485,#486);
#485 = CARTESIAN_POINT('',(71.,-1.5183E-13,36.));
#486 = VECTOR('',#487,1.);
#487 = DIRECTION('',(-1.,1.33E-15,5.E-16));
#488 = ORIENTED_EDGE('',*,*,#489,.F.);
#489 = EDGE_CURVE('',#490,#482,#492,.T.);
#490 = VERTEX_POINT('',#491);
#491 = CARTESIAN_POINT('',(71.4,-2.678625053645E-02,36.));
#492 = CIRCLE('',#493,3.);
#493 = AXIS2_PLACEMENT_3D('',#494,#495,#496);
#494 = CARTESIAN_POINT('',(71.,-3.,36.));
#495 = DIRECTION('',(5.E-16,-1.89E-15,1.));
#496 = DIRECTION('',(1.,-1.33E-15,-5.E-16));
#497 = ORIENTED_EDGE('',*,*,#498,.T.);
#498 = EDGE_CURVE('',#490,#499,#501,.T.);
#499 = VERTEX_POINT('',#500);
#500 = CARTESIAN_POINT('',(71.4,-6.,36.));
#501 = LINE('',#502,#503);
#502 = CARTESIAN_POINT('',(71.4,-1.5192E-13,36.));
#503 = VECTOR('',#504,1.);
#504 = DIRECTION('',(-8.9E-16,-1.,-1.89E-15));
#505 = ORIENTED_EDGE('',*,*,#506,.T.);
#506 = EDGE_CURVE('',#499,#507,#509,.T.);
#507 = VERTEX_POINT('',#508);
#508 = CARTESIAN_POINT('',(72.4,-7.,36.));
#509 = CIRCLE('',#510,1.);
#510 = AXIS2_PLACEMENT_3D('',#511,#512,#513);
#511 = CARTESIAN_POINT('',(72.4,-6.,36.));
#512 = DIRECTION('',(5.E-16,-1.89E-15,1.));
#513 = DIRECTION('',(8.9E-16,1.,1.89E-15));
#514 = ORIENTED_EDGE('',*,*,#515,.T.);
#515 = EDGE_CURVE('',#507,#516,#518,.T.);
#516 = VERTEX_POINT('',#517);
#517 = CARTESIAN_POINT('',(73.,-7.,36.));
#518 = LINE('',#519,#520);
#519 = CARTESIAN_POINT('',(71.4,-7.,36.));
#520 = VECTOR('',#521,1.);
#521 = DIRECTION('',(1.,-1.33E-15,-5.E-16));
#522 = ORIENTED_EDGE('',*,*,#523,.T.);
#523 = EDGE_CURVE('',#516,#524,#526,.T.);
#524 = VERTEX_POINT('',#525);
#525 = CARTESIAN_POINT('',(73.,-25.,36.));
#526 = LINE('',#527,#528);
#527 = CARTESIAN_POINT('',(73.,-0.5,36.));
#528 = VECTOR('',#529,1.);
#529 = DIRECTION('',(-8.9E-16,-1.,-1.89E-15));
#530 = ORIENTED_EDGE('',*,*,#531,.T.);
#531 = EDGE_CURVE('',#524,#532,#534,.T.);
#532 = VERTEX_POINT('',#533);
#533 = CARTESIAN_POINT('',(72.4,-25.,36.));
#534 = LINE('',#535,#536);
#535 = CARTESIAN_POINT('',(73.,-25.,36.));
#536 = VECTOR('',#537,1.);
#537 = DIRECTION('',(-1.,1.33E-15,5.E-16));
#538 = ORIENTED_EDGE('',*,*,#539,.F.);
#539 = EDGE_CURVE('',#540,#532,#542,.T.);
#540 = VERTEX_POINT('',#541);
#541 = CARTESIAN_POINT('',(71.4,-26.,36.));
#542 = CIRCLE('',#543,1.);
#543 = AXIS2_PLACEMENT_3D('',#544,#545,#546);
#544 = CARTESIAN_POINT('',(72.4,-26.,36.));
#545 = DIRECTION('',(-5.E-16,1.89E-15,-1.));
#546 = DIRECTION('',(8.9E-16,1.,1.89E-15));
#547 = ORIENTED_EDGE('',*,*,#548,.T.);
#548 = EDGE_CURVE('',#540,#549,#551,.T.);
#549 = VERTEX_POINT('',#550);
#550 = CARTESIAN_POINT('',(71.4,-31.97321374946,36.));
#551 = LINE('',#552,#553);
#552 = CARTESIAN_POINT('',(71.4,-25.,36.));
#553 = VECTOR('',#554,1.);
#554 = DIRECTION('',(-8.9E-16,-1.,-1.89E-15));
#555 = ORIENTED_EDGE('',*,*,#556,.F.);
#556 = EDGE_CURVE('',#380,#549,#557,.T.);
#557 = CIRCLE('',#558,3.);
#558 = AXIS2_PLACEMENT_3D('',#559,#560,#561);
#559 = CARTESIAN_POINT('',(71.,-29.,36.));
#560 = DIRECTION('',(5.E-16,-1.89E-15,1.));
#561 = DIRECTION('',(1.,-1.33E-15,-5.E-16));
#562 = FACE_BOUND('',#563,.T.);
#563 = EDGE_LOOP('',(#564,#565,#574,#582,#591,#599,#608,#614));
#564 = ORIENTED_EDGE('',*,*,#42,.T.);
#565 = ORIENTED_EDGE('',*,*,#566,.T.);
#566 = EDGE_CURVE('',#43,#567,#569,.T.);
#567 = VERTEX_POINT('',#568);
#568 = CARTESIAN_POINT('',(3.,-34.,36.));
#569 = CIRCLE('',#570,5.);
#570 = AXIS2_PLACEMENT_3D('',#571,#572,#573);
#571 = CARTESIAN_POINT('',(3.,-29.,36.));
#572 = DIRECTION('',(5.E-16,-1.89E-15,1.));
#573 = DIRECTION('',(1.,-1.33E-15,-5.E-16));
#574 = ORIENTED_EDGE('',*,*,#575,.T.);
#575 = EDGE_CURVE('',#567,#576,#578,.T.);
#576 = VERTEX_POINT('',#577);
#577 = CARTESIAN_POINT('',(71.,-34.,36.));
#578 = LINE('',#579,#580);
#579 = CARTESIAN_POINT('',(3.,-34.,36.));
#580 = VECTOR('',#581,1.);
#581 = DIRECTION('',(1.,-1.33E-15,-5.E-16));
#582 = ORIENTED_EDGE('',*,*,#583,.T.);
#583 = EDGE_CURVE('',#576,#584,#586,.T.);
#584 = VERTEX_POINT('',#585);
#585 = CARTESIAN_POINT('',(76.,-29.,36.));
#586 = CIRCLE('',#587,5.);
#587 = AXIS2_PLACEMENT_3D('',#588,#589,#590);
#588 = CARTESIAN_POINT('',(71.,-29.,36.));
#589 = DIRECTION('',(5.E-16,-1.89E-15,1.));
#590 = DIRECTION('',(1.,-1.33E-15,-5.E-16));
#591 = ORIENTED_EDGE('',*,*,#592,.T.);
#592 = EDGE_CURVE('',#584,#593,#595,.T.);
#593 = VERTEX_POINT('',#594);
#594 = CARTESIAN_POINT('',(76.,-3.,36.));
#595 = LINE('',#596,#597);
#596 = CARTESIAN_POINT('',(76.,-29.,36.));
#597 = VECTOR('',#598,1.);
#598 = DIRECTION('',(8.9E-16,1.,1.89E-15));
#599 = ORIENTED_EDGE('',*,*,#600,.T.);
#600 = EDGE_CURVE('',#593,#601,#603,.T.);
#601 = VERTEX_POINT('',#602);
#602 = CARTESIAN_POINT('',(71.,2.,36.));
#603 = CIRCLE('',#604,5.);
#604 = AXIS2_PLACEMENT_3D('',#605,#606,#607);
#605 = CARTESIAN_POINT('',(71.,-3.,36.));
#606 = DIRECTION('',(5.E-16,-1.89E-15,1.));
#607 = DIRECTION('',(1.,-1.33E-15,-5.E-16));
#608 = ORIENTED_EDGE('',*,*,#609,.T.);
#609 = EDGE_CURVE('',#601,#100,#610,.T.);
#610 = LINE('',#611,#612);
#611 = CARTESIAN_POINT('',(71.,2.,36.));
#612 = VECTOR('',#613,1.);
#613 = DIRECTION('',(-1.,1.41E-15,5.E-16));
#614 = ORIENTED_EDGE('',*,*,#107,.T.);
#615 = PLANE('',#616);
#616 = AXIS2_PLACEMENT_3D('',#617,#618,#619);
#617 = CARTESIAN_POINT('',(37.,-16.,36.));
#618 = DIRECTION('',(-1.7E-16,-2.11E-15,1.));
#619 = DIRECTION('',(1.,-1.33E-15,1.7E-16));
#620 = ADVANCED_FACE('',(#621),#632,.T.);
#621 = FACE_BOUND('',#622,.F.);
#622 = EDGE_LOOP('',(#623,#624,#625,#631));
#623 = ORIENTED_EDGE('',*,*,#50,.T.);
#624 = ORIENTED_EDGE('',*,*,#566,.T.);
#625 = ORIENTED_EDGE('',*,*,#626,.F.);
#626 = EDGE_CURVE('',#355,#567,#627,.T.);
#627 = LINE('',#628,#629);
#628 = CARTESIAN_POINT('',(3.,-34.,-6.750155989721E-14));
#629 = VECTOR('',#630,1.);
#630 = DIRECTION('',(-1.7E-16,-2.11E-15,1.));
#631 = ORIENTED_EDGE('',*,*,#362,.F.);
#632 = CYLINDRICAL_SURFACE('',#633,5.);
#633 = AXIS2_PLACEMENT_3D('',#634,#635,#636);
#634 = CARTESIAN_POINT('',(3.,-29.,-5.773159728051E-14));
#635 = DIRECTION('',(1.7E-16,2.11E-15,-1.));
#636 = DIRECTION('',(1.,-1.33E-15,1.7E-16));
#637 = ADVANCED_FACE('',(#638),#681,.F.);
#638 = FACE_BOUND('',#639,.F.);
#639 = EDGE_LOOP('',(#640,#648,#649,#650));
#640 = ORIENTED_EDGE('',*,*,#641,.F.);
#641 = EDGE_CURVE('',#73,#642,#644,.T.);
#642 = VERTEX_POINT('',#643);
#643 = CARTESIAN_POINT('',(2.8,-11.7,14.85));
#644 = LINE('',#645,#646);
#645 = CARTESIAN_POINT('',(-2.,-11.7,14.85));
#646 = VECTOR('',#647,1.);
#647 = DIRECTION('',(1.,-2.E-15,-2.2E-16));
#648 = ORIENTED_EDGE('',*,*,#82,.F.);
#649 = ORIENTED_EDGE('',*,*,#641,.T.);
#650 = ORIENTED_EDGE('',*,*,#651,.F.);
#651 = EDGE_CURVE('',#642,#642,#652,.T.);
#652 = B_SPLINE_CURVE_WITH_KNOTS('',14,(#653,#654,#655,#656,#657,#658,
    #659,#660,#661,#662,#663,#664,#665,#666,#667,#668,#669,#670,#671,
    #672,#673,#674,#675,#676,#677,#678,#679,#680),.UNSPECIFIED.,.T.,.F.,
  (15,13,15),(-1.47E-15,2.674585015477,5.349170030953),.UNSPECIFIED.);
#653 = CARTESIAN_POINT('',(2.8,-11.7,14.85));
#654 = CARTESIAN_POINT('',(2.800000000001,-11.43461594523,
    14.849999999999));
#655 = CARTESIAN_POINT('',(2.863410126076,-11.16723415936,
    14.958588754716));
#656 = CARTESIAN_POINT('',(2.989759111137,-10.96188220421,
    15.175703681842));
#657 = CARTESIAN_POINT('',(3.172366450484,-10.94280458811,
    15.463762260286));
#658 = CARTESIAN_POINT('',(3.286369048259,-10.94255810127,
    15.523087628149));
#659 = CARTESIAN_POINT('',(3.521250289857,-10.92091857192,
    15.865610453613));
#660 = CARTESIAN_POINT('',(3.639176876229,-11.07963983088,
    15.894087825671));
#661 = CARTESIAN_POINT('',(3.867401801285,-11.12980612044,
    16.106204150309));
#662 = CARTESIAN_POINT('',(3.957537219545,-11.28580174874,
    16.159883850315));
#663 = CARTESIAN_POINT('',(4.123614612084,-11.41120676907,
    16.231357732279));
#664 = CARTESIAN_POINT('',(4.16576738109,-11.54392016583,16.238678468908
    ));
#665 = CARTESIAN_POINT('',(4.189319975795,-11.60982449519,
    16.247154092634));
#666 = CARTESIAN_POINT('',(4.2,-11.65512010494,16.25));
#667 = CARTESIAN_POINT('',(4.200000000001,-11.74487989505,16.25));
#668 = CARTESIAN_POINT('',(4.189319975788,-11.79017550479,
    16.247154092636));
#669 = CARTESIAN_POINT('',(4.165767381111,-11.85607983422,
    16.238678468901));
#670 = CARTESIAN_POINT('',(4.123614612041,-11.98879323079,
    16.231357732294));
#671 = CARTESIAN_POINT('',(3.957537219612,-12.1141982515,16.159883850293
    ));
#672 = CARTESIAN_POINT('',(3.867401801201,-12.27019387921,
    16.106204150337));
#673 = CARTESIAN_POINT('',(3.639176876315,-12.3203601695,15.894087825644
    ));
#674 = CARTESIAN_POINT('',(3.521250289785,-12.4790814277,15.865610453635
    ));
#675 = CARTESIAN_POINT('',(3.286369048308,-12.457441899,15.523087628135)
  );
#676 = CARTESIAN_POINT('',(3.172366450457,-12.4571954117,15.463762260293
    ));
#677 = CARTESIAN_POINT('',(2.989759111149,-12.43811779586,15.17570368184
    ));
#678 = CARTESIAN_POINT('',(2.863410126072,-12.2327658406,14.958588754717
    ));
#679 = CARTESIAN_POINT('',(2.800000000002,-11.96538405476,
    14.849999999999));
#680 = CARTESIAN_POINT('',(2.8,-11.7,14.85));
#681 = CYLINDRICAL_SURFACE('',#682,0.7);
#682 = AXIS2_PLACEMENT_3D('',#683,#684,#685);
#683 = CARTESIAN_POINT('',(-2.,-11.7,15.55));
#684 = DIRECTION('',(-1.,1.88E-15,2.2E-16));
#685 = DIRECTION('',(-2.2E-16,7.5E-16,-1.));
#686 = ADVANCED_FACE('',(#687),#698,.F.);
#687 = FACE_BOUND('',#688,.F.);
#688 = EDGE_LOOP('',(#689,#695,#696,#697));
#689 = ORIENTED_EDGE('',*,*,#690,.T.);
#690 = EDGE_CURVE('',#321,#601,#691,.T.);
#691 = LINE('',#692,#693);
#692 = CARTESIAN_POINT('',(71.,2.,-3.28626015289E-14));
#693 = VECTOR('',#694,1.);
#694 = DIRECTION('',(-1.7E-16,-2.11E-15,1.));
#695 = ORIENTED_EDGE('',*,*,#609,.T.);
#696 = ORIENTED_EDGE('',*,*,#97,.F.);
#697 = ORIENTED_EDGE('',*,*,#320,.F.);
#698 = PLANE('',#699);
#699 = AXIS2_PLACEMENT_3D('',#700,#701,#702);
#700 = CARTESIAN_POINT('',(71.,2.,-3.28626015289E-14));
#701 = DIRECTION('',(-9.7E-16,-1.,-1.89E-15));
#702 = DIRECTION('',(-1.,9.7E-16,5.E-16));
#703 = ADVANCED_FACE('',(#704,#752,#822,#833,#844,#855,#923,#934,#968,
    #1036,#1106),#1174,.T.);
#704 = FACE_BOUND('',#705,.T.);
#705 = EDGE_LOOP('',(#706,#707,#713,#714,#722,#730,#738,#746));
#706 = ORIENTED_EDGE('',*,*,#130,.F.);
#707 = ORIENTED_EDGE('',*,*,#708,.F.);
#708 = EDGE_CURVE('',#378,#131,#709,.T.);
#709 = LINE('',#710,#711);
#710 = CARTESIAN_POINT('',(7.,-32.,36.));
#711 = VECTOR('',#712,1.);
#712 = DIRECTION('',(1.7E-16,2.11E-15,-1.));
#713 = ORIENTED_EDGE('',*,*,#377,.T.);
#714 = ORIENTED_EDGE('',*,*,#715,.F.);
#715 = EDGE_CURVE('',#716,#380,#718,.T.);
#716 = VERTEX_POINT('',#717);
#717 = CARTESIAN_POINT('',(71.,-32.,18.45));
#718 = LINE('',#719,#720);
#719 = CARTESIAN_POINT('',(71.,-32.,-9.769962616701E-14));
#720 = VECTOR('',#721,1.);
#721 = DIRECTION('',(-1.7E-16,-2.11E-15,1.));
#722 = ORIENTED_EDGE('',*,*,#723,.T.);
#723 = EDGE_CURVE('',#716,#724,#726,.T.);
#724 = VERTEX_POINT('',#725);
#725 = CARTESIAN_POINT('',(71.4,-32.,18.45));
#726 = LINE('',#727,#728);
#727 = CARTESIAN_POINT('',(69.6,-32.,18.45));
#728 = VECTOR('',#729,1.);
#729 = DIRECTION('',(1.,-1.33E-15,-5.E-16));
#730 = ORIENTED_EDGE('',*,*,#731,.T.);
#731 = EDGE_CURVE('',#724,#732,#734,.T.);
#732 = VERTEX_POINT('',#733);
#733 = CARTESIAN_POINT('',(71.4,-32.,17.15));
#734 = LINE('',#735,#736);
#735 = CARTESIAN_POINT('',(71.4,-32.,18.45));
#736 = VECTOR('',#737,1.);
#737 = DIRECTION('',(1.7E-16,2.11E-15,-1.));
#738 = ORIENTED_EDGE('',*,*,#739,.F.);
#739 = EDGE_CURVE('',#740,#732,#742,.T.);
#740 = VERTEX_POINT('',#741);
#741 = CARTESIAN_POINT('',(71.,-32.,17.15));
#742 = LINE('',#743,#744);
#743 = CARTESIAN_POINT('',(69.6,-32.,17.15));
#744 = VECTOR('',#745,1.);
#745 = DIRECTION('',(1.,-1.33E-15,-5.E-16));
#746 = ORIENTED_EDGE('',*,*,#747,.F.);
#747 = EDGE_CURVE('',#133,#740,#748,.T.);
#748 = LINE('',#749,#750);
#749 = CARTESIAN_POINT('',(71.,-32.,-9.769962616701E-14));
#750 = VECTOR('',#751,1.);
#751 = DIRECTION('',(-1.7E-16,-2.11E-15,1.));
#752 = FACE_BOUND('',#753,.T.);
#753 = EDGE_LOOP('',(#754,#765,#773,#782,#790,#799,#807,#816));
#754 = ORIENTED_EDGE('',*,*,#755,.T.);
#755 = EDGE_CURVE('',#756,#758,#760,.T.);
#756 = VERTEX_POINT('',#757);
#757 = CARTESIAN_POINT('',(14.7,-32.,16.35));
#758 = VERTEX_POINT('',#759);
#759 = CARTESIAN_POINT('',(13.7,-32.,15.35));
#760 = CIRCLE('',#761,1.);
#761 = AXIS2_PLACEMENT_3D('',#762,#763,#764);
#762 = CARTESIAN_POINT('',(14.7,-32.,15.35));
#763 = DIRECTION('',(-1.33E-15,-1.,-1.89E-15));
#764 = DIRECTION('',(1.,-1.33E-15,-7.2E-16));
#765 = ORIENTED_EDGE('',*,*,#766,.T.);
#766 = EDGE_CURVE('',#758,#767,#769,.T.);
#767 = VERTEX_POINT('',#768);
#768 = CARTESIAN_POINT('',(13.7,-32.,13.75));
#769 = LINE('',#770,#771);
#770 = CARTESIAN_POINT('',(13.7,-32.,15.35));
#771 = VECTOR('',#772,1.);
#772 = DIRECTION('',(-6.E-17,1.89E-15,-1.));
#773 = ORIENTED_EDGE('',*,*,#774,.T.);
#774 = EDGE_CURVE('',#767,#775,#777,.T.);
#775 = VERTEX_POINT('',#776);
#776 = CARTESIAN_POINT('',(14.7,-32.,12.75));
#777 = CIRCLE('',#778,1.);
#778 = AXIS2_PLACEMENT_3D('',#779,#780,#781);
#779 = CARTESIAN_POINT('',(14.7,-32.,13.75));
#780 = DIRECTION('',(-1.33E-15,-1.,-1.89E-15));
#781 = DIRECTION('',(1.,-1.33E-15,-7.2E-16));
#782 = ORIENTED_EDGE('',*,*,#783,.T.);
#783 = EDGE_CURVE('',#775,#784,#786,.T.);
#784 = VERTEX_POINT('',#785);
#785 = CARTESIAN_POINT('',(18.3,-32.,12.75));
#786 = LINE('',#787,#788);
#787 = CARTESIAN_POINT('',(14.7,-32.,12.75));
#788 = VECTOR('',#789,1.);
#789 = DIRECTION('',(1.,-1.33E-15,-7.2E-16));
#790 = ORIENTED_EDGE('',*,*,#791,.T.);
#791 = EDGE_CURVE('',#784,#792,#794,.T.);
#792 = VERTEX_POINT('',#793);
#793 = CARTESIAN_POINT('',(19.3,-32.,13.75));
#794 = CIRCLE('',#795,1.);
#795 = AXIS2_PLACEMENT_3D('',#796,#797,#798);
#796 = CARTESIAN_POINT('',(18.3,-32.,13.75));
#797 = DIRECTION('',(-1.33E-15,-1.,-1.89E-15));
#798 = DIRECTION('',(1.,-1.33E-15,-7.2E-16));
#799 = ORIENTED_EDGE('',*,*,#800,.T.);
#800 = EDGE_CURVE('',#792,#801,#803,.T.);
#801 = VERTEX_POINT('',#802);
#802 = CARTESIAN_POINT('',(19.3,-32.,15.35));
#803 = LINE('',#804,#805);
#804 = CARTESIAN_POINT('',(19.3,-32.,13.75));
#805 = VECTOR('',#806,1.);
#806 = DIRECTION('',(6.E-17,-1.89E-15,1.));
#807 = ORIENTED_EDGE('',*,*,#808,.T.);
#808 = EDGE_CURVE('',#801,#809,#811,.T.);
#809 = VERTEX_POINT('',#810);
#810 = CARTESIAN_POINT('',(18.3,-32.,16.35));
#811 = CIRCLE('',#812,1.);
#812 = AXIS2_PLACEMENT_3D('',#813,#814,#815);
#813 = CARTESIAN_POINT('',(18.3,-32.,15.35));
#814 = DIRECTION('',(-1.33E-15,-1.,-1.89E-15));
#815 = DIRECTION('',(1.,-1.33E-15,-7.2E-16));
#816 = ORIENTED_EDGE('',*,*,#817,.T.);
#817 = EDGE_CURVE('',#809,#756,#818,.T.);
#818 = LINE('',#819,#820);
#819 = CARTESIAN_POINT('',(18.3,-32.,16.35));
#820 = VECTOR('',#821,1.);
#821 = DIRECTION('',(-1.,1.33E-15,7.2E-16));
#822 = FACE_BOUND('',#823,.T.);
#823 = EDGE_LOOP('',(#824));
#824 = ORIENTED_EDGE('',*,*,#825,.T.);
#825 = EDGE_CURVE('',#826,#826,#828,.T.);
#826 = VERTEX_POINT('',#827);
#827 = CARTESIAN_POINT('',(21.54,-32.,15.6505));
#828 = CIRCLE('',#829,0.7);
#829 = AXIS2_PLACEMENT_3D('',#830,#831,#832);
#830 = CARTESIAN_POINT('',(20.84,-32.,15.6505));
#831 = DIRECTION('',(-5.6E-16,-1.,6.E-17));
#832 = DIRECTION('',(1.,-5.6E-16,-2.2E-16));
#833 = FACE_BOUND('',#834,.T.);
#834 = EDGE_LOOP('',(#835));
#835 = ORIENTED_EDGE('',*,*,#836,.T.);
#836 = EDGE_CURVE('',#837,#837,#839,.T.);
#837 = VERTEX_POINT('',#838);
#838 = CARTESIAN_POINT('',(23.84,-32.,15.6505));
#839 = CIRCLE('',#840,0.7);
#840 = AXIS2_PLACEMENT_3D('',#841,#842,#843);
#841 = CARTESIAN_POINT('',(23.14,-32.,15.6505));
#842 = DIRECTION('',(-5.6E-16,-1.,6.E-17));
#843 = DIRECTION('',(1.,-5.6E-16,-2.2E-16));
#844 = FACE_BOUND('',#845,.T.);
#845 = EDGE_LOOP('',(#846));
#846 = ORIENTED_EDGE('',*,*,#847,.T.);
#847 = EDGE_CURVE('',#848,#848,#850,.T.);
#848 = VERTEX_POINT('',#849);
#849 = CARTESIAN_POINT('',(26.14,-32.,15.6505));
#850 = CIRCLE('',#851,0.7);
#851 = AXIS2_PLACEMENT_3D('',#852,#853,#854);
#852 = CARTESIAN_POINT('',(25.44,-32.,15.6505));
#853 = DIRECTION('',(-5.6E-16,-1.,6.E-17));
#854 = DIRECTION('',(1.,-5.6E-16,-2.2E-16));
#855 = FACE_BOUND('',#856,.T.);
#856 = EDGE_LOOP('',(#857,#868,#876,#884,#892,#900,#908,#917));
#857 = ORIENTED_EDGE('',*,*,#858,.T.);
#858 = EDGE_CURVE('',#859,#861,#863,.T.);
#859 = VERTEX_POINT('',#860);
#860 = CARTESIAN_POINT('',(13.,-32.,23.65));
#861 = VERTEX_POINT('',#862);
#862 = CARTESIAN_POINT('',(12.6,-32.,23.25));
#863 = CIRCLE('',#864,0.4);
#864 = AXIS2_PLACEMENT_3D('',#865,#866,#867);
#865 = CARTESIAN_POINT('',(13.,-32.,23.25));
#866 = DIRECTION('',(-1.33E-15,-1.,-1.89E-15));
#867 = DIRECTION('',(1.,-1.33E-15,-7.2E-16));
#868 = ORIENTED_EDGE('',*,*,#869,.T.);
#869 = EDGE_CURVE('',#861,#870,#872,.T.);
#870 = VERTEX_POINT('',#871);
#871 = CARTESIAN_POINT('',(12.6,-32.,21.039949493661));
#872 = LINE('',#873,#874);
#873 = CARTESIAN_POINT('',(12.6,-32.,23.25));
#874 = VECTOR('',#875,1.);
#875 = DIRECTION('',(-6.E-17,1.89E-15,-1.));
#876 = ORIENTED_EDGE('',*,*,#877,.T.);
#877 = EDGE_CURVE('',#870,#878,#880,.T.);
#878 = VERTEX_POINT('',#879);
#879 = CARTESIAN_POINT('',(13.589949493661,-32.,20.05));
#880 = LINE('',#881,#882);
#881 = CARTESIAN_POINT('',(12.6,-32.,21.039949493661));
#882 = VECTOR('',#883,1.);
#883 = DIRECTION('',(0.707106781187,3.913203435596E-16,-0.707106781187)
  );
#884 = ORIENTED_EDGE('',*,*,#885,.T.);
#885 = EDGE_CURVE('',#878,#886,#888,.T.);
#886 = VERTEX_POINT('',#887);
#887 = CARTESIAN_POINT('',(23.210050506339,-32.,20.05));
#888 = LINE('',#889,#890);
#889 = CARTESIAN_POINT('',(13.589949493661,-32.,20.05));
#890 = VECTOR('',#891,1.);
#891 = DIRECTION('',(1.,-1.33E-15,-7.2E-16));
#892 = ORIENTED_EDGE('',*,*,#893,.T.);
#893 = EDGE_CURVE('',#886,#894,#896,.T.);
#894 = VERTEX_POINT('',#895);
#895 = CARTESIAN_POINT('',(24.2,-32.,21.039949493661));
#896 = LINE('',#897,#898);
#897 = CARTESIAN_POINT('',(23.210050506339,-32.,20.05));
#898 = VECTOR('',#899,1.);
#899 = DIRECTION('',(0.707106781187,-2.28132034356E-15,0.707106781187));
#900 = ORIENTED_EDGE('',*,*,#901,.T.);
#901 = EDGE_CURVE('',#894,#902,#904,.T.);
#902 = VERTEX_POINT('',#903);
#903 = CARTESIAN_POINT('',(24.2,-32.,23.25));
#904 = LINE('',#905,#906);
#905 = CARTESIAN_POINT('',(24.2,-32.,21.039949493661));
#906 = VECTOR('',#907,1.);
#907 = DIRECTION('',(6.E-17,-1.89E-15,1.));
#908 = ORIENTED_EDGE('',*,*,#909,.T.);
#909 = EDGE_CURVE('',#902,#910,#912,.T.);
#910 = VERTEX_POINT('',#911);
#911 = CARTESIAN_POINT('',(23.8,-32.,23.65));
#912 = CIRCLE('',#913,0.4);
#913 = AXIS2_PLACEMENT_3D('',#914,#915,#916);
#914 = CARTESIAN_POINT('',(23.8,-32.,23.25));
#915 = DIRECTION('',(-1.33E-15,-1.,-1.89E-15));
#916 = DIRECTION('',(1.,-1.33E-15,-7.2E-16));
#917 = ORIENTED_EDGE('',*,*,#918,.T.);
#918 = EDGE_CURVE('',#910,#859,#919,.T.);
#919 = LINE('',#920,#921);
#920 = CARTESIAN_POINT('',(23.8,-32.,23.65));
#921 = VECTOR('',#922,1.);
#922 = DIRECTION('',(-1.,1.33E-15,7.2E-16));
#923 = FACE_BOUND('',#924,.T.);
#924 = EDGE_LOOP('',(#925));
#925 = ORIENTED_EDGE('',*,*,#926,.T.);
#926 = EDGE_CURVE('',#927,#927,#929,.T.);
#927 = VERTEX_POINT('',#928);
#928 = CARTESIAN_POINT('',(28.44,-32.,15.6505));
#929 = CIRCLE('',#930,0.7);
#930 = AXIS2_PLACEMENT_3D('',#931,#932,#933);
#931 = CARTESIAN_POINT('',(27.74,-32.,15.6505));
#932 = DIRECTION('',(-5.6E-16,-1.,6.E-17));
#933 = DIRECTION('',(1.,-5.6E-16,-2.2E-16));
#934 = FACE_BOUND('',#935,.T.);
#935 = EDGE_LOOP('',(#936,#946,#954,#962));
#936 = ORIENTED_EDGE('',*,*,#937,.F.);
#937 = EDGE_CURVE('',#938,#940,#942,.T.);
#938 = VERTEX_POINT('',#939);
#939 = CARTESIAN_POINT('',(40.,-32.,33.4));
#940 = VERTEX_POINT('',#941);
#941 = CARTESIAN_POINT('',(40.,-32.,14.4));
#942 = LINE('',#943,#944);
#943 = CARTESIAN_POINT('',(40.,-32.,33.4));
#944 = VECTOR('',#945,1.);
#945 = DIRECTION('',(1.7E-16,2.11E-15,-1.));
#946 = ORIENTED_EDGE('',*,*,#947,.F.);
#947 = EDGE_CURVE('',#948,#938,#950,.T.);
#948 = VERTEX_POINT('',#949);
#949 = CARTESIAN_POINT('',(29.,-32.,33.4));
#950 = LINE('',#951,#952);
#951 = CARTESIAN_POINT('',(29.,-32.,33.4));
#952 = VECTOR('',#953,1.);
#953 = DIRECTION('',(1.,-1.33E-15,-5.E-16));
#954 = ORIENTED_EDGE('',*,*,#955,.F.);
#955 = EDGE_CURVE('',#956,#948,#958,.T.);
#956 = VERTEX_POINT('',#957);
#957 = CARTESIAN_POINT('',(29.,-32.,14.4));
#958 = LINE('',#959,#960);
#959 = CARTESIAN_POINT('',(29.,-32.,14.4));
#960 = VECTOR('',#961,1.);
#961 = DIRECTION('',(-1.7E-16,-2.11E-15,1.));
#962 = ORIENTED_EDGE('',*,*,#963,.F.);
#963 = EDGE_CURVE('',#940,#956,#964,.T.);
#964 = LINE('',#965,#966);
#965 = CARTESIAN_POINT('',(40.,-32.,14.4));
#966 = VECTOR('',#967,1.);
#967 = DIRECTION('',(-1.,1.33E-15,5.E-16));
#968 = FACE_BOUND('',#969,.T.);
#969 = EDGE_LOOP('',(#970,#981,#989,#997,#1005,#1013,#1021,#1030));
#970 = ORIENTED_EDGE('',*,*,#971,.T.);
#971 = EDGE_CURVE('',#972,#974,#976,.T.);
#972 = VERTEX_POINT('',#973);
#973 = CARTESIAN_POINT('',(43.9,-32.,22.7));
#974 = VERTEX_POINT('',#975);
#975 = CARTESIAN_POINT('',(43.5,-32.,22.3));
#976 = CIRCLE('',#977,0.4);
#977 = AXIS2_PLACEMENT_3D('',#978,#979,#980);
#978 = CARTESIAN_POINT('',(43.9,-32.,22.3));
#979 = DIRECTION('',(-1.33E-15,-1.,-1.89E-15));
#980 = DIRECTION('',(1.,-1.33E-15,-7.2E-16));
#981 = ORIENTED_EDGE('',*,*,#982,.T.);
#982 = EDGE_CURVE('',#974,#983,#985,.T.);
#983 = VERTEX_POINT('',#984);
#984 = CARTESIAN_POINT('',(43.5,-32.,20.889949493661));
#985 = LINE('',#986,#987);
#986 = CARTESIAN_POINT('',(43.5,-32.,22.3));
#987 = VECTOR('',#988,1.);
#988 = DIRECTION('',(-6.E-17,1.89E-15,-1.));
#989 = ORIENTED_EDGE('',*,*,#990,.T.);
#990 = EDGE_CURVE('',#983,#991,#993,.T.);
#991 = VERTEX_POINT('',#992);
#992 = CARTESIAN_POINT('',(44.489949493661,-32.,19.9));
#993 = LINE('',#994,#995);
#994 = CARTESIAN_POINT('',(43.5,-32.,20.889949493661));
#995 = VECTOR('',#996,1.);
#996 = DIRECTION('',(0.707106781187,3.913203435596E-16,-0.707106781187)
  );
#997 = ORIENTED_EDGE('',*,*,#998,.T.);
#998 = EDGE_CURVE('',#991,#999,#1001,.T.);
#999 = VERTEX_POINT('',#1000);
#1000 = CARTESIAN_POINT('',(50.510050506339,-32.,19.9));
#1001 = LINE('',#1002,#1003);
#1002 = CARTESIAN_POINT('',(44.489949493661,-32.,19.9));
#1003 = VECTOR('',#1004,1.);
#1004 = DIRECTION('',(1.,-1.33E-15,-7.2E-16));
#1005 = ORIENTED_EDGE('',*,*,#1006,.T.);
#1006 = EDGE_CURVE('',#999,#1007,#1009,.T.);
#1007 = VERTEX_POINT('',#1008);
#1008 = CARTESIAN_POINT('',(51.5,-32.,20.889949493661));
#1009 = LINE('',#1010,#1011);
#1010 = CARTESIAN_POINT('',(50.510050506339,-32.,19.9));
#1011 = VECTOR('',#1012,1.);
#1012 = DIRECTION('',(0.707106781187,-2.28132034356E-15,0.707106781187)
  );
#1013 = ORIENTED_EDGE('',*,*,#1014,.T.);
#1014 = EDGE_CURVE('',#1007,#1015,#1017,.T.);
#1015 = VERTEX_POINT('',#1016);
#1016 = CARTESIAN_POINT('',(51.5,-32.,22.3));
#1017 = LINE('',#1018,#1019);
#1018 = CARTESIAN_POINT('',(51.5,-32.,20.889949493661));
#1019 = VECTOR('',#1020,1.);
#1020 = DIRECTION('',(6.E-17,-1.89E-15,1.));
#1021 = ORIENTED_EDGE('',*,*,#1022,.T.);
#1022 = EDGE_CURVE('',#1015,#1023,#1025,.T.);
#1023 = VERTEX_POINT('',#1024);
#1024 = CARTESIAN_POINT('',(51.1,-32.,22.7));
#1025 = CIRCLE('',#1026,0.4);
#1026 = AXIS2_PLACEMENT_3D('',#1027,#1028,#1029);
#1027 = CARTESIAN_POINT('',(51.1,-32.,22.3));
#1028 = DIRECTION('',(-1.33E-15,-1.,-1.89E-15));
#1029 = DIRECTION('',(1.,-1.33E-15,-7.2E-16));
#1030 = ORIENTED_EDGE('',*,*,#1031,.T.);
#1031 = EDGE_CURVE('',#1023,#972,#1032,.T.);
#1032 = LINE('',#1033,#1034);
#1033 = CARTESIAN_POINT('',(51.1,-32.,22.7));
#1034 = VECTOR('',#1035,1.);
#1035 = DIRECTION('',(-1.,1.33E-15,7.2E-16));
#1036 = FACE_BOUND('',#1037,.T.);
#1037 = EDGE_LOOP('',(#1038,#1049,#1057,#1066,#1074,#1083,#1091,#1100));
#1038 = ORIENTED_EDGE('',*,*,#1039,.T.);
#1039 = EDGE_CURVE('',#1040,#1042,#1044,.T.);
#1040 = VERTEX_POINT('',#1041);
#1041 = CARTESIAN_POINT('',(64.2,-32.,15.2));
#1042 = VERTEX_POINT('',#1043);
#1043 = CARTESIAN_POINT('',(62.8,-32.,16.6));
#1044 = CIRCLE('',#1045,1.4);
#1045 = AXIS2_PLACEMENT_3D('',#1046,#1047,#1048);
#1046 = CARTESIAN_POINT('',(62.8,-32.,15.2));
#1047 = DIRECTION('',(-2.E-15,-1.,-1.11E-15));
#1048 = DIRECTION('',(1.,-2.E-15,-3.33E-15));
#1049 = ORIENTED_EDGE('',*,*,#1050,.T.);
#1050 = EDGE_CURVE('',#1042,#1051,#1053,.T.);
#1051 = VERTEX_POINT('',#1052);
#1052 = CARTESIAN_POINT('',(55.4,-32.,16.6));
#1053 = LINE('',#1054,#1055);
#1054 = CARTESIAN_POINT('',(62.8,-32.,16.6));
#1055 = VECTOR('',#1056,1.);
#1056 = DIRECTION('',(-1.,2.E-15,8.9E-16));
#1057 = ORIENTED_EDGE('',*,*,#1058,.T.);
#1058 = EDGE_CURVE('',#1051,#1059,#1061,.T.);
#1059 = VERTEX_POINT('',#1060);
#1060 = CARTESIAN_POINT('',(54.,-32.,15.2));
#1061 = CIRCLE('',#1062,1.4);
#1062 = AXIS2_PLACEMENT_3D('',#1063,#1064,#1065);
#1063 = CARTESIAN_POINT('',(55.4,-32.,15.2));
#1064 = DIRECTION('',(-2.E-15,-1.,-1.11E-15));
#1065 = DIRECTION('',(1.427E-14,-1.11E-15,1.));
#1066 = ORIENTED_EDGE('',*,*,#1067,.T.);
#1067 = EDGE_CURVE('',#1059,#1068,#1070,.T.);
#1068 = VERTEX_POINT('',#1069);
#1069 = CARTESIAN_POINT('',(54.,-32.,14.));
#1070 = LINE('',#1071,#1072);
#1071 = CARTESIAN_POINT('',(54.,-32.,15.2));
#1072 = VECTOR('',#1073,1.);
#1073 = DIRECTION('',(-7.2E-16,8.9E-16,-1.));
#1074 = ORIENTED_EDGE('',*,*,#1075,.T.);
#1075 = EDGE_CURVE('',#1068,#1076,#1078,.T.);
#1076 = VERTEX_POINT('',#1077);
#1077 = CARTESIAN_POINT('',(55.4,-32.,12.6));
#1078 = CIRCLE('',#1079,1.4);
#1079 = AXIS2_PLACEMENT_3D('',#1080,#1081,#1082);
#1080 = CARTESIAN_POINT('',(55.4,-32.,14.));
#1081 = DIRECTION('',(-2.E-15,-1.,-1.11E-15));
#1082 = DIRECTION('',(-1.,2.E-15,-1.55E-15));
#1083 = ORIENTED_EDGE('',*,*,#1084,.T.);
#1084 = EDGE_CURVE('',#1076,#1085,#1087,.T.);
#1085 = VERTEX_POINT('',#1086);
#1086 = CARTESIAN_POINT('',(62.8,-32.,12.6));
#1087 = LINE('',#1088,#1089);
#1088 = CARTESIAN_POINT('',(55.4,-32.,12.6));
#1089 = VECTOR('',#1090,1.);
#1090 = DIRECTION('',(1.,-2.E-15,-8.9E-16));
#1091 = ORIENTED_EDGE('',*,*,#1092,.T.);
#1092 = EDGE_CURVE('',#1085,#1093,#1095,.T.);
#1093 = VERTEX_POINT('',#1094);
#1094 = CARTESIAN_POINT('',(64.2,-32.,14.));
#1095 = CIRCLE('',#1096,1.4);
#1096 = AXIS2_PLACEMENT_3D('',#1097,#1098,#1099);
#1097 = CARTESIAN_POINT('',(62.8,-32.,14.));
#1098 = DIRECTION('',(-2.E-15,-1.,-1.11E-15));
#1099 = DIRECTION('',(7.05E-15,1.11E-15,-1.));
#1100 = ORIENTED_EDGE('',*,*,#1101,.T.);
#1101 = EDGE_CURVE('',#1093,#1040,#1102,.T.);
#1102 = LINE('',#1103,#1104);
#1103 = CARTESIAN_POINT('',(64.2,-32.,14.));
#1104 = VECTOR('',#1105,1.);
#1105 = DIRECTION('',(7.2E-16,-8.9E-16,1.));
#1106 = FACE_BOUND('',#1107,.T.);
#1107 = EDGE_LOOP('',(#1108,#1119,#1127,#1135,#1143,#1151,#1159,#1168));
#1108 = ORIENTED_EDGE('',*,*,#1109,.T.);
#1109 = EDGE_CURVE('',#1110,#1112,#1114,.T.);
#1110 = VERTEX_POINT('',#1111);
#1111 = CARTESIAN_POINT('',(56.4,-32.,22.7));
#1112 = VERTEX_POINT('',#1113);
#1113 = CARTESIAN_POINT('',(56.,-32.,22.3));
#1114 = CIRCLE('',#1115,0.4);
#1115 = AXIS2_PLACEMENT_3D('',#1116,#1117,#1118);
#1116 = CARTESIAN_POINT('',(56.4,-32.,22.3));
#1117 = DIRECTION('',(-1.33E-15,-1.,-1.89E-15));
#1118 = DIRECTION('',(1.,-1.33E-15,-7.2E-16));
#1119 = ORIENTED_EDGE('',*,*,#1120,.T.);
#1120 = EDGE_CURVE('',#1112,#1121,#1123,.T.);
#1121 = VERTEX_POINT('',#1122);
#1122 = CARTESIAN_POINT('',(56.,-32.,20.889949493661));
#1123 = LINE('',#1124,#1125);
#1124 = CARTESIAN_POINT('',(56.,-32.,22.3));
#1125 = VECTOR('',#1126,1.);
#1126 = DIRECTION('',(-6.E-17,1.89E-15,-1.));
#1127 = ORIENTED_EDGE('',*,*,#1128,.T.);
#1128 = EDGE_CURVE('',#1121,#1129,#1131,.T.);
#1129 = VERTEX_POINT('',#1130);
#1130 = CARTESIAN_POINT('',(56.989949493661,-32.,19.9));
#1131 = LINE('',#1132,#1133);
#1132 = CARTESIAN_POINT('',(56.,-32.,20.889949493661));
#1133 = VECTOR('',#1134,1.);
#1134 = DIRECTION('',(0.707106781187,3.913203435596E-16,-0.707106781187)
  );
#1135 = ORIENTED_EDGE('',*,*,#1136,.T.);
#1136 = EDGE_CURVE('',#1129,#1137,#1139,.T.);
#1137 = VERTEX_POINT('',#1138);
#1138 = CARTESIAN_POINT('',(63.010050506339,-32.,19.9));
#1139 = LINE('',#1140,#1141);
#1140 = CARTESIAN_POINT('',(56.989949493661,-32.,19.9));
#1141 = VECTOR('',#1142,1.);
#1142 = DIRECTION('',(1.,-1.33E-15,-7.2E-16));
#1143 = ORIENTED_EDGE('',*,*,#1144,.T.);
#1144 = EDGE_CURVE('',#1137,#1145,#1147,.T.);
#1145 = VERTEX_POINT('',#1146);
#1146 = CARTESIAN_POINT('',(64.,-32.,20.889949493661));
#1147 = LINE('',#1148,#1149);
#1148 = CARTESIAN_POINT('',(63.010050506339,-32.,19.9));
#1149 = VECTOR('',#1150,1.);
#1150 = DIRECTION('',(0.707106781187,-2.28132034356E-15,0.707106781187)
  );
#1151 = ORIENTED_EDGE('',*,*,#1152,.T.);
#1152 = EDGE_CURVE('',#1145,#1153,#1155,.T.);
#1153 = VERTEX_POINT('',#1154);
#1154 = CARTESIAN_POINT('',(64.,-32.,22.3));
#1155 = LINE('',#1156,#1157);
#1156 = CARTESIAN_POINT('',(64.,-32.,20.889949493661));
#1157 = VECTOR('',#1158,1.);
#1158 = DIRECTION('',(6.E-17,-1.89E-15,1.));
#1159 = ORIENTED_EDGE('',*,*,#1160,.T.);
#1160 = EDGE_CURVE('',#1153,#1161,#1163,.T.);
#1161 = VERTEX_POINT('',#1162);
#1162 = CARTESIAN_POINT('',(63.6,-32.,22.7));
#1163 = CIRCLE('',#1164,0.4);
#1164 = AXIS2_PLACEMENT_3D('',#1165,#1166,#1167);
#1165 = CARTESIAN_POINT('',(63.6,-32.,22.3));
#1166 = DIRECTION('',(-1.33E-15,-1.,-1.89E-15));
#1167 = DIRECTION('',(1.,-1.33E-15,-7.2E-16));
#1168 = ORIENTED_EDGE('',*,*,#1169,.T.);
#1169 = EDGE_CURVE('',#1161,#1110,#1170,.T.);
#1170 = LINE('',#1171,#1172);
#1171 = CARTESIAN_POINT('',(63.6,-32.,22.7));
#1172 = VECTOR('',#1173,1.);
#1173 = DIRECTION('',(-1.,1.33E-15,7.2E-16));
#1174 = PLANE('',#1175);
#1175 = AXIS2_PLACEMENT_3D('',#1176,#1177,#1178);
#1176 = CARTESIAN_POINT('',(38.431827111984,-32.,17.999214145383));
#1177 = DIRECTION('',(8.9E-16,1.,1.89E-15));
#1178 = DIRECTION('',(-1.7E-16,-1.89E-15,1.));
#1179 = ADVANCED_FACE('',(#1180),#1191,.F.);
#1180 = FACE_BOUND('',#1181,.T.);
#1181 = EDGE_LOOP('',(#1182,#1183,#1184,#1185));
#1182 = ORIENTED_EDGE('',*,*,#387,.T.);
#1183 = ORIENTED_EDGE('',*,*,#708,.T.);
#1184 = ORIENTED_EDGE('',*,*,#309,.F.);
#1185 = ORIENTED_EDGE('',*,*,#1186,.F.);
#1186 = EDGE_CURVE('',#388,#302,#1187,.T.);
#1187 = LINE('',#1188,#1189);
#1188 = CARTESIAN_POINT('',(5.6,-30.6,36.));
#1189 = VECTOR('',#1190,1.);
#1190 = DIRECTION('',(1.7E-16,2.11E-15,-1.));
#1191 = CYLINDRICAL_SURFACE('',#1192,1.4);
#1192 = AXIS2_PLACEMENT_3D('',#1193,#1194,#1195);
#1193 = CARTESIAN_POINT('',(7.,-30.6,36.));
#1194 = DIRECTION('',(1.7E-16,2.11E-15,-1.));
#1195 = DIRECTION('',(-1.,1.33E-15,-1.7E-16));
#1196 = ADVANCED_FACE('',(#1197),#1216,.F.);
#1197 = FACE_BOUND('',#1198,.T.);
#1198 = EDGE_LOOP('',(#1199,#1200,#1201,#1210));
#1199 = ORIENTED_EDGE('',*,*,#140,.F.);
#1200 = ORIENTED_EDGE('',*,*,#747,.T.);
#1201 = ORIENTED_EDGE('',*,*,#1202,.F.);
#1202 = EDGE_CURVE('',#1203,#740,#1205,.T.);
#1203 = VERTEX_POINT('',#1204);
#1204 = CARTESIAN_POINT('',(71.4,-31.97321374946,17.15));
#1205 = CIRCLE('',#1206,3.);
#1206 = AXIS2_PLACEMENT_3D('',#1207,#1208,#1209);
#1207 = CARTESIAN_POINT('',(71.,-29.,17.15));
#1208 = DIRECTION('',(-5.E-16,1.89E-15,-1.));
#1209 = DIRECTION('',(1.,-1.33E-15,-5.E-16));
#1210 = ORIENTED_EDGE('',*,*,#1211,.T.);
#1211 = EDGE_CURVE('',#1203,#141,#1212,.T.);
#1212 = LINE('',#1213,#1214);
#1213 = CARTESIAN_POINT('',(71.4,-31.97321374946,-9.769962616701E-14));
#1214 = VECTOR('',#1215,1.);
#1215 = DIRECTION('',(1.7E-16,2.11E-15,-1.));
#1216 = CYLINDRICAL_SURFACE('',#1217,3.);
#1217 = AXIS2_PLACEMENT_3D('',#1218,#1219,#1220);
#1218 = CARTESIAN_POINT('',(71.,-29.,-9.237055564881E-14));
#1219 = DIRECTION('',(1.7E-16,2.11E-15,-1.));
#1220 = DIRECTION('',(1.,-1.33E-15,1.7E-16));
#1221 = ADVANCED_FACE('',(#1222),#1265,.T.);
#1222 = FACE_BOUND('',#1223,.T.);
#1223 = EDGE_LOOP('',(#1224,#1234,#1240,#1241,#1242,#1243,#1251,#1259));
#1224 = ORIENTED_EDGE('',*,*,#1225,.F.);
#1225 = EDGE_CURVE('',#1226,#1228,#1230,.T.);
#1226 = VERTEX_POINT('',#1227);
#1227 = CARTESIAN_POINT('',(5.6,-26.4,18.45));
#1228 = VERTEX_POINT('',#1229);
#1229 = CARTESIAN_POINT('',(5.6,-26.79,18.45));
#1230 = LINE('',#1231,#1232);
#1231 = CARTESIAN_POINT('',(5.6,-14.25,18.45));
#1232 = VECTOR('',#1233,1.);
#1233 = DIRECTION('',(-8.9E-16,-1.,-1.89E-15));
#1234 = ORIENTED_EDGE('',*,*,#1235,.F.);
#1235 = EDGE_CURVE('',#397,#1226,#1236,.T.);
#1236 = LINE('',#1237,#1238);
#1237 = CARTESIAN_POINT('',(5.6,-26.4,36.));
#1238 = VECTOR('',#1239,1.);
#1239 = DIRECTION('',(1.7E-16,2.11E-15,-1.));
#1240 = ORIENTED_EDGE('',*,*,#396,.F.);
#1241 = ORIENTED_EDGE('',*,*,#1186,.T.);
#1242 = ORIENTED_EDGE('',*,*,#301,.T.);
#1243 = ORIENTED_EDGE('',*,*,#1244,.F.);
#1244 = EDGE_CURVE('',#1245,#293,#1247,.T.);
#1245 = VERTEX_POINT('',#1246);
#1246 = CARTESIAN_POINT('',(5.6,-26.4,17.15));
#1247 = LINE('',#1248,#1249);
#1248 = CARTESIAN_POINT('',(5.6,-26.4,17.15));
#1249 = VECTOR('',#1250,1.);
#1250 = DIRECTION('',(1.7E-16,2.11E-15,-1.));
#1251 = ORIENTED_EDGE('',*,*,#1252,.T.);
#1252 = EDGE_CURVE('',#1245,#1253,#1255,.T.);
#1253 = VERTEX_POINT('',#1254);
#1254 = CARTESIAN_POINT('',(5.6,-26.79,17.15));
#1255 = LINE('',#1256,#1257);
#1256 = CARTESIAN_POINT('',(5.6,-30.25,17.15));
#1257 = VECTOR('',#1258,1.);
#1258 = DIRECTION('',(-8.9E-16,-1.,-1.89E-15));
#1259 = ORIENTED_EDGE('',*,*,#1260,.F.);
#1260 = EDGE_CURVE('',#1228,#1253,#1261,.T.);
#1261 = LINE('',#1262,#1263);
#1262 = CARTESIAN_POINT('',(5.6,-26.79,18.45));
#1263 = VECTOR('',#1264,1.);
#1264 = DIRECTION('',(1.7E-16,2.11E-15,-1.));
#1265 = PLANE('',#1266);
#1266 = AXIS2_PLACEMENT_3D('',#1267,#1268,#1269);
#1267 = CARTESIAN_POINT('',(5.6,-28.5,18.));
#1268 = DIRECTION('',(1.,-1.33E-15,-5.E-16));
#1269 = DIRECTION('',(5.E-16,-2.11E-15,1.));
#1270 = ADVANCED_FACE('',(#1271),#1335,.T.);
#1271 = FACE_BOUND('',#1272,.T.);
#1272 = EDGE_LOOP('',(#1273,#1274,#1282,#1288,#1289,#1297,#1305,#1313,
    #1321,#1327,#1328,#1329));
#1273 = ORIENTED_EDGE('',*,*,#731,.F.);
#1274 = ORIENTED_EDGE('',*,*,#1275,.T.);
#1275 = EDGE_CURVE('',#724,#1276,#1278,.T.);
#1276 = VERTEX_POINT('',#1277);
#1277 = CARTESIAN_POINT('',(71.4,-31.97321374946,18.45));
#1278 = LINE('',#1279,#1280);
#1279 = CARTESIAN_POINT('',(71.4,-32.,18.45));
#1280 = VECTOR('',#1281,1.);
#1281 = DIRECTION('',(8.9E-16,1.,1.89E-15));
#1282 = ORIENTED_EDGE('',*,*,#1283,.F.);
#1283 = EDGE_CURVE('',#549,#1276,#1284,.T.);
#1284 = LINE('',#1285,#1286);
#1285 = CARTESIAN_POINT('',(71.4,-31.97321374946,-9.769962616701E-14));
#1286 = VECTOR('',#1287,1.);
#1287 = DIRECTION('',(1.7E-16,2.11E-15,-1.));
#1288 = ORIENTED_EDGE('',*,*,#548,.F.);
#1289 = ORIENTED_EDGE('',*,*,#1290,.T.);
#1290 = EDGE_CURVE('',#540,#1291,#1293,.T.);
#1291 = VERTEX_POINT('',#1292);
#1292 = CARTESIAN_POINT('',(71.4,-26.,18.45));
#1293 = LINE('',#1294,#1295);
#1294 = CARTESIAN_POINT('',(71.4,-26.,36.));
#1295 = VECTOR('',#1296,1.);
#1296 = DIRECTION('',(1.7E-16,2.11E-15,-1.));
#1297 = ORIENTED_EDGE('',*,*,#1298,.T.);
#1298 = EDGE_CURVE('',#1291,#1299,#1301,.T.);
#1299 = VERTEX_POINT('',#1300);
#1300 = CARTESIAN_POINT('',(71.4,-25.,18.45));
#1301 = LINE('',#1302,#1303);
#1302 = CARTESIAN_POINT('',(71.4,-32.,18.45));
#1303 = VECTOR('',#1304,1.);
#1304 = DIRECTION('',(8.9E-16,1.,1.89E-15));
#1305 = ORIENTED_EDGE('',*,*,#1306,.T.);
#1306 = EDGE_CURVE('',#1299,#1307,#1309,.T.);
#1307 = VERTEX_POINT('',#1308);
#1308 = CARTESIAN_POINT('',(71.4,-25.,17.15));
#1309 = LINE('',#1310,#1311);
#1310 = CARTESIAN_POINT('',(71.4,-25.,18.45));
#1311 = VECTOR('',#1312,1.);
#1312 = DIRECTION('',(1.7E-16,2.11E-15,-1.));
#1313 = ORIENTED_EDGE('',*,*,#1314,.F.);
#1314 = EDGE_CURVE('',#1315,#1307,#1317,.T.);
#1315 = VERTEX_POINT('',#1316);
#1316 = CARTESIAN_POINT('',(71.4,-26.,17.15));
#1317 = LINE('',#1318,#1319);
#1318 = CARTESIAN_POINT('',(71.4,-32.,17.15));
#1319 = VECTOR('',#1320,1.);
#1320 = DIRECTION('',(8.9E-16,1.,1.89E-15));
#1321 = ORIENTED_EDGE('',*,*,#1322,.T.);
#1322 = EDGE_CURVE('',#1315,#150,#1323,.T.);
#1323 = LINE('',#1324,#1325);
#1324 = CARTESIAN_POINT('',(71.4,-26.,36.));
#1325 = VECTOR('',#1326,1.);
#1326 = DIRECTION('',(1.7E-16,2.11E-15,-1.));
#1327 = ORIENTED_EDGE('',*,*,#149,.T.);
#1328 = ORIENTED_EDGE('',*,*,#1211,.F.);
#1329 = ORIENTED_EDGE('',*,*,#1330,.F.);
#1330 = EDGE_CURVE('',#732,#1203,#1331,.T.);
#1331 = LINE('',#1332,#1333);
#1332 = CARTESIAN_POINT('',(71.4,-32.,17.15));
#1333 = VECTOR('',#1334,1.);
#1334 = DIRECTION('',(8.9E-16,1.,1.89E-15));
#1335 = PLANE('',#1336);
#1336 = AXIS2_PLACEMENT_3D('',#1337,#1338,#1339);
#1337 = CARTESIAN_POINT('',(71.4,-28.89268043147,17.995224249997));
#1338 = DIRECTION('',(-1.,1.33E-15,5.E-16));
#1339 = DIRECTION('',(-5.E-16,2.11E-15,-1.));
#1340 = ADVANCED_FACE('',(#1341),#1360,.T.);
#1341 = FACE_BOUND('',#1342,.F.);
#1342 = EDGE_LOOP('',(#1343,#1344,#1353,#1359));
#1343 = ORIENTED_EDGE('',*,*,#1244,.F.);
#1344 = ORIENTED_EDGE('',*,*,#1345,.F.);
#1345 = EDGE_CURVE('',#1346,#1245,#1348,.T.);
#1346 = VERTEX_POINT('',#1347);
#1347 = CARTESIAN_POINT('',(4.2,-25.,15.75));
#1348 = ELLIPSE('',#1349,1.979898987322,1.4);
#1349 = AXIS2_PLACEMENT_3D('',#1350,#1351,#1352);
#1350 = CARTESIAN_POINT('',(4.2,-26.4,15.75));
#1351 = DIRECTION('',(0.707106781187,-3.867965644036E-17,-0.707106781187
    ));
#1352 = DIRECTION('',(-0.707106781187,2.98132034356E-15,-0.707106781187)
  );
#1353 = ORIENTED_EDGE('',*,*,#1354,.T.);
#1354 = EDGE_CURVE('',#1346,#285,#1355,.T.);
#1355 = LINE('',#1356,#1357);
#1356 = CARTESIAN_POINT('',(4.2,-25.,17.15));
#1357 = VECTOR('',#1358,1.);
#1358 = DIRECTION('',(1.7E-16,2.11E-15,-1.));
#1359 = ORIENTED_EDGE('',*,*,#292,.F.);
#1360 = CYLINDRICAL_SURFACE('',#1361,1.4);
#1361 = AXIS2_PLACEMENT_3D('',#1362,#1363,#1364);
#1362 = CARTESIAN_POINT('',(4.2,-26.4,17.15));
#1363 = DIRECTION('',(1.7E-16,2.11E-15,-1.));
#1364 = DIRECTION('',(1.,-1.33E-15,1.7E-16));
#1365 = ADVANCED_FACE('',(#1366),#1394,.T.);
#1366 = FACE_BOUND('',#1367,.T.);
#1367 = EDGE_LOOP('',(#1368,#1376,#1377,#1378,#1387));
#1368 = ORIENTED_EDGE('',*,*,#1369,.T.);
#1369 = EDGE_CURVE('',#1370,#158,#1372,.T.);
#1370 = VERTEX_POINT('',#1371);
#1371 = CARTESIAN_POINT('',(72.4,-25.,16.16));
#1372 = LINE('',#1373,#1374);
#1373 = CARTESIAN_POINT('',(72.4,-25.,36.));
#1374 = VECTOR('',#1375,1.);
#1375 = DIRECTION('',(1.7E-16,2.11E-15,-1.));
#1376 = ORIENTED_EDGE('',*,*,#157,.F.);
#1377 = ORIENTED_EDGE('',*,*,#1322,.F.);
#1378 = ORIENTED_EDGE('',*,*,#1379,.T.);
#1379 = EDGE_CURVE('',#1315,#1380,#1382,.T.);
#1380 = VERTEX_POINT('',#1381);
#1381 = CARTESIAN_POINT('',(71.41,-25.8589326402,17.15));
#1382 = CIRCLE('',#1383,1.);
#1383 = AXIS2_PLACEMENT_3D('',#1384,#1385,#1386);
#1384 = CARTESIAN_POINT('',(72.4,-26.,17.15));
#1385 = DIRECTION('',(-5.E-16,1.89E-15,-1.));
#1386 = DIRECTION('',(-1.,1.33E-15,5.E-16));
#1387 = ORIENTED_EDGE('',*,*,#1388,.T.);
#1388 = EDGE_CURVE('',#1380,#1370,#1389,.T.);
#1389 = ELLIPSE('',#1390,1.414213562373,1.);
#1390 = AXIS2_PLACEMENT_3D('',#1391,#1392,#1393);
#1391 = CARTESIAN_POINT('',(72.4,-26.,16.16));
#1392 = DIRECTION('',(-0.707106781187,2.24132034356E-15,-0.707106781187)
  );
#1393 = DIRECTION('',(0.707106781187,2.313203435596E-16,-0.707106781187)
  );
#1394 = CYLINDRICAL_SURFACE('',#1395,1.);
#1395 = AXIS2_PLACEMENT_3D('',#1396,#1397,#1398);
#1396 = CARTESIAN_POINT('',(72.4,-26.,36.));
#1397 = DIRECTION('',(1.7E-16,2.11E-15,-1.));
#1398 = DIRECTION('',(-1.,1.33E-15,-1.7E-16));
#1399 = ADVANCED_FACE('',(#1400),#1418,.T.);
#1400 = FACE_BOUND('',#1401,.T.);
#1401 = EDGE_LOOP('',(#1402,#1403,#1404,#1412));
#1402 = ORIENTED_EDGE('',*,*,#1354,.T.);
#1403 = ORIENTED_EDGE('',*,*,#284,.T.);
#1404 = ORIENTED_EDGE('',*,*,#1405,.F.);
#1405 = EDGE_CURVE('',#1406,#276,#1408,.T.);
#1406 = VERTEX_POINT('',#1407);
#1407 = CARTESIAN_POINT('',(3.,-25.,14.55));
#1408 = LINE('',#1409,#1410);
#1409 = CARTESIAN_POINT('',(3.,-25.,36.));
#1410 = VECTOR('',#1411,1.);
#1411 = DIRECTION('',(1.7E-16,2.11E-15,-1.));
#1412 = ORIENTED_EDGE('',*,*,#1413,.F.);
#1413 = EDGE_CURVE('',#1346,#1406,#1414,.T.);
#1414 = LINE('',#1415,#1416);
#1415 = CARTESIAN_POINT('',(7.5125,-25.,19.0625));
#1416 = VECTOR('',#1417,1.);
#1417 = DIRECTION('',(-0.707106781187,2.32132034356E-15,-0.707106781187)
  );
#1418 = PLANE('',#1419);
#1419 = AXIS2_PLACEMENT_3D('',#1420,#1421,#1422);
#1420 = CARTESIAN_POINT('',(5.6,-25.,36.));
#1421 = DIRECTION('',(8.9E-16,1.,1.89E-15));
#1422 = DIRECTION('',(-1.,8.9E-16,5.E-16));
#1423 = ADVANCED_FACE('',(#1424),#1442,.T.);
#1424 = FACE_BOUND('',#1425,.T.);
#1425 = EDGE_LOOP('',(#1426,#1427,#1435,#1441));
#1426 = ORIENTED_EDGE('',*,*,#1369,.F.);
#1427 = ORIENTED_EDGE('',*,*,#1428,.T.);
#1428 = EDGE_CURVE('',#1370,#1429,#1431,.T.);
#1429 = VERTEX_POINT('',#1430);
#1430 = CARTESIAN_POINT('',(73.,-25.,15.56));
#1431 = LINE('',#1432,#1433);
#1432 = CARTESIAN_POINT('',(67.4925,-25.,21.0675));
#1433 = VECTOR('',#1434,1.);
#1434 = DIRECTION('',(0.707106781187,2.813203435596E-16,-0.707106781187)
  );
#1435 = ORIENTED_EDGE('',*,*,#1436,.T.);
#1436 = EDGE_CURVE('',#1429,#167,#1437,.T.);
#1437 = LINE('',#1438,#1439);
#1438 = CARTESIAN_POINT('',(73.,-25.,36.));
#1439 = VECTOR('',#1440,1.);
#1440 = DIRECTION('',(1.7E-16,2.11E-15,-1.));
#1441 = ORIENTED_EDGE('',*,*,#166,.T.);
#1442 = PLANE('',#1443);
#1443 = AXIS2_PLACEMENT_3D('',#1444,#1445,#1446);
#1444 = CARTESIAN_POINT('',(73.,-25.,36.));
#1445 = DIRECTION('',(8.9E-16,1.,1.89E-15));
#1446 = DIRECTION('',(-1.,8.9E-16,5.E-16));
#1447 = ADVANCED_FACE('',(#1448),#1467,.F.);
#1448 = FACE_BOUND('',#1449,.T.);
#1449 = EDGE_LOOP('',(#1450,#1458,#1465,#1466));
#1450 = ORIENTED_EDGE('',*,*,#1451,.F.);
#1451 = EDGE_CURVE('',#1452,#268,#1454,.T.);
#1452 = VERTEX_POINT('',#1453);
#1453 = CARTESIAN_POINT('',(1.,-23.,12.55));
#1454 = LINE('',#1455,#1456);
#1455 = CARTESIAN_POINT('',(1.,-23.,36.));
#1456 = VECTOR('',#1457,1.);
#1457 = DIRECTION('',(1.7E-16,2.11E-15,-1.));
#1458 = ORIENTED_EDGE('',*,*,#1459,.F.);
#1459 = EDGE_CURVE('',#1406,#1452,#1460,.T.);
#1460 = ELLIPSE('',#1461,2.828427124746,2.);
#1461 = AXIS2_PLACEMENT_3D('',#1462,#1463,#1464);
#1462 = CARTESIAN_POINT('',(3.,-23.,14.55));
#1463 = DIRECTION('',(0.707106781187,-3.867965644036E-17,-0.707106781187
    ));
#1464 = DIRECTION('',(-0.707106781187,2.98132034356E-15,-0.707106781187)
  );
#1465 = ORIENTED_EDGE('',*,*,#1405,.T.);
#1466 = ORIENTED_EDGE('',*,*,#275,.F.);
#1467 = CYLINDRICAL_SURFACE('',#1468,2.);
#1468 = AXIS2_PLACEMENT_3D('',#1469,#1470,#1471);
#1469 = CARTESIAN_POINT('',(3.,-23.,36.));
#1470 = DIRECTION('',(1.7E-16,2.11E-15,-1.));
#1471 = DIRECTION('',(-1.,1.33E-15,-1.7E-16));
#1472 = ADVANCED_FACE('',(#1473,#1491),#1525,.T.);
#1473 = FACE_BOUND('',#1474,.T.);
#1474 = EDGE_LOOP('',(#1475,#1483,#1484,#1485));
#1475 = ORIENTED_EDGE('',*,*,#1476,.T.);
#1476 = EDGE_CURVE('',#1477,#175,#1479,.T.);
#1477 = VERTEX_POINT('',#1478);
#1478 = CARTESIAN_POINT('',(73.,-7.,15.56));
#1479 = LINE('',#1480,#1481);
#1480 = CARTESIAN_POINT('',(73.,-7.,36.));
#1481 = VECTOR('',#1482,1.);
#1482 = DIRECTION('',(1.7E-16,2.11E-15,-1.));
#1483 = ORIENTED_EDGE('',*,*,#174,.T.);
#1484 = ORIENTED_EDGE('',*,*,#1436,.F.);
#1485 = ORIENTED_EDGE('',*,*,#1486,.F.);
#1486 = EDGE_CURVE('',#1477,#1429,#1487,.T.);
#1487 = LINE('',#1488,#1489);
#1488 = CARTESIAN_POINT('',(73.,-7.,15.56));
#1489 = VECTOR('',#1490,1.);
#1490 = DIRECTION('',(-1.11E-15,-1.,-1.67E-15));
#1491 = FACE_BOUND('',#1492,.T.);
#1492 = EDGE_LOOP('',(#1493,#1503,#1511,#1519));
#1493 = ORIENTED_EDGE('',*,*,#1494,.F.);
#1494 = EDGE_CURVE('',#1495,#1497,#1499,.T.);
#1495 = VERTEX_POINT('',#1496);
#1496 = CARTESIAN_POINT('',(73.,-10.5,3.4));
#1497 = VERTEX_POINT('',#1498);
#1498 = CARTESIAN_POINT('',(73.,-10.5,0.9));
#1499 = LINE('',#1500,#1501);
#1500 = CARTESIAN_POINT('',(73.,-10.5,3.4));
#1501 = VECTOR('',#1502,1.);
#1502 = DIRECTION('',(1.7E-16,2.11E-15,-1.));
#1503 = ORIENTED_EDGE('',*,*,#1504,.F.);
#1504 = EDGE_CURVE('',#1505,#1495,#1507,.T.);
#1505 = VERTEX_POINT('',#1506);
#1506 = CARTESIAN_POINT('',(73.,-21.5,3.4));
#1507 = LINE('',#1508,#1509);
#1508 = CARTESIAN_POINT('',(73.,-21.5,3.4));
#1509 = VECTOR('',#1510,1.);
#1510 = DIRECTION('',(8.9E-16,1.,1.89E-15));
#1511 = ORIENTED_EDGE('',*,*,#1512,.F.);
#1512 = EDGE_CURVE('',#1513,#1505,#1515,.T.);
#1513 = VERTEX_POINT('',#1514);
#1514 = CARTESIAN_POINT('',(73.,-21.5,0.9));
#1515 = LINE('',#1516,#1517);
#1516 = CARTESIAN_POINT('',(73.,-21.5,0.9));
#1517 = VECTOR('',#1518,1.);
#1518 = DIRECTION('',(-1.7E-16,-2.11E-15,1.));
#1519 = ORIENTED_EDGE('',*,*,#1520,.F.);
#1520 = EDGE_CURVE('',#1497,#1513,#1521,.T.);
#1521 = LINE('',#1522,#1523);
#1522 = CARTESIAN_POINT('',(73.,-10.5,0.9));
#1523 = VECTOR('',#1524,1.);
#1524 = DIRECTION('',(-8.9E-16,-1.,-1.89E-15));
#1525 = PLANE('',#1526);
#1526 = AXIS2_PLACEMENT_3D('',#1527,#1528,#1529);
#1527 = CARTESIAN_POINT('',(73.,-0.5,36.));
#1528 = DIRECTION('',(-1.,1.33E-15,5.E-16));
#1529 = DIRECTION('',(-1.33E-15,-1.,-1.89E-15));
#1530 = ADVANCED_FACE('',(#1531,#1549),#1583,.T.);
#1531 = FACE_BOUND('',#1532,.T.);
#1532 = EDGE_LOOP('',(#1533,#1541,#1542,#1543));
#1533 = ORIENTED_EDGE('',*,*,#1534,.F.);
#1534 = EDGE_CURVE('',#1452,#1535,#1537,.T.);
#1535 = VERTEX_POINT('',#1536);
#1536 = CARTESIAN_POINT('',(1.,-9.,12.55));
#1537 = LINE('',#1538,#1539);
#1538 = CARTESIAN_POINT('',(1.,-18.4,12.55));
#1539 = VECTOR('',#1540,1.);
#1540 = DIRECTION('',(1.22E-15,1.,1.17E-15));
#1541 = ORIENTED_EDGE('',*,*,#1451,.T.);
#1542 = ORIENTED_EDGE('',*,*,#267,.T.);
#1543 = ORIENTED_EDGE('',*,*,#1544,.F.);
#1544 = EDGE_CURVE('',#1535,#259,#1545,.T.);
#1545 = LINE('',#1546,#1547);
#1546 = CARTESIAN_POINT('',(1.,-9.,36.));
#1547 = VECTOR('',#1548,1.);
#1548 = DIRECTION('',(1.7E-16,2.11E-15,-1.));
#1549 = FACE_BOUND('',#1550,.T.);
#1550 = EDGE_LOOP('',(#1551,#1561,#1569,#1577));
#1551 = ORIENTED_EDGE('',*,*,#1552,.F.);
#1552 = EDGE_CURVE('',#1553,#1555,#1557,.T.);
#1553 = VERTEX_POINT('',#1554);
#1554 = CARTESIAN_POINT('',(1.,-21.5,3.4));
#1555 = VERTEX_POINT('',#1556);
#1556 = CARTESIAN_POINT('',(1.,-21.5,0.9));
#1557 = LINE('',#1558,#1559);
#1558 = CARTESIAN_POINT('',(1.,-21.5,3.4));
#1559 = VECTOR('',#1560,1.);
#1560 = DIRECTION('',(1.7E-16,2.78E-15,-1.));
#1561 = ORIENTED_EDGE('',*,*,#1562,.F.);
#1562 = EDGE_CURVE('',#1563,#1553,#1565,.T.);
#1563 = VERTEX_POINT('',#1564);
#1564 = CARTESIAN_POINT('',(1.,-10.5,3.4));
#1565 = LINE('',#1566,#1567);
#1566 = CARTESIAN_POINT('',(1.,-10.5,3.4));
#1567 = VECTOR('',#1568,1.);
#1568 = DIRECTION('',(-2.2E-16,-1.,-2.56E-15));
#1569 = ORIENTED_EDGE('',*,*,#1570,.F.);
#1570 = EDGE_CURVE('',#1571,#1563,#1573,.T.);
#1571 = VERTEX_POINT('',#1572);
#1572 = CARTESIAN_POINT('',(1.,-10.5,0.9));
#1573 = LINE('',#1574,#1575);
#1574 = CARTESIAN_POINT('',(1.,-10.5,0.9));
#1575 = VECTOR('',#1576,1.);
#1576 = DIRECTION('',(-1.7E-16,-2.78E-15,1.));
#1577 = ORIENTED_EDGE('',*,*,#1578,.F.);
#1578 = EDGE_CURVE('',#1555,#1571,#1579,.T.);
#1579 = LINE('',#1580,#1581);
#1580 = CARTESIAN_POINT('',(1.,-21.5,0.9));
#1581 = VECTOR('',#1582,1.);
#1582 = DIRECTION('',(2.2E-16,1.,2.56E-15));
#1583 = PLANE('',#1584);
#1584 = AXIS2_PLACEMENT_3D('',#1585,#1586,#1587);
#1585 = CARTESIAN_POINT('',(1.,-31.5,36.));
#1586 = DIRECTION('',(1.,-1.33E-15,-5.E-16));
#1587 = DIRECTION('',(1.33E-15,1.,1.89E-15));
#1588 = ADVANCED_FACE('',(#1589),#1607,.T.);
#1589 = FACE_BOUND('',#1590,.T.);
#1590 = EDGE_LOOP('',(#1591,#1592,#1600,#1606));
#1591 = ORIENTED_EDGE('',*,*,#1476,.F.);
#1592 = ORIENTED_EDGE('',*,*,#1593,.F.);
#1593 = EDGE_CURVE('',#1594,#1477,#1596,.T.);
#1594 = VERTEX_POINT('',#1595);
#1595 = CARTESIAN_POINT('',(72.4,-7.,16.16));
#1596 = LINE('',#1597,#1598);
#1597 = CARTESIAN_POINT('',(67.0925,-7.,21.4675));
#1598 = VECTOR('',#1599,1.);
#1599 = DIRECTION('',(0.707106781187,2.813203435596E-16,-0.707106781187)
  );
#1600 = ORIENTED_EDGE('',*,*,#1601,.T.);
#1601 = EDGE_CURVE('',#1594,#183,#1602,.T.);
#1602 = LINE('',#1603,#1604);
#1603 = CARTESIAN_POINT('',(72.4,-7.,36.));
#1604 = VECTOR('',#1605,1.);
#1605 = DIRECTION('',(1.7E-16,2.11E-15,-1.));
#1606 = ORIENTED_EDGE('',*,*,#182,.T.);
#1607 = PLANE('',#1608);
#1608 = AXIS2_PLACEMENT_3D('',#1609,#1610,#1611);
#1609 = CARTESIAN_POINT('',(71.4,-7.,36.));
#1610 = DIRECTION('',(-8.9E-16,-1.,-1.89E-15));
#1611 = DIRECTION('',(1.,-8.9E-16,-5.E-16));
#1612 = ADVANCED_FACE('',(#1613),#1632,.F.);
#1613 = FACE_BOUND('',#1614,.F.);
#1614 = EDGE_LOOP('',(#1615,#1616,#1625,#1631));
#1615 = ORIENTED_EDGE('',*,*,#1544,.F.);
#1616 = ORIENTED_EDGE('',*,*,#1617,.T.);
#1617 = EDGE_CURVE('',#1535,#1618,#1620,.T.);
#1618 = VERTEX_POINT('',#1619);
#1619 = CARTESIAN_POINT('',(3.,-7.,14.55));
#1620 = ELLIPSE('',#1621,2.828427124746,2.);
#1621 = AXIS2_PLACEMENT_3D('',#1622,#1623,#1624);
#1622 = CARTESIAN_POINT('',(3.,-9.,14.55));
#1623 = DIRECTION('',(0.707106781187,-3.867965644036E-17,-0.707106781187
    ));
#1624 = DIRECTION('',(-0.707106781187,2.98132034356E-15,-0.707106781187)
  );
#1625 = ORIENTED_EDGE('',*,*,#1626,.T.);
#1626 = EDGE_CURVE('',#1618,#251,#1627,.T.);
#1627 = LINE('',#1628,#1629);
#1628 = CARTESIAN_POINT('',(3.,-7.,36.));
#1629 = VECTOR('',#1630,1.);
#1630 = DIRECTION('',(1.7E-16,2.11E-15,-1.));
#1631 = ORIENTED_EDGE('',*,*,#258,.F.);
#1632 = CYLINDRICAL_SURFACE('',#1633,2.);
#1633 = AXIS2_PLACEMENT_3D('',#1634,#1635,#1636);
#1634 = CARTESIAN_POINT('',(3.,-9.,36.));
#1635 = DIRECTION('',(1.7E-16,2.11E-15,-1.));
#1636 = DIRECTION('',(-1.,1.33E-15,-1.7E-16));
#1637 = ADVANCED_FACE('',(#1638),#1666,.T.);
#1638 = FACE_BOUND('',#1639,.F.);
#1639 = EDGE_LOOP('',(#1640,#1641,#1642,#1650,#1659));
#1640 = ORIENTED_EDGE('',*,*,#1601,.T.);
#1641 = ORIENTED_EDGE('',*,*,#190,.F.);
#1642 = ORIENTED_EDGE('',*,*,#1643,.F.);
#1643 = EDGE_CURVE('',#1644,#191,#1646,.T.);
#1644 = VERTEX_POINT('',#1645);
#1645 = CARTESIAN_POINT('',(71.4,-6.,17.15));
#1646 = LINE('',#1647,#1648);
#1647 = CARTESIAN_POINT('',(71.4,-6.,36.));
#1648 = VECTOR('',#1649,1.);
#1649 = DIRECTION('',(1.7E-16,2.11E-15,-1.));
#1650 = ORIENTED_EDGE('',*,*,#1651,.F.);
#1651 = EDGE_CURVE('',#1652,#1644,#1654,.T.);
#1652 = VERTEX_POINT('',#1653);
#1653 = CARTESIAN_POINT('',(71.41,-6.141067359797,17.15));
#1654 = CIRCLE('',#1655,1.);
#1655 = AXIS2_PLACEMENT_3D('',#1656,#1657,#1658);
#1656 = CARTESIAN_POINT('',(72.4,-6.,17.15));
#1657 = DIRECTION('',(-5.E-16,1.89E-15,-1.));
#1658 = DIRECTION('',(-1.,1.33E-15,5.E-16));
#1659 = ORIENTED_EDGE('',*,*,#1660,.T.);
#1660 = EDGE_CURVE('',#1652,#1594,#1661,.T.);
#1661 = ELLIPSE('',#1662,1.414213562373,1.);
#1662 = AXIS2_PLACEMENT_3D('',#1663,#1664,#1665);
#1663 = CARTESIAN_POINT('',(72.4,-6.,16.16));
#1664 = DIRECTION('',(0.707106781187,-2.24132034356E-15,0.707106781187)
  );
#1665 = DIRECTION('',(0.707106781187,2.313203435596E-16,-0.707106781187)
  );
#1666 = CYLINDRICAL_SURFACE('',#1667,1.);
#1667 = AXIS2_PLACEMENT_3D('',#1668,#1669,#1670);
#1668 = CARTESIAN_POINT('',(72.4,-6.,36.));
#1669 = DIRECTION('',(1.7E-16,2.11E-15,-1.));
#1670 = DIRECTION('',(-1.,1.33E-15,-1.7E-16));
#1671 = ADVANCED_FACE('',(#1672),#1690,.T.);
#1672 = FACE_BOUND('',#1673,.T.);
#1673 = EDGE_LOOP('',(#1674,#1682,#1688,#1689));
#1674 = ORIENTED_EDGE('',*,*,#1675,.F.);
#1675 = EDGE_CURVE('',#1676,#242,#1678,.T.);
#1676 = VERTEX_POINT('',#1677);
#1677 = CARTESIAN_POINT('',(4.2,-7.,15.75));
#1678 = LINE('',#1679,#1680);
#1679 = CARTESIAN_POINT('',(4.2,-7.,17.15));
#1680 = VECTOR('',#1681,1.);
#1681 = DIRECTION('',(1.7E-16,2.11E-15,-1.));
#1682 = ORIENTED_EDGE('',*,*,#1683,.F.);
#1683 = EDGE_CURVE('',#1618,#1676,#1684,.T.);
#1684 = LINE('',#1685,#1686);
#1685 = CARTESIAN_POINT('',(6.3625,-7.,17.9125));
#1686 = VECTOR('',#1687,1.);
#1687 = DIRECTION('',(0.707106781187,-2.32132034356E-15,0.707106781187)
  );
#1688 = ORIENTED_EDGE('',*,*,#1626,.T.);
#1689 = ORIENTED_EDGE('',*,*,#250,.T.);
#1690 = PLANE('',#1691);
#1691 = AXIS2_PLACEMENT_3D('',#1692,#1693,#1694);
#1692 = CARTESIAN_POINT('',(1.,-7.,36.));
#1693 = DIRECTION('',(-8.9E-16,-1.,-1.89E-15));
#1694 = DIRECTION('',(1.,-8.9E-16,-5.E-16));
#1695 = ADVANCED_FACE('',(#1696),#1769,.T.);
#1696 = FACE_BOUND('',#1697,.T.);
#1697 = EDGE_LOOP('',(#1698,#1708,#1716,#1722,#1723,#1731,#1739,#1747,
    #1755,#1761,#1762,#1763));
#1698 = ORIENTED_EDGE('',*,*,#1699,.F.);
#1699 = EDGE_CURVE('',#1700,#1702,#1704,.T.);
#1700 = VERTEX_POINT('',#1701);
#1701 = CARTESIAN_POINT('',(71.4,-7.,18.45));
#1702 = VERTEX_POINT('',#1703);
#1703 = CARTESIAN_POINT('',(71.4,-7.,17.15));
#1704 = LINE('',#1705,#1706);
#1705 = CARTESIAN_POINT('',(71.4,-7.,18.45));
#1706 = VECTOR('',#1707,1.);
#1707 = DIRECTION('',(1.7E-16,2.11E-15,-1.));
#1708 = ORIENTED_EDGE('',*,*,#1709,.T.);
#1709 = EDGE_CURVE('',#1700,#1710,#1712,.T.);
#1710 = VERTEX_POINT('',#1711);
#1711 = CARTESIAN_POINT('',(71.4,-6.,18.45));
#1712 = LINE('',#1713,#1714);
#1713 = CARTESIAN_POINT('',(71.4,-7.,18.45));
#1714 = VECTOR('',#1715,1.);
#1715 = DIRECTION('',(8.9E-16,1.,1.89E-15));
#1716 = ORIENTED_EDGE('',*,*,#1717,.F.);
#1717 = EDGE_CURVE('',#499,#1710,#1718,.T.);
#1718 = LINE('',#1719,#1720);
#1719 = CARTESIAN_POINT('',(71.4,-6.,36.));
#1720 = VECTOR('',#1721,1.);
#1721 = DIRECTION('',(1.7E-16,2.11E-15,-1.));
#1722 = ORIENTED_EDGE('',*,*,#498,.F.);
#1723 = ORIENTED_EDGE('',*,*,#1724,.T.);
#1724 = EDGE_CURVE('',#490,#1725,#1727,.T.);
#1725 = VERTEX_POINT('',#1726);
#1726 = CARTESIAN_POINT('',(71.4,-2.678625053645E-02,18.45));
#1727 = LINE('',#1728,#1729);
#1728 = CARTESIAN_POINT('',(71.4,-2.678625053637E-02,-3.730349362741E-14
    ));
#1729 = VECTOR('',#1730,1.);
#1730 = DIRECTION('',(1.7E-16,2.11E-15,-1.));
#1731 = ORIENTED_EDGE('',*,*,#1732,.T.);
#1732 = EDGE_CURVE('',#1725,#1733,#1735,.T.);
#1733 = VERTEX_POINT('',#1734);
#1734 = CARTESIAN_POINT('',(71.4,-1.4755E-13,18.45));
#1735 = LINE('',#1736,#1737);
#1736 = CARTESIAN_POINT('',(71.4,-7.,18.45));
#1737 = VECTOR('',#1738,1.);
#1738 = DIRECTION('',(8.9E-16,1.,1.89E-15));
#1739 = ORIENTED_EDGE('',*,*,#1740,.T.);
#1740 = EDGE_CURVE('',#1733,#1741,#1743,.T.);
#1741 = VERTEX_POINT('',#1742);
#1742 = CARTESIAN_POINT('',(71.4,-1.4785E-13,17.15));
#1743 = LINE('',#1744,#1745);
#1744 = CARTESIAN_POINT('',(71.4,-1.1486E-13,18.45));
#1745 = VECTOR('',#1746,1.);
#1746 = DIRECTION('',(1.7E-16,2.11E-15,-1.));
#1747 = ORIENTED_EDGE('',*,*,#1748,.F.);
#1748 = EDGE_CURVE('',#1749,#1741,#1751,.T.);
#1749 = VERTEX_POINT('',#1750);
#1750 = CARTESIAN_POINT('',(71.4,-2.678625053645E-02,17.15));
#1751 = LINE('',#1752,#1753);
#1752 = CARTESIAN_POINT('',(71.4,-7.,17.15));
#1753 = VECTOR('',#1754,1.);
#1754 = DIRECTION('',(8.9E-16,1.,1.89E-15));
#1755 = ORIENTED_EDGE('',*,*,#1756,.T.);
#1756 = EDGE_CURVE('',#1749,#200,#1757,.T.);
#1757 = LINE('',#1758,#1759);
#1758 = CARTESIAN_POINT('',(71.4,-2.678625053637E-02,-3.730349362741E-14
    ));
#1759 = VECTOR('',#1760,1.);
#1760 = DIRECTION('',(1.7E-16,2.11E-15,-1.));
#1761 = ORIENTED_EDGE('',*,*,#199,.T.);
#1762 = ORIENTED_EDGE('',*,*,#1643,.F.);
#1763 = ORIENTED_EDGE('',*,*,#1764,.F.);
#1764 = EDGE_CURVE('',#1702,#1644,#1765,.T.);
#1765 = LINE('',#1766,#1767);
#1766 = CARTESIAN_POINT('',(71.4,-7.,17.15));
#1767 = VECTOR('',#1768,1.);
#1768 = DIRECTION('',(8.9E-16,1.,1.89E-15));
#1769 = PLANE('',#1770);
#1770 = AXIS2_PLACEMENT_3D('',#1771,#1772,#1773);
#1771 = CARTESIAN_POINT('',(71.4,-3.10731956853,17.995224249997));
#1772 = DIRECTION('',(-1.,1.33E-15,5.E-16));
#1773 = DIRECTION('',(-5.E-16,2.11E-15,-1.));
#1774 = ADVANCED_FACE('',(#1775),#1794,.T.);
#1775 = FACE_BOUND('',#1776,.T.);
#1776 = EDGE_LOOP('',(#1777,#1785,#1792,#1793));
#1777 = ORIENTED_EDGE('',*,*,#1778,.F.);
#1778 = EDGE_CURVE('',#1779,#234,#1781,.T.);
#1779 = VERTEX_POINT('',#1780);
#1780 = CARTESIAN_POINT('',(5.6,-5.6,17.15));
#1781 = LINE('',#1782,#1783);
#1782 = CARTESIAN_POINT('',(5.6,-5.6,17.15));
#1783 = VECTOR('',#1784,1.);
#1784 = DIRECTION('',(1.7E-16,2.11E-15,-1.));
#1785 = ORIENTED_EDGE('',*,*,#1786,.T.);
#1786 = EDGE_CURVE('',#1779,#1676,#1787,.T.);
#1787 = ELLIPSE('',#1788,1.979898987322,1.4);
#1788 = AXIS2_PLACEMENT_3D('',#1789,#1790,#1791);
#1789 = CARTESIAN_POINT('',(4.2,-5.6,15.75));
#1790 = DIRECTION('',(0.707106781187,-3.867965644036E-17,-0.707106781187
    ));
#1791 = DIRECTION('',(-0.707106781187,2.98132034356E-15,-0.707106781187)
  );
#1792 = ORIENTED_EDGE('',*,*,#1675,.T.);
#1793 = ORIENTED_EDGE('',*,*,#241,.F.);
#1794 = CYLINDRICAL_SURFACE('',#1795,1.4);
#1795 = AXIS2_PLACEMENT_3D('',#1796,#1797,#1798);
#1796 = CARTESIAN_POINT('',(4.2,-5.6,17.15));
#1797 = DIRECTION('',(1.7E-16,2.11E-15,-1.));
#1798 = DIRECTION('',(1.,-1.33E-15,1.7E-16));
#1799 = ADVANCED_FACE('',(#1800),#1819,.F.);
#1800 = FACE_BOUND('',#1801,.T.);
#1801 = EDGE_LOOP('',(#1802,#1803,#1804,#1813));
#1802 = ORIENTED_EDGE('',*,*,#207,.F.);
#1803 = ORIENTED_EDGE('',*,*,#1756,.F.);
#1804 = ORIENTED_EDGE('',*,*,#1805,.F.);
#1805 = EDGE_CURVE('',#1806,#1749,#1808,.T.);
#1806 = VERTEX_POINT('',#1807);
#1807 = CARTESIAN_POINT('',(71.,-1.4685E-13,17.15));
#1808 = CIRCLE('',#1809,3.);
#1809 = AXIS2_PLACEMENT_3D('',#1810,#1811,#1812);
#1810 = CARTESIAN_POINT('',(71.,-3.,17.15));
#1811 = DIRECTION('',(-5.E-16,1.89E-15,-1.));
#1812 = DIRECTION('',(1.,-1.33E-15,-5.E-16));
#1813 = ORIENTED_EDGE('',*,*,#1814,.F.);
#1814 = EDGE_CURVE('',#208,#1806,#1815,.T.);
#1815 = LINE('',#1816,#1817);
#1816 = CARTESIAN_POINT('',(71.,-7.58E-14,-3.730349362741E-14));
#1817 = VECTOR('',#1818,1.);
#1818 = DIRECTION('',(-1.7E-16,-2.11E-15,1.));
#1819 = CYLINDRICAL_SURFACE('',#1820,3.);
#1820 = AXIS2_PLACEMENT_3D('',#1821,#1822,#1823);
#1821 = CARTESIAN_POINT('',(71.,-3.,-4.263256414561E-14));
#1822 = DIRECTION('',(1.7E-16,2.11E-15,-1.));
#1823 = DIRECTION('',(1.,-1.33E-15,1.7E-16));
#1824 = ADVANCED_FACE('',(#1825),#1874,.T.);
#1825 = FACE_BOUND('',#1826,.T.);
#1826 = EDGE_LOOP('',(#1827,#1837,#1845,#1853,#1859,#1860,#1861,#1867,
    #1868));
#1827 = ORIENTED_EDGE('',*,*,#1828,.T.);
#1828 = EDGE_CURVE('',#1829,#1831,#1833,.T.);
#1829 = VERTEX_POINT('',#1830);
#1830 = CARTESIAN_POINT('',(5.6,-5.6,18.45));
#1831 = VERTEX_POINT('',#1832);
#1832 = CARTESIAN_POINT('',(5.6,-5.21,18.45));
#1833 = LINE('',#1834,#1835);
#1834 = CARTESIAN_POINT('',(5.6,-1.75,18.45));
#1835 = VECTOR('',#1836,1.);
#1836 = DIRECTION('',(8.9E-16,1.,1.89E-15));
#1837 = ORIENTED_EDGE('',*,*,#1838,.T.);
#1838 = EDGE_CURVE('',#1831,#1839,#1841,.T.);
#1839 = VERTEX_POINT('',#1840);
#1840 = CARTESIAN_POINT('',(5.6,-5.21,17.15));
#1841 = LINE('',#1842,#1843);
#1842 = CARTESIAN_POINT('',(5.6,-5.21,18.45));
#1843 = VECTOR('',#1844,1.);
#1844 = DIRECTION('',(1.7E-16,2.11E-15,-1.));
#1845 = ORIENTED_EDGE('',*,*,#1846,.F.);
#1846 = EDGE_CURVE('',#1847,#1839,#1849,.T.);
#1847 = VERTEX_POINT('',#1848);
#1848 = CARTESIAN_POINT('',(5.6,-5.3,17.15));
#1849 = LINE('',#1850,#1851);
#1850 = CARTESIAN_POINT('',(5.6,-17.75,17.15));
#1851 = VECTOR('',#1852,1.);
#1852 = DIRECTION('',(8.9E-16,1.,1.89E-15));
#1853 = ORIENTED_EDGE('',*,*,#1854,.F.);
#1854 = EDGE_CURVE('',#1779,#1847,#1855,.T.);
#1855 = LINE('',#1856,#1857);
#1856 = CARTESIAN_POINT('',(5.6,-17.75,17.15));
#1857 = VECTOR('',#1858,1.);
#1858 = DIRECTION('',(8.9E-16,1.,1.89E-15));
#1859 = ORIENTED_EDGE('',*,*,#1778,.T.);
#1860 = ORIENTED_EDGE('',*,*,#233,.T.);
#1861 = ORIENTED_EDGE('',*,*,#1862,.F.);
#1862 = EDGE_CURVE('',#465,#225,#1863,.T.);
#1863 = LINE('',#1864,#1865);
#1864 = CARTESIAN_POINT('',(5.6,-1.4,36.));
#1865 = VECTOR('',#1866,1.);
#1866 = DIRECTION('',(1.7E-16,2.11E-15,-1.));
#1867 = ORIENTED_EDGE('',*,*,#464,.F.);
#1868 = ORIENTED_EDGE('',*,*,#1869,.T.);
#1869 = EDGE_CURVE('',#456,#1829,#1870,.T.);
#1870 = LINE('',#1871,#1872);
#1871 = CARTESIAN_POINT('',(5.6,-5.6,36.));
#1872 = VECTOR('',#1873,1.);
#1873 = DIRECTION('',(1.7E-16,2.11E-15,-1.));
#1874 = PLANE('',#1875);
#1875 = AXIS2_PLACEMENT_3D('',#1876,#1877,#1878);
#1876 = CARTESIAN_POINT('',(5.6,-3.5,18.));
#1877 = DIRECTION('',(1.,-1.33E-15,-5.E-16));
#1878 = DIRECTION('',(5.E-16,-2.11E-15,1.));
#1879 = ADVANCED_FACE('',(#1880,#1912,#1946),#1980,.T.);
#1880 = FACE_BOUND('',#1881,.T.);
#1881 = EDGE_LOOP('',(#1882,#1883,#1884,#1890,#1891,#1899,#1905,#1906));
#1882 = ORIENTED_EDGE('',*,*,#216,.F.);
#1883 = ORIENTED_EDGE('',*,*,#1814,.T.);
#1884 = ORIENTED_EDGE('',*,*,#1885,.F.);
#1885 = EDGE_CURVE('',#1741,#1806,#1886,.T.);
#1886 = LINE('',#1887,#1888);
#1887 = CARTESIAN_POINT('',(71.4,-1.1211E-13,17.15));
#1888 = VECTOR('',#1889,1.);
#1889 = DIRECTION('',(-1.,1.33E-15,5.E-16));
#1890 = ORIENTED_EDGE('',*,*,#1740,.F.);
#1891 = ORIENTED_EDGE('',*,*,#1892,.T.);
#1892 = EDGE_CURVE('',#1733,#1893,#1895,.T.);
#1893 = VERTEX_POINT('',#1894);
#1894 = CARTESIAN_POINT('',(71.,-1.4655E-13,18.45));
#1895 = LINE('',#1896,#1897);
#1896 = CARTESIAN_POINT('',(71.4,-1.1486E-13,18.45));
#1897 = VECTOR('',#1898,1.);
#1898 = DIRECTION('',(-1.,1.33E-15,5.E-16));
#1899 = ORIENTED_EDGE('',*,*,#1900,.T.);
#1900 = EDGE_CURVE('',#1893,#482,#1901,.T.);
#1901 = LINE('',#1902,#1903);
#1902 = CARTESIAN_POINT('',(71.,-7.58E-14,-3.730349362741E-14));
#1903 = VECTOR('',#1904,1.);
#1904 = DIRECTION('',(-1.7E-16,-2.11E-15,1.));
#1905 = ORIENTED_EDGE('',*,*,#481,.T.);
#1906 = ORIENTED_EDGE('',*,*,#1907,.T.);
#1907 = EDGE_CURVE('',#473,#217,#1908,.T.);
#1908 = LINE('',#1909,#1910);
#1909 = CARTESIAN_POINT('',(7.,-6.634E-14,36.));
#1910 = VECTOR('',#1911,1.);
#1911 = DIRECTION('',(1.7E-16,2.11E-15,-1.));
#1912 = FACE_BOUND('',#1913,.T.);
#1913 = EDGE_LOOP('',(#1914,#1924,#1932,#1940));
#1914 = ORIENTED_EDGE('',*,*,#1915,.F.);
#1915 = EDGE_CURVE('',#1916,#1918,#1920,.T.);
#1916 = VERTEX_POINT('',#1917);
#1917 = CARTESIAN_POINT('',(54.4,-1.07E-13,23.));
#1918 = VERTEX_POINT('',#1919);
#1919 = CARTESIAN_POINT('',(54.4,-1.06E-13,13.));
#1920 = LINE('',#1921,#1922);
#1921 = CARTESIAN_POINT('',(54.4,-1.0182E-13,23.));
#1922 = VECTOR('',#1923,1.);
#1923 = DIRECTION('',(1.7E-16,2.11E-15,-1.));
#1924 = ORIENTED_EDGE('',*,*,#1925,.F.);
#1925 = EDGE_CURVE('',#1926,#1916,#1928,.T.);
#1926 = VERTEX_POINT('',#1927);
#1927 = CARTESIAN_POINT('',(56.,-1.1E-13,23.));
#1928 = LINE('',#1929,#1930);
#1929 = CARTESIAN_POINT('',(56.,-1.0395E-13,23.));
#1930 = VECTOR('',#1931,1.);
#1931 = DIRECTION('',(-1.,1.33E-15,5.E-16));
#1932 = ORIENTED_EDGE('',*,*,#1933,.F.);
#1933 = EDGE_CURVE('',#1934,#1926,#1936,.T.);
#1934 = VERTEX_POINT('',#1935);
#1935 = CARTESIAN_POINT('',(56.,-1.1E-13,13.));
#1936 = LINE('',#1937,#1938);
#1937 = CARTESIAN_POINT('',(56.,-8.283E-14,13.));
#1938 = VECTOR('',#1939,1.);
#1939 = DIRECTION('',(-1.7E-16,-2.11E-15,1.));
#1940 = ORIENTED_EDGE('',*,*,#1941,.F.);
#1941 = EDGE_CURVE('',#1918,#1934,#1942,.T.);
#1942 = LINE('',#1943,#1944);
#1943 = CARTESIAN_POINT('',(54.4,-8.07E-14,13.));
#1944 = VECTOR('',#1945,1.);
#1945 = DIRECTION('',(1.,-1.33E-15,-5.E-16));
#1946 = FACE_BOUND('',#1947,.T.);
#1947 = EDGE_LOOP('',(#1948,#1958,#1966,#1974));
#1948 = ORIENTED_EDGE('',*,*,#1949,.F.);
#1949 = EDGE_CURVE('',#1950,#1952,#1954,.T.);
#1950 = VERTEX_POINT('',#1951);
#1951 = CARTESIAN_POINT('',(18.,-2.6E-14,23.));
#1952 = VERTEX_POINT('',#1953);
#1953 = CARTESIAN_POINT('',(18.,-2.5E-14,13.));
#1954 = LINE('',#1955,#1956);
#1955 = CARTESIAN_POINT('',(18.,-5.332E-14,23.));
#1956 = VECTOR('',#1957,1.);
#1957 = DIRECTION('',(1.7E-16,2.11E-15,-1.));
#1958 = ORIENTED_EDGE('',*,*,#1959,.F.);
#1959 = EDGE_CURVE('',#1960,#1950,#1962,.T.);
#1960 = VERTEX_POINT('',#1961);
#1961 = CARTESIAN_POINT('',(19.6,-2.9E-14,23.));
#1962 = LINE('',#1963,#1964);
#1963 = CARTESIAN_POINT('',(19.6,-5.546E-14,23.));
#1964 = VECTOR('',#1965,1.);
#1965 = DIRECTION('',(-1.,1.33E-15,5.E-16));
#1966 = ORIENTED_EDGE('',*,*,#1967,.F.);
#1967 = EDGE_CURVE('',#1968,#1960,#1970,.T.);
#1968 = VERTEX_POINT('',#1969);
#1969 = CARTESIAN_POINT('',(19.6,-2.9E-14,13.));
#1970 = LINE('',#1971,#1972);
#1971 = CARTESIAN_POINT('',(19.6,-3.434E-14,13.));
#1972 = VECTOR('',#1973,1.);
#1973 = DIRECTION('',(-1.7E-16,-2.11E-15,1.));
#1974 = ORIENTED_EDGE('',*,*,#1975,.F.);
#1975 = EDGE_CURVE('',#1952,#1968,#1976,.T.);
#1976 = LINE('',#1977,#1978);
#1977 = CARTESIAN_POINT('',(18.,-3.221E-14,13.));
#1978 = VECTOR('',#1979,1.);
#1979 = DIRECTION('',(1.,-1.33E-15,-5.E-16));
#1980 = PLANE('',#1981);
#1981 = AXIS2_PLACEMENT_3D('',#1982,#1983,#1984);
#1982 = CARTESIAN_POINT('',(38.431827111984,-7.033764243615E-14,
    17.999214145383));
#1983 = DIRECTION('',(-8.9E-16,-1.,-1.89E-15));
#1984 = DIRECTION('',(1.7E-16,1.89E-15,-1.));
#1985 = ADVANCED_FACE('',(#1986),#1992,.F.);
#1986 = FACE_BOUND('',#1987,.F.);
#1987 = EDGE_LOOP('',(#1988,#1989,#1990,#1991));
#1988 = ORIENTED_EDGE('',*,*,#472,.T.);
#1989 = ORIENTED_EDGE('',*,*,#1907,.T.);
#1990 = ORIENTED_EDGE('',*,*,#224,.F.);
#1991 = ORIENTED_EDGE('',*,*,#1862,.F.);
#1992 = CYLINDRICAL_SURFACE('',#1993,1.4);
#1993 = AXIS2_PLACEMENT_3D('',#1994,#1995,#1996);
#1994 = CARTESIAN_POINT('',(7.,-1.4,36.));
#1995 = DIRECTION('',(1.7E-16,2.11E-15,-1.));
#1996 = DIRECTION('',(-1.,1.33E-15,-1.7E-16));
#1997 = ADVANCED_FACE('',(#1998),#2009,.T.);
#1998 = FACE_BOUND('',#1999,.F.);
#1999 = EDGE_LOOP('',(#2000,#2006,#2007,#2008));
#2000 = ORIENTED_EDGE('',*,*,#2001,.T.);
#2001 = EDGE_CURVE('',#329,#593,#2002,.T.);
#2002 = LINE('',#2003,#2004);
#2003 = CARTESIAN_POINT('',(76.,-3.,-4.529709940471E-14));
#2004 = VECTOR('',#2005,1.);
#2005 = DIRECTION('',(-1.7E-16,-2.11E-15,1.));
#2006 = ORIENTED_EDGE('',*,*,#600,.T.);
#2007 = ORIENTED_EDGE('',*,*,#690,.F.);
#2008 = ORIENTED_EDGE('',*,*,#328,.F.);
#2009 = CYLINDRICAL_SURFACE('',#2010,5.);
#2010 = AXIS2_PLACEMENT_3D('',#2011,#2012,#2013);
#2011 = CARTESIAN_POINT('',(71.,-3.,-4.263256414561E-14));
#2012 = DIRECTION('',(1.7E-16,2.11E-15,-1.));
#2013 = DIRECTION('',(1.,-1.33E-15,1.7E-16));
#2014 = ADVANCED_FACE('',(#2015),#2026,.F.);
#2015 = FACE_BOUND('',#2016,.F.);
#2016 = EDGE_LOOP('',(#2017,#2023,#2024,#2025));
#2017 = ORIENTED_EDGE('',*,*,#2018,.T.);
#2018 = EDGE_CURVE('',#338,#584,#2019,.T.);
#2019 = LINE('',#2020,#2021);
#2020 = CARTESIAN_POINT('',(76.,-29.,-9.414691248821E-14));
#2021 = VECTOR('',#2022,1.);
#2022 = DIRECTION('',(-1.7E-16,-2.11E-15,1.));
#2023 = ORIENTED_EDGE('',*,*,#592,.T.);
#2024 = ORIENTED_EDGE('',*,*,#2001,.F.);
#2025 = ORIENTED_EDGE('',*,*,#337,.F.);
#2026 = PLANE('',#2027);
#2027 = AXIS2_PLACEMENT_3D('',#2028,#2029,#2030);
#2028 = CARTESIAN_POINT('',(76.,-29.,-9.414691248821E-14));
#2029 = DIRECTION('',(-1.,1.33E-15,5.E-16));
#2030 = DIRECTION('',(1.33E-15,1.,1.89E-15));
#2031 = ADVANCED_FACE('',(#2032),#2043,.T.);
#2032 = FACE_BOUND('',#2033,.F.);
#2033 = EDGE_LOOP('',(#2034,#2040,#2041,#2042));
#2034 = ORIENTED_EDGE('',*,*,#2035,.T.);
#2035 = EDGE_CURVE('',#346,#576,#2036,.T.);
#2036 = LINE('',#2037,#2038);
#2037 = CARTESIAN_POINT('',(71.,-34.,-1.012523398458E-13));
#2038 = VECTOR('',#2039,1.);
#2039 = DIRECTION('',(-1.7E-16,-2.11E-15,1.));
#2040 = ORIENTED_EDGE('',*,*,#583,.T.);
#2041 = ORIENTED_EDGE('',*,*,#2018,.F.);
#2042 = ORIENTED_EDGE('',*,*,#345,.F.);
#2043 = CYLINDRICAL_SURFACE('',#2044,5.);
#2044 = AXIS2_PLACEMENT_3D('',#2045,#2046,#2047);
#2045 = CARTESIAN_POINT('',(71.,-29.,-9.237055564881E-14));
#2046 = DIRECTION('',(1.7E-16,2.11E-15,-1.));
#2047 = DIRECTION('',(1.,-1.33E-15,1.7E-16));
#2048 = ADVANCED_FACE('',(#2049,#2060,#2066,#2136,#2206,#2293,#2304,
    #2315),#2326,.F.);
#2049 = FACE_BOUND('',#2050,.F.);
#2050 = EDGE_LOOP('',(#2051));
#2051 = ORIENTED_EDGE('',*,*,#2052,.T.);
#2052 = EDGE_CURVE('',#2053,#2053,#2055,.T.);
#2053 = VERTEX_POINT('',#2054);
#2054 = CARTESIAN_POINT('',(21.84,-34.,15.6505));
#2055 = CIRCLE('',#2056,1.);
#2056 = AXIS2_PLACEMENT_3D('',#2057,#2058,#2059);
#2057 = CARTESIAN_POINT('',(20.84,-34.,15.6505));
#2058 = DIRECTION('',(-2.22E-15,-1.,-6.7E-16));
#2059 = DIRECTION('',(1.,-2.22E-15,5.08E-15));
#2060 = FACE_BOUND('',#2061,.F.);
#2061 = EDGE_LOOP('',(#2062,#2063,#2064,#2065));
#2062 = ORIENTED_EDGE('',*,*,#626,.T.);
#2063 = ORIENTED_EDGE('',*,*,#575,.T.);
#2064 = ORIENTED_EDGE('',*,*,#2035,.F.);
#2065 = ORIENTED_EDGE('',*,*,#354,.F.);
#2066 = FACE_BOUND('',#2067,.F.);
#2067 = EDGE_LOOP('',(#2068,#2079,#2087,#2096,#2104,#2113,#2121,#2130));
#2068 = ORIENTED_EDGE('',*,*,#2069,.T.);
#2069 = EDGE_CURVE('',#2070,#2072,#2074,.T.);
#2070 = VERTEX_POINT('',#2071);
#2071 = CARTESIAN_POINT('',(9.4,-34.,19.85));
#2072 = VERTEX_POINT('',#2073);
#2073 = CARTESIAN_POINT('',(11.400000000082,-34.,17.85));
#2074 = CIRCLE('',#2075,2.);
#2075 = AXIS2_PLACEMENT_3D('',#2076,#2077,#2078);
#2076 = CARTESIAN_POINT('',(11.4,-34.,19.85));
#2077 = DIRECTION('',(-1.E-15,-1.,-1.28E-15));
#2078 = DIRECTION('',(1.,-1.E-15,-5.E-16));
#2079 = ORIENTED_EDGE('',*,*,#2080,.T.);
#2080 = EDGE_CURVE('',#2072,#2081,#2083,.T.);
#2081 = VERTEX_POINT('',#2082);
#2082 = CARTESIAN_POINT('',(25.4,-34.,17.85));
#2083 = LINE('',#2084,#2085);
#2084 = CARTESIAN_POINT('',(11.400000000082,-34.,17.85));
#2085 = VECTOR('',#2086,1.);
#2086 = DIRECTION('',(1.,-1.E-15,-5.E-16));
#2087 = ORIENTED_EDGE('',*,*,#2088,.T.);
#2088 = EDGE_CURVE('',#2081,#2089,#2091,.T.);
#2089 = VERTEX_POINT('',#2090);
#2090 = CARTESIAN_POINT('',(27.4,-34.,19.85));
#2091 = CIRCLE('',#2092,2.);
#2092 = AXIS2_PLACEMENT_3D('',#2093,#2094,#2095);
#2093 = CARTESIAN_POINT('',(25.4,-34.,19.85));
#2094 = DIRECTION('',(-1.E-15,-1.,-1.28E-15));
#2095 = DIRECTION('',(1.,-1.E-15,-5.E-16));
#2096 = ORIENTED_EDGE('',*,*,#2097,.F.);
#2097 = EDGE_CURVE('',#2098,#2089,#2100,.T.);
#2098 = VERTEX_POINT('',#2099);
#2099 = CARTESIAN_POINT('',(27.4,-34.,23.85));
#2100 = LINE('',#2101,#2102);
#2101 = CARTESIAN_POINT('',(27.4,-34.,23.85));
#2102 = VECTOR('',#2103,1.);
#2103 = DIRECTION('',(0.,1.28E-15,-1.));
#2104 = ORIENTED_EDGE('',*,*,#2105,.T.);
#2105 = EDGE_CURVE('',#2098,#2106,#2108,.T.);
#2106 = VERTEX_POINT('',#2107);
#2107 = CARTESIAN_POINT('',(25.4,-34.,25.85));
#2108 = CIRCLE('',#2109,2.);
#2109 = AXIS2_PLACEMENT_3D('',#2110,#2111,#2112);
#2110 = CARTESIAN_POINT('',(25.4,-34.,23.85));
#2111 = DIRECTION('',(-1.E-15,-1.,-1.28E-15));
#2112 = DIRECTION('',(1.,-1.E-15,-5.E-16));
#2113 = ORIENTED_EDGE('',*,*,#2114,.F.);
#2114 = EDGE_CURVE('',#2115,#2106,#2117,.T.);
#2115 = VERTEX_POINT('',#2116);
#2116 = CARTESIAN_POINT('',(11.277812921862,-34.,25.85));
#2117 = LINE('',#2118,#2119);
#2118 = CARTESIAN_POINT('',(11.277812921862,-34.,25.85));
#2119 = VECTOR('',#2120,1.);
#2120 = DIRECTION('',(1.,-1.E-15,-5.E-16));
#2121 = ORIENTED_EDGE('',*,*,#2122,.T.);
#2122 = EDGE_CURVE('',#2115,#2123,#2125,.T.);
#2123 = VERTEX_POINT('',#2124);
#2124 = CARTESIAN_POINT('',(9.4,-34.,23.853735909771));
#2125 = CIRCLE('',#2126,2.);
#2126 = AXIS2_PLACEMENT_3D('',#2127,#2128,#2129);
#2127 = CARTESIAN_POINT('',(11.4,-34.,23.853735909771));
#2128 = DIRECTION('',(-1.E-15,-1.,-1.28E-15));
#2129 = DIRECTION('',(1.,-1.E-15,-5.E-16));
#2130 = ORIENTED_EDGE('',*,*,#2131,.F.);
#2131 = EDGE_CURVE('',#2070,#2123,#2132,.T.);
#2132 = LINE('',#2133,#2134);
#2133 = CARTESIAN_POINT('',(9.4,-34.,19.85));
#2134 = VECTOR('',#2135,1.);
#2135 = DIRECTION('',(0.,-1.28E-15,1.));
#2136 = FACE_BOUND('',#2137,.F.);
#2137 = EDGE_LOOP('',(#2138,#2149,#2157,#2166,#2174,#2183,#2191,#2200));
#2138 = ORIENTED_EDGE('',*,*,#2139,.T.);
#2139 = EDGE_CURVE('',#2140,#2142,#2144,.T.);
#2140 = VERTEX_POINT('',#2141);
#2141 = CARTESIAN_POINT('',(14.7,-34.,16.35));
#2142 = VERTEX_POINT('',#2143);
#2143 = CARTESIAN_POINT('',(13.7,-34.,15.35));
#2144 = CIRCLE('',#2145,1.);
#2145 = AXIS2_PLACEMENT_3D('',#2146,#2147,#2148);
#2146 = CARTESIAN_POINT('',(14.7,-34.,15.35));
#2147 = DIRECTION('',(-1.33E-15,-1.,-1.89E-15));
#2148 = DIRECTION('',(1.,-1.33E-15,-7.2E-16));
#2149 = ORIENTED_EDGE('',*,*,#2150,.T.);
#2150 = EDGE_CURVE('',#2142,#2151,#2153,.T.);
#2151 = VERTEX_POINT('',#2152);
#2152 = CARTESIAN_POINT('',(13.7,-34.,13.75));
#2153 = LINE('',#2154,#2155);
#2154 = CARTESIAN_POINT('',(13.7,-34.,15.35));
#2155 = VECTOR('',#2156,1.);
#2156 = DIRECTION('',(-6.E-17,1.89E-15,-1.));
#2157 = ORIENTED_EDGE('',*,*,#2158,.T.);
#2158 = EDGE_CURVE('',#2151,#2159,#2161,.T.);
#2159 = VERTEX_POINT('',#2160);
#2160 = CARTESIAN_POINT('',(14.7,-34.,12.75));
#2161 = CIRCLE('',#2162,1.);
#2162 = AXIS2_PLACEMENT_3D('',#2163,#2164,#2165);
#2163 = CARTESIAN_POINT('',(14.7,-34.,13.75));
#2164 = DIRECTION('',(-1.33E-15,-1.,-1.89E-15));
#2165 = DIRECTION('',(1.,-1.33E-15,-7.2E-16));
#2166 = ORIENTED_EDGE('',*,*,#2167,.T.);
#2167 = EDGE_CURVE('',#2159,#2168,#2170,.T.);
#2168 = VERTEX_POINT('',#2169);
#2169 = CARTESIAN_POINT('',(18.3,-34.,12.75));
#2170 = LINE('',#2171,#2172);
#2171 = CARTESIAN_POINT('',(14.7,-34.,12.75));
#2172 = VECTOR('',#2173,1.);
#2173 = DIRECTION('',(1.,-1.33E-15,-7.2E-16));
#2174 = ORIENTED_EDGE('',*,*,#2175,.T.);
#2175 = EDGE_CURVE('',#2168,#2176,#2178,.T.);
#2176 = VERTEX_POINT('',#2177);
#2177 = CARTESIAN_POINT('',(19.3,-34.,13.75));
#2178 = CIRCLE('',#2179,1.);
#2179 = AXIS2_PLACEMENT_3D('',#2180,#2181,#2182);
#2180 = CARTESIAN_POINT('',(18.3,-34.,13.75));
#2181 = DIRECTION('',(-1.33E-15,-1.,-1.89E-15));
#2182 = DIRECTION('',(1.,-1.33E-15,-7.2E-16));
#2183 = ORIENTED_EDGE('',*,*,#2184,.T.);
#2184 = EDGE_CURVE('',#2176,#2185,#2187,.T.);
#2185 = VERTEX_POINT('',#2186);
#2186 = CARTESIAN_POINT('',(19.3,-34.,15.35));
#2187 = LINE('',#2188,#2189);
#2188 = CARTESIAN_POINT('',(19.3,-34.,13.75));
#2189 = VECTOR('',#2190,1.);
#2190 = DIRECTION('',(6.E-17,-1.89E-15,1.));
#2191 = ORIENTED_EDGE('',*,*,#2192,.T.);
#2192 = EDGE_CURVE('',#2185,#2193,#2195,.T.);
#2193 = VERTEX_POINT('',#2194);
#2194 = CARTESIAN_POINT('',(18.3,-34.,16.35));
#2195 = CIRCLE('',#2196,1.);
#2196 = AXIS2_PLACEMENT_3D('',#2197,#2198,#2199);
#2197 = CARTESIAN_POINT('',(18.3,-34.,15.35));
#2198 = DIRECTION('',(-1.33E-15,-1.,-1.89E-15));
#2199 = DIRECTION('',(1.,-1.33E-15,-7.2E-16));
#2200 = ORIENTED_EDGE('',*,*,#2201,.T.);
#2201 = EDGE_CURVE('',#2193,#2140,#2202,.T.);
#2202 = LINE('',#2203,#2204);
#2203 = CARTESIAN_POINT('',(18.3,-34.,16.35));
#2204 = VECTOR('',#2205,1.);
#2205 = DIRECTION('',(-1.,1.33E-15,7.2E-16));
#2206 = FACE_BOUND('',#2207,.F.);
#2207 = EDGE_LOOP('',(#2208,#2219,#2227,#2236,#2244,#2253,#2261,#2270,
    #2278,#2287));
#2208 = ORIENTED_EDGE('',*,*,#2209,.F.);
#2209 = EDGE_CURVE('',#2210,#2212,#2214,.T.);
#2210 = VERTEX_POINT('',#2211);
#2211 = CARTESIAN_POINT('',(40.942942371458,-34.,17.26799899885));
#2212 = VERTEX_POINT('',#2213);
#2213 = CARTESIAN_POINT('',(39.21,-34.,19.85));
#2214 = CIRCLE('',#2215,2.79);
#2215 = AXIS2_PLACEMENT_3D('',#2216,#2217,#2218);
#2216 = CARTESIAN_POINT('',(42.,-34.,19.85));
#2217 = DIRECTION('',(2.E-15,1.,1.11E-15));
#2218 = DIRECTION('',(-0.351636002937,1.742383861655E-15,-0.93613680701)
  );
#2219 = ORIENTED_EDGE('',*,*,#2220,.F.);
#2220 = EDGE_CURVE('',#2221,#2210,#2223,.T.);
#2221 = VERTEX_POINT('',#2222);
#2222 = CARTESIAN_POINT('',(52.307644218746,-34.,10.304931399744));
#2223 = LINE('',#2224,#2225);
#2224 = CARTESIAN_POINT('',(52.307644218746,-34.,10.304931399744));
#2225 = VECTOR('',#2226,1.);
#2226 = DIRECTION('',(-0.852681296957,8.575685635234E-16,0.522431436477)
  );
#2227 = ORIENTED_EDGE('',*,*,#2228,.F.);
#2228 = EDGE_CURVE('',#2229,#2221,#2231,.T.);
#2229 = VERTEX_POINT('',#2230);
#2230 = CARTESIAN_POINT('',(56.899816545375,-34.,9.01));
#2231 = CIRCLE('',#2232,8.79);
#2232 = AXIS2_PLACEMENT_3D('',#2233,#2234,#2235);
#2233 = CARTESIAN_POINT('',(56.899816545375,-34.,17.8));
#2234 = DIRECTION('',(2.E-15,1.,1.11E-15));
#2235 = DIRECTION('',(-9.4E-16,1.11E-15,-1.));
#2236 = ORIENTED_EDGE('',*,*,#2237,.F.);
#2237 = EDGE_CURVE('',#2238,#2229,#2240,.T.);
#2238 = VERTEX_POINT('',#2239);
#2239 = CARTESIAN_POINT('',(65.2,-34.,9.01));
#2240 = LINE('',#2241,#2242);
#2241 = CARTESIAN_POINT('',(65.2,-34.,9.01));
#2242 = VECTOR('',#2243,1.);
#2243 = DIRECTION('',(-1.,1.44E-15,6.7E-16));
#2244 = ORIENTED_EDGE('',*,*,#2245,.F.);
#2245 = EDGE_CURVE('',#2246,#2238,#2248,.T.);
#2246 = VERTEX_POINT('',#2247);
#2247 = CARTESIAN_POINT('',(67.99,-34.,11.8));
#2248 = CIRCLE('',#2249,2.79);
#2249 = AXIS2_PLACEMENT_3D('',#2250,#2251,#2252);
#2250 = CARTESIAN_POINT('',(65.2,-34.,11.8));
#2251 = DIRECTION('',(2.E-15,1.,1.11E-15));
#2252 = DIRECTION('',(1.,-2.E-15,-1.11E-15));
#2253 = ORIENTED_EDGE('',*,*,#2254,.F.);
#2254 = EDGE_CURVE('',#2255,#2246,#2257,.T.);
#2255 = VERTEX_POINT('',#2256);
#2256 = CARTESIAN_POINT('',(67.99,-34.,23.843844092218));
#2257 = LINE('',#2258,#2259);
#2258 = CARTESIAN_POINT('',(67.99,-34.,23.843844092218));
#2259 = VECTOR('',#2260,1.);
#2260 = DIRECTION('',(-5.E-16,7.2E-16,-1.));
#2261 = ORIENTED_EDGE('',*,*,#2262,.F.);
#2262 = EDGE_CURVE('',#2263,#2255,#2265,.T.);
#2263 = VERTEX_POINT('',#2264);
#2264 = CARTESIAN_POINT('',(65.122395984261,-34.,26.632337929272));
#2265 = CIRCLE('',#2266,2.79);
#2266 = AXIS2_PLACEMENT_3D('',#2267,#2268,#2269);
#2267 = CARTESIAN_POINT('',(65.2,-34.,23.843844092218));
#2268 = DIRECTION('',(2.E-15,1.,1.11E-15));
#2269 = DIRECTION('',(-3.880200786942E-02,-1.031560063826E-15,
    0.999246918527));
#2270 = ORIENTED_EDGE('',*,*,#2271,.F.);
#2271 = EDGE_CURVE('',#2272,#2263,#2274,.T.);
#2272 = VERTEX_POINT('',#2273);
#2273 = CARTESIAN_POINT('',(42.,-34.,26.632337929272));
#2274 = LINE('',#2275,#2276);
#2275 = CARTESIAN_POINT('',(42.,-34.,26.632337929272));
#2276 = VECTOR('',#2277,1.);
#2277 = DIRECTION('',(1.,-1.44E-15,-6.7E-16));
#2278 = ORIENTED_EDGE('',*,*,#2279,.F.);
#2279 = EDGE_CURVE('',#2280,#2272,#2282,.T.);
#2280 = VERTEX_POINT('',#2281);
#2281 = CARTESIAN_POINT('',(39.21,-34.,23.842337929272));
#2282 = CIRCLE('',#2283,2.79);
#2283 = AXIS2_PLACEMENT_3D('',#2284,#2285,#2286);
#2284 = CARTESIAN_POINT('',(42.,-34.,23.842337929272));
#2285 = DIRECTION('',(2.E-15,1.,1.11E-15));
#2286 = DIRECTION('',(-1.,2.E-15,2.2E-16));
#2287 = ORIENTED_EDGE('',*,*,#2288,.F.);
#2288 = EDGE_CURVE('',#2212,#2280,#2289,.T.);
#2289 = LINE('',#2290,#2291);
#2290 = CARTESIAN_POINT('',(39.21,-34.,19.85));
#2291 = VECTOR('',#2292,1.);
#2292 = DIRECTION('',(5.E-16,-7.2E-16,1.));
#2293 = FACE_BOUND('',#2294,.F.);
#2294 = EDGE_LOOP('',(#2295));
#2295 = ORIENTED_EDGE('',*,*,#2296,.T.);
#2296 = EDGE_CURVE('',#2297,#2297,#2299,.T.);
#2297 = VERTEX_POINT('',#2298);
#2298 = CARTESIAN_POINT('',(24.14,-34.,15.6505));
#2299 = CIRCLE('',#2300,1.);
#2300 = AXIS2_PLACEMENT_3D('',#2301,#2302,#2303);
#2301 = CARTESIAN_POINT('',(23.14,-34.,15.6505));
#2302 = DIRECTION('',(-2.22E-15,-1.,-6.7E-16));
#2303 = DIRECTION('',(1.,-2.22E-15,2.54E-15));
#2304 = FACE_BOUND('',#2305,.F.);
#2305 = EDGE_LOOP('',(#2306));
#2306 = ORIENTED_EDGE('',*,*,#2307,.T.);
#2307 = EDGE_CURVE('',#2308,#2308,#2310,.T.);
#2308 = VERTEX_POINT('',#2309);
#2309 = CARTESIAN_POINT('',(26.44,-34.,15.6505));
#2310 = CIRCLE('',#2311,1.);
#2311 = AXIS2_PLACEMENT_3D('',#2312,#2313,#2314);
#2312 = CARTESIAN_POINT('',(25.44,-34.,15.6505));
#2313 = DIRECTION('',(-2.22E-15,-1.,-6.7E-16));
#2314 = DIRECTION('',(1.,-2.22E-15,2.54E-15));
#2315 = FACE_BOUND('',#2316,.F.);
#2316 = EDGE_LOOP('',(#2317));
#2317 = ORIENTED_EDGE('',*,*,#2318,.T.);
#2318 = EDGE_CURVE('',#2319,#2319,#2321,.T.);
#2319 = VERTEX_POINT('',#2320);
#2320 = CARTESIAN_POINT('',(28.74,-34.,15.6505));
#2321 = CIRCLE('',#2322,1.);
#2322 = AXIS2_PLACEMENT_3D('',#2323,#2324,#2325);
#2323 = CARTESIAN_POINT('',(27.74,-34.,15.6505));
#2324 = DIRECTION('',(-2.22E-15,-1.,-6.7E-16));
#2325 = DIRECTION('',(1.,-2.22E-15,0.));
#2326 = PLANE('',#2327);
#2327 = AXIS2_PLACEMENT_3D('',#2328,#2329,#2330);
#2328 = CARTESIAN_POINT('',(3.,-34.,-6.750155989721E-14));
#2329 = DIRECTION('',(8.9E-16,1.,1.89E-15));
#2330 = DIRECTION('',(1.,-8.9E-16,-5.E-16));
#2331 = ADVANCED_FACE('',(#2332),#2344,.F.);
#2332 = FACE_BOUND('',#2333,.T.);
#2333 = EDGE_LOOP('',(#2334,#2341,#2342,#2343));
#2334 = ORIENTED_EDGE('',*,*,#2335,.T.);
#2335 = EDGE_CURVE('',#1276,#716,#2336,.T.);
#2336 = CIRCLE('',#2337,3.);
#2337 = AXIS2_PLACEMENT_3D('',#2338,#2339,#2340);
#2338 = CARTESIAN_POINT('',(71.,-29.,18.45));
#2339 = DIRECTION('',(-5.E-16,1.89E-15,-1.));
#2340 = DIRECTION('',(1.,-1.33E-15,-5.E-16));
#2341 = ORIENTED_EDGE('',*,*,#715,.T.);
#2342 = ORIENTED_EDGE('',*,*,#556,.T.);
#2343 = ORIENTED_EDGE('',*,*,#1283,.T.);
#2344 = CYLINDRICAL_SURFACE('',#2345,3.);
#2345 = AXIS2_PLACEMENT_3D('',#2346,#2347,#2348);
#2346 = CARTESIAN_POINT('',(71.,-29.,-9.237055564881E-14));
#2347 = DIRECTION('',(1.7E-16,2.11E-15,-1.));
#2348 = DIRECTION('',(1.,-1.33E-15,1.7E-16));
#2349 = ADVANCED_FACE('',(#2350),#2369,.T.);
#2350 = FACE_BOUND('',#2351,.F.);
#2351 = EDGE_LOOP('',(#2352,#2353,#2361,#2368));
#2352 = ORIENTED_EDGE('',*,*,#404,.T.);
#2353 = ORIENTED_EDGE('',*,*,#2354,.T.);
#2354 = EDGE_CURVE('',#405,#2355,#2357,.T.);
#2355 = VERTEX_POINT('',#2356);
#2356 = CARTESIAN_POINT('',(4.2,-25.,18.45));
#2357 = LINE('',#2358,#2359);
#2358 = CARTESIAN_POINT('',(4.2,-25.,36.));
#2359 = VECTOR('',#2360,1.);
#2360 = DIRECTION('',(1.7E-16,2.11E-15,-1.));
#2361 = ORIENTED_EDGE('',*,*,#2362,.F.);
#2362 = EDGE_CURVE('',#1226,#2355,#2363,.T.);
#2363 = CIRCLE('',#2364,1.4);
#2364 = AXIS2_PLACEMENT_3D('',#2365,#2366,#2367);
#2365 = CARTESIAN_POINT('',(4.2,-26.4,18.45));
#2366 = DIRECTION('',(5.E-16,-1.89E-15,1.));
#2367 = DIRECTION('',(8.9E-16,1.,1.89E-15));
#2368 = ORIENTED_EDGE('',*,*,#1235,.F.);
#2369 = CYLINDRICAL_SURFACE('',#2370,1.4);
#2370 = AXIS2_PLACEMENT_3D('',#2371,#2372,#2373);
#2371 = CARTESIAN_POINT('',(4.2,-26.4,36.));
#2372 = DIRECTION('',(1.7E-16,2.11E-15,-1.));
#2373 = DIRECTION('',(1.,-1.33E-15,1.7E-16));
#2374 = ADVANCED_FACE('',(#2375),#2394,.T.);
#2375 = FACE_BOUND('',#2376,.T.);
#2376 = EDGE_LOOP('',(#2377,#2378,#2379,#2387));
#2377 = ORIENTED_EDGE('',*,*,#1290,.F.);
#2378 = ORIENTED_EDGE('',*,*,#539,.T.);
#2379 = ORIENTED_EDGE('',*,*,#2380,.T.);
#2380 = EDGE_CURVE('',#532,#2381,#2383,.T.);
#2381 = VERTEX_POINT('',#2382);
#2382 = CARTESIAN_POINT('',(72.4,-25.,18.45));
#2383 = LINE('',#2384,#2385);
#2384 = CARTESIAN_POINT('',(72.4,-25.,36.));
#2385 = VECTOR('',#2386,1.);
#2386 = DIRECTION('',(1.7E-16,2.11E-15,-1.));
#2387 = ORIENTED_EDGE('',*,*,#2388,.F.);
#2388 = EDGE_CURVE('',#1291,#2381,#2389,.T.);
#2389 = CIRCLE('',#2390,1.);
#2390 = AXIS2_PLACEMENT_3D('',#2391,#2392,#2393);
#2391 = CARTESIAN_POINT('',(72.4,-26.,18.45));
#2392 = DIRECTION('',(-5.E-16,1.89E-15,-1.));
#2393 = DIRECTION('',(-1.,1.33E-15,5.E-16));
#2394 = CYLINDRICAL_SURFACE('',#2395,1.);
#2395 = AXIS2_PLACEMENT_3D('',#2396,#2397,#2398);
#2396 = CARTESIAN_POINT('',(72.4,-26.,36.));
#2397 = DIRECTION('',(1.7E-16,2.11E-15,-1.));
#2398 = DIRECTION('',(-1.,1.33E-15,-1.7E-16));
#2399 = ADVANCED_FACE('',(#2400),#2418,.T.);
#2400 = FACE_BOUND('',#2401,.T.);
#2401 = EDGE_LOOP('',(#2402,#2410,#2416,#2417));
#2402 = ORIENTED_EDGE('',*,*,#2403,.T.);
#2403 = EDGE_CURVE('',#2355,#2404,#2406,.T.);
#2404 = VERTEX_POINT('',#2405);
#2405 = CARTESIAN_POINT('',(3.,-25.,18.45));
#2406 = LINE('',#2407,#2408);
#2407 = CARTESIAN_POINT('',(3.3,-25.,18.45));
#2408 = VECTOR('',#2409,1.);
#2409 = DIRECTION('',(-1.,1.33E-15,5.E-16));
#2410 = ORIENTED_EDGE('',*,*,#2411,.F.);
#2411 = EDGE_CURVE('',#414,#2404,#2412,.T.);
#2412 = LINE('',#2413,#2414);
#2413 = CARTESIAN_POINT('',(3.,-25.,36.));
#2414 = VECTOR('',#2415,1.);
#2415 = DIRECTION('',(1.7E-16,2.11E-15,-1.));
#2416 = ORIENTED_EDGE('',*,*,#413,.F.);
#2417 = ORIENTED_EDGE('',*,*,#2354,.T.);
#2418 = PLANE('',#2419);
#2419 = AXIS2_PLACEMENT_3D('',#2420,#2421,#2422);
#2420 = CARTESIAN_POINT('',(5.6,-25.,36.));
#2421 = DIRECTION('',(8.9E-16,1.,1.89E-15));
#2422 = DIRECTION('',(-1.,8.9E-16,5.E-16));
#2423 = ADVANCED_FACE('',(#2424),#2442,.T.);
#2424 = FACE_BOUND('',#2425,.T.);
#2425 = EDGE_LOOP('',(#2426,#2427,#2428,#2436));
#2426 = ORIENTED_EDGE('',*,*,#2380,.F.);
#2427 = ORIENTED_EDGE('',*,*,#531,.F.);
#2428 = ORIENTED_EDGE('',*,*,#2429,.T.);
#2429 = EDGE_CURVE('',#524,#2430,#2432,.T.);
#2430 = VERTEX_POINT('',#2431);
#2431 = CARTESIAN_POINT('',(73.,-25.,18.45));
#2432 = LINE('',#2433,#2434);
#2433 = CARTESIAN_POINT('',(73.,-25.,36.));
#2434 = VECTOR('',#2435,1.);
#2435 = DIRECTION('',(1.7E-16,2.11E-15,-1.));
#2436 = ORIENTED_EDGE('',*,*,#2437,.T.);
#2437 = EDGE_CURVE('',#2430,#2381,#2438,.T.);
#2438 = LINE('',#2439,#2440);
#2439 = CARTESIAN_POINT('',(73.,-25.,18.45));
#2440 = VECTOR('',#2441,1.);
#2441 = DIRECTION('',(-1.,1.33E-15,5.E-16));
#2442 = PLANE('',#2443);
#2443 = AXIS2_PLACEMENT_3D('',#2444,#2445,#2446);
#2444 = CARTESIAN_POINT('',(73.,-25.,36.));
#2445 = DIRECTION('',(8.9E-16,1.,1.89E-15));
#2446 = DIRECTION('',(-1.,8.9E-16,5.E-16));
#2447 = ADVANCED_FACE('',(#2448),#2467,.F.);
#2448 = FACE_BOUND('',#2449,.T.);
#2449 = EDGE_LOOP('',(#2450,#2458,#2459,#2460));
#2450 = ORIENTED_EDGE('',*,*,#2451,.F.);
#2451 = EDGE_CURVE('',#422,#2452,#2454,.T.);
#2452 = VERTEX_POINT('',#2453);
#2453 = CARTESIAN_POINT('',(1.,-23.,18.45));
#2454 = LINE('',#2455,#2456);
#2455 = CARTESIAN_POINT('',(1.,-23.,36.));
#2456 = VECTOR('',#2457,1.);
#2457 = DIRECTION('',(1.7E-16,2.11E-15,-1.));
#2458 = ORIENTED_EDGE('',*,*,#421,.T.);
#2459 = ORIENTED_EDGE('',*,*,#2411,.T.);
#2460 = ORIENTED_EDGE('',*,*,#2461,.T.);
#2461 = EDGE_CURVE('',#2404,#2452,#2462,.T.);
#2462 = CIRCLE('',#2463,2.);
#2463 = AXIS2_PLACEMENT_3D('',#2464,#2465,#2466);
#2464 = CARTESIAN_POINT('',(3.,-23.,18.45));
#2465 = DIRECTION('',(-5.E-16,1.89E-15,-1.));
#2466 = DIRECTION('',(-1.,1.33E-15,5.E-16));
#2467 = CYLINDRICAL_SURFACE('',#2468,2.);
#2468 = AXIS2_PLACEMENT_3D('',#2469,#2470,#2471);
#2469 = CARTESIAN_POINT('',(3.,-23.,36.));
#2470 = DIRECTION('',(1.7E-16,2.11E-15,-1.));
#2471 = DIRECTION('',(-1.,1.33E-15,-1.7E-16));
#2472 = ADVANCED_FACE('',(#2473,#2491),#2525,.T.);
#2473 = FACE_BOUND('',#2474,.T.);
#2474 = EDGE_LOOP('',(#2475,#2476,#2484,#2490));
#2475 = ORIENTED_EDGE('',*,*,#523,.F.);
#2476 = ORIENTED_EDGE('',*,*,#2477,.T.);
#2477 = EDGE_CURVE('',#516,#2478,#2480,.T.);
#2478 = VERTEX_POINT('',#2479);
#2479 = CARTESIAN_POINT('',(73.,-7.,18.45));
#2480 = LINE('',#2481,#2482);
#2481 = CARTESIAN_POINT('',(73.,-7.,36.));
#2482 = VECTOR('',#2483,1.);
#2483 = DIRECTION('',(1.7E-16,2.11E-15,-1.));
#2484 = ORIENTED_EDGE('',*,*,#2485,.F.);
#2485 = EDGE_CURVE('',#2430,#2478,#2486,.T.);
#2486 = LINE('',#2487,#2488);
#2487 = CARTESIAN_POINT('',(73.,-32.,18.45));
#2488 = VECTOR('',#2489,1.);
#2489 = DIRECTION('',(8.9E-16,1.,1.89E-15));
#2490 = ORIENTED_EDGE('',*,*,#2429,.F.);
#2491 = FACE_BOUND('',#2492,.T.);
#2492 = EDGE_LOOP('',(#2493,#2503,#2511,#2519));
#2493 = ORIENTED_EDGE('',*,*,#2494,.F.);
#2494 = EDGE_CURVE('',#2495,#2497,#2499,.T.);
#2495 = VERTEX_POINT('',#2496);
#2496 = CARTESIAN_POINT('',(73.,-10.5,35.1));
#2497 = VERTEX_POINT('',#2498);
#2498 = CARTESIAN_POINT('',(73.,-10.5,32.6));
#2499 = LINE('',#2500,#2501);
#2500 = CARTESIAN_POINT('',(73.,-10.5,35.1));
#2501 = VECTOR('',#2502,1.);
#2502 = DIRECTION('',(1.7E-16,2.11E-15,-1.));
#2503 = ORIENTED_EDGE('',*,*,#2504,.F.);
#2504 = EDGE_CURVE('',#2505,#2495,#2507,.T.);
#2505 = VERTEX_POINT('',#2506);
#2506 = CARTESIAN_POINT('',(73.,-21.5,35.1));
#2507 = LINE('',#2508,#2509);
#2508 = CARTESIAN_POINT('',(73.,-21.5,35.1));
#2509 = VECTOR('',#2510,1.);
#2510 = DIRECTION('',(8.9E-16,1.,1.89E-15));
#2511 = ORIENTED_EDGE('',*,*,#2512,.F.);
#2512 = EDGE_CURVE('',#2513,#2505,#2515,.T.);
#2513 = VERTEX_POINT('',#2514);
#2514 = CARTESIAN_POINT('',(73.,-21.5,32.6));
#2515 = LINE('',#2516,#2517);
#2516 = CARTESIAN_POINT('',(73.,-21.5,32.6));
#2517 = VECTOR('',#2518,1.);
#2518 = DIRECTION('',(-1.7E-16,-2.11E-15,1.));
#2519 = ORIENTED_EDGE('',*,*,#2520,.F.);
#2520 = EDGE_CURVE('',#2497,#2513,#2521,.T.);
#2521 = LINE('',#2522,#2523);
#2522 = CARTESIAN_POINT('',(73.,-10.5,32.6));
#2523 = VECTOR('',#2524,1.);
#2524 = DIRECTION('',(-8.9E-16,-1.,-1.89E-15));
#2525 = PLANE('',#2526);
#2526 = AXIS2_PLACEMENT_3D('',#2527,#2528,#2529);
#2527 = CARTESIAN_POINT('',(73.,-0.5,36.));
#2528 = DIRECTION('',(-1.,1.33E-15,5.E-16));
#2529 = DIRECTION('',(-1.33E-15,-1.,-1.89E-15));
#2530 = ADVANCED_FACE('',(#2531,#2549),#2583,.T.);
#2531 = FACE_BOUND('',#2532,.T.);
#2532 = EDGE_LOOP('',(#2533,#2534,#2535,#2543));
#2533 = ORIENTED_EDGE('',*,*,#430,.F.);
#2534 = ORIENTED_EDGE('',*,*,#2451,.T.);
#2535 = ORIENTED_EDGE('',*,*,#2536,.F.);
#2536 = EDGE_CURVE('',#2537,#2452,#2539,.T.);
#2537 = VERTEX_POINT('',#2538);
#2538 = CARTESIAN_POINT('',(1.,-9.,18.45));
#2539 = LINE('',#2540,#2541);
#2540 = CARTESIAN_POINT('',(1.,-2.087219286295E-14,18.45));
#2541 = VECTOR('',#2542,1.);
#2542 = DIRECTION('',(-8.9E-16,-1.,-1.89E-15));
#2543 = ORIENTED_EDGE('',*,*,#2544,.F.);
#2544 = EDGE_CURVE('',#431,#2537,#2545,.T.);
#2545 = LINE('',#2546,#2547);
#2546 = CARTESIAN_POINT('',(1.,-9.,36.));
#2547 = VECTOR('',#2548,1.);
#2548 = DIRECTION('',(1.7E-16,2.11E-15,-1.));
#2549 = FACE_BOUND('',#2550,.T.);
#2550 = EDGE_LOOP('',(#2551,#2561,#2569,#2577));
#2551 = ORIENTED_EDGE('',*,*,#2552,.F.);
#2552 = EDGE_CURVE('',#2553,#2555,#2557,.T.);
#2553 = VERTEX_POINT('',#2554);
#2554 = CARTESIAN_POINT('',(1.,-21.5,35.1));
#2555 = VERTEX_POINT('',#2556);
#2556 = CARTESIAN_POINT('',(1.,-21.5,32.6));
#2557 = LINE('',#2558,#2559);
#2558 = CARTESIAN_POINT('',(1.,-21.5,35.1));
#2559 = VECTOR('',#2560,1.);
#2560 = DIRECTION('',(1.7E-16,2.78E-15,-1.));
#2561 = ORIENTED_EDGE('',*,*,#2562,.F.);
#2562 = EDGE_CURVE('',#2563,#2553,#2565,.T.);
#2563 = VERTEX_POINT('',#2564);
#2564 = CARTESIAN_POINT('',(1.,-10.5,35.1));
#2565 = LINE('',#2566,#2567);
#2566 = CARTESIAN_POINT('',(1.,-10.5,35.1));
#2567 = VECTOR('',#2568,1.);
#2568 = DIRECTION('',(-2.2E-16,-1.,-2.56E-15));
#2569 = ORIENTED_EDGE('',*,*,#2570,.F.);
#2570 = EDGE_CURVE('',#2571,#2563,#2573,.T.);
#2571 = VERTEX_POINT('',#2572);
#2572 = CARTESIAN_POINT('',(1.,-10.5,32.6));
#2573 = LINE('',#2574,#2575);
#2574 = CARTESIAN_POINT('',(1.,-10.5,32.6));
#2575 = VECTOR('',#2576,1.);
#2576 = DIRECTION('',(-1.7E-16,-2.78E-15,1.));
#2577 = ORIENTED_EDGE('',*,*,#2578,.F.);
#2578 = EDGE_CURVE('',#2555,#2571,#2579,.T.);
#2579 = LINE('',#2580,#2581);
#2580 = CARTESIAN_POINT('',(1.,-21.5,32.6));
#2581 = VECTOR('',#2582,1.);
#2582 = DIRECTION('',(2.2E-16,1.,2.56E-15));
#2583 = PLANE('',#2584);
#2584 = AXIS2_PLACEMENT_3D('',#2585,#2586,#2587);
#2585 = CARTESIAN_POINT('',(1.,-31.5,36.));
#2586 = DIRECTION('',(1.,-1.33E-15,-5.E-16));
#2587 = DIRECTION('',(1.33E-15,1.,1.89E-15));
#2588 = ADVANCED_FACE('',(#2589),#2607,.T.);
#2589 = FACE_BOUND('',#2590,.T.);
#2590 = EDGE_LOOP('',(#2591,#2592,#2600,#2606));
#2591 = ORIENTED_EDGE('',*,*,#515,.F.);
#2592 = ORIENTED_EDGE('',*,*,#2593,.T.);
#2593 = EDGE_CURVE('',#507,#2594,#2596,.T.);
#2594 = VERTEX_POINT('',#2595);
#2595 = CARTESIAN_POINT('',(72.4,-7.,18.45));
#2596 = LINE('',#2597,#2598);
#2597 = CARTESIAN_POINT('',(72.4,-7.,36.));
#2598 = VECTOR('',#2599,1.);
#2599 = DIRECTION('',(1.7E-16,2.11E-15,-1.));
#2600 = ORIENTED_EDGE('',*,*,#2601,.T.);
#2601 = EDGE_CURVE('',#2594,#2478,#2602,.T.);
#2602 = LINE('',#2603,#2604);
#2603 = CARTESIAN_POINT('',(72.2,-7.,18.45));
#2604 = VECTOR('',#2605,1.);
#2605 = DIRECTION('',(1.,-1.33E-15,-5.E-16));
#2606 = ORIENTED_EDGE('',*,*,#2477,.F.);
#2607 = PLANE('',#2608);
#2608 = AXIS2_PLACEMENT_3D('',#2609,#2610,#2611);
#2609 = CARTESIAN_POINT('',(71.4,-7.,36.));
#2610 = DIRECTION('',(-8.9E-16,-1.,-1.89E-15));
#2611 = DIRECTION('',(1.,-8.9E-16,-5.E-16));
#2612 = ADVANCED_FACE('',(#2613),#2632,.F.);
#2613 = FACE_BOUND('',#2614,.F.);
#2614 = EDGE_LOOP('',(#2615,#2616,#2617,#2625));
#2615 = ORIENTED_EDGE('',*,*,#2544,.F.);
#2616 = ORIENTED_EDGE('',*,*,#438,.T.);
#2617 = ORIENTED_EDGE('',*,*,#2618,.T.);
#2618 = EDGE_CURVE('',#439,#2619,#2621,.T.);
#2619 = VERTEX_POINT('',#2620);
#2620 = CARTESIAN_POINT('',(3.,-7.,18.45));
#2621 = LINE('',#2622,#2623);
#2622 = CARTESIAN_POINT('',(3.,-7.,36.));
#2623 = VECTOR('',#2624,1.);
#2624 = DIRECTION('',(1.7E-16,2.11E-15,-1.));
#2625 = ORIENTED_EDGE('',*,*,#2626,.F.);
#2626 = EDGE_CURVE('',#2537,#2619,#2627,.T.);
#2627 = CIRCLE('',#2628,2.);
#2628 = AXIS2_PLACEMENT_3D('',#2629,#2630,#2631);
#2629 = CARTESIAN_POINT('',(3.,-9.,18.45));
#2630 = DIRECTION('',(-5.E-16,1.89E-15,-1.));
#2631 = DIRECTION('',(-1.,1.33E-15,5.E-16));
#2632 = CYLINDRICAL_SURFACE('',#2633,2.);
#2633 = AXIS2_PLACEMENT_3D('',#2634,#2635,#2636);
#2634 = CARTESIAN_POINT('',(3.,-9.,36.));
#2635 = DIRECTION('',(1.7E-16,2.11E-15,-1.));
#2636 = DIRECTION('',(-1.,1.33E-15,-1.7E-16));
#2637 = ADVANCED_FACE('',(#2638),#2650,.T.);
#2638 = FACE_BOUND('',#2639,.F.);
#2639 = EDGE_LOOP('',(#2640,#2641,#2642,#2643));
#2640 = ORIENTED_EDGE('',*,*,#1717,.F.);
#2641 = ORIENTED_EDGE('',*,*,#506,.T.);
#2642 = ORIENTED_EDGE('',*,*,#2593,.T.);
#2643 = ORIENTED_EDGE('',*,*,#2644,.T.);
#2644 = EDGE_CURVE('',#2594,#1710,#2645,.T.);
#2645 = CIRCLE('',#2646,1.);
#2646 = AXIS2_PLACEMENT_3D('',#2647,#2648,#2649);
#2647 = CARTESIAN_POINT('',(72.4,-6.,18.45));
#2648 = DIRECTION('',(-5.E-16,1.89E-15,-1.));
#2649 = DIRECTION('',(-1.,1.33E-15,5.E-16));
#2650 = CYLINDRICAL_SURFACE('',#2651,1.);
#2651 = AXIS2_PLACEMENT_3D('',#2652,#2653,#2654);
#2652 = CARTESIAN_POINT('',(72.4,-6.,36.));
#2653 = DIRECTION('',(1.7E-16,2.11E-15,-1.));
#2654 = DIRECTION('',(-1.,1.33E-15,-1.7E-16));
#2655 = ADVANCED_FACE('',(#2656),#2674,.T.);
#2656 = FACE_BOUND('',#2657,.T.);
#2657 = EDGE_LOOP('',(#2658,#2659,#2660,#2668));
#2658 = ORIENTED_EDGE('',*,*,#447,.F.);
#2659 = ORIENTED_EDGE('',*,*,#2618,.T.);
#2660 = ORIENTED_EDGE('',*,*,#2661,.T.);
#2661 = EDGE_CURVE('',#2619,#2662,#2664,.T.);
#2662 = VERTEX_POINT('',#2663);
#2663 = CARTESIAN_POINT('',(4.2,-7.,18.45));
#2664 = LINE('',#2665,#2666);
#2665 = CARTESIAN_POINT('',(1.,-7.,18.45));
#2666 = VECTOR('',#2667,1.);
#2667 = DIRECTION('',(1.,-1.33E-15,-5.E-16));
#2668 = ORIENTED_EDGE('',*,*,#2669,.F.);
#2669 = EDGE_CURVE('',#448,#2662,#2670,.T.);
#2670 = LINE('',#2671,#2672);
#2671 = CARTESIAN_POINT('',(4.2,-7.,36.));
#2672 = VECTOR('',#2673,1.);
#2673 = DIRECTION('',(1.7E-16,2.11E-15,-1.));
#2674 = PLANE('',#2675);
#2675 = AXIS2_PLACEMENT_3D('',#2676,#2677,#2678);
#2676 = CARTESIAN_POINT('',(1.,-7.,36.));
#2677 = DIRECTION('',(-8.9E-16,-1.,-1.89E-15));
#2678 = DIRECTION('',(1.,-8.9E-16,-5.E-16));
#2679 = ADVANCED_FACE('',(#2680),#2692,.T.);
#2680 = FACE_BOUND('',#2681,.T.);
#2681 = EDGE_LOOP('',(#2682,#2683,#2684,#2691));
#2682 = ORIENTED_EDGE('',*,*,#455,.T.);
#2683 = ORIENTED_EDGE('',*,*,#2669,.T.);
#2684 = ORIENTED_EDGE('',*,*,#2685,.F.);
#2685 = EDGE_CURVE('',#1829,#2662,#2686,.T.);
#2686 = CIRCLE('',#2687,1.4);
#2687 = AXIS2_PLACEMENT_3D('',#2688,#2689,#2690);
#2688 = CARTESIAN_POINT('',(4.2,-5.6,18.45));
#2689 = DIRECTION('',(-5.E-16,1.89E-15,-1.));
#2690 = DIRECTION('',(8.9E-16,1.,1.89E-15));
#2691 = ORIENTED_EDGE('',*,*,#1869,.F.);
#2692 = CYLINDRICAL_SURFACE('',#2693,1.4);
#2693 = AXIS2_PLACEMENT_3D('',#2694,#2695,#2696);
#2694 = CARTESIAN_POINT('',(4.2,-5.6,36.));
#2695 = DIRECTION('',(1.7E-16,2.11E-15,-1.));
#2696 = DIRECTION('',(1.,-1.33E-15,1.7E-16));
#2697 = ADVANCED_FACE('',(#2698),#2710,.F.);
#2698 = FACE_BOUND('',#2699,.T.);
#2699 = EDGE_LOOP('',(#2700,#2707,#2708,#2709));
#2700 = ORIENTED_EDGE('',*,*,#2701,.T.);
#2701 = EDGE_CURVE('',#1893,#1725,#2702,.T.);
#2702 = CIRCLE('',#2703,3.);
#2703 = AXIS2_PLACEMENT_3D('',#2704,#2705,#2706);
#2704 = CARTESIAN_POINT('',(71.,-3.,18.45));
#2705 = DIRECTION('',(-5.E-16,1.89E-15,-1.));
#2706 = DIRECTION('',(1.,-1.33E-15,-5.E-16));
#2707 = ORIENTED_EDGE('',*,*,#1724,.F.);
#2708 = ORIENTED_EDGE('',*,*,#489,.T.);
#2709 = ORIENTED_EDGE('',*,*,#1900,.F.);
#2710 = CYLINDRICAL_SURFACE('',#2711,3.);
#2711 = AXIS2_PLACEMENT_3D('',#2712,#2713,#2714);
#2712 = CARTESIAN_POINT('',(71.,-3.,-4.263256414561E-14));
#2713 = DIRECTION('',(1.7E-16,2.11E-15,-1.));
#2714 = DIRECTION('',(1.,-1.33E-15,1.7E-16));
#2715 = ADVANCED_FACE('',(#2716),#2758,.F.);
#2716 = FACE_BOUND('',#2717,.F.);
#2717 = EDGE_LOOP('',(#2718,#2725,#2726,#2727));
#2718 = ORIENTED_EDGE('',*,*,#2719,.T.);
#2719 = EDGE_CURVE('',#2720,#642,#2722,.T.);
#2720 = VERTEX_POINT('',#2721);
#2721 = CARTESIAN_POINT('',(2.946446609407,-11.7,14.496446609407));
#2722 = B_SPLINE_CURVE_WITH_KNOTS('',1,(#2723,#2724),.UNSPECIFIED.,.F.,
  .F.,(2,2),(0.,5.349170030953),.PIECEWISE_BEZIER_KNOTS.);
#2723 = CARTESIAN_POINT('',(2.946446609407,-11.7,14.496446609407));
#2724 = CARTESIAN_POINT('',(2.8,-11.7,14.85));
#2725 = ORIENTED_EDGE('',*,*,#651,.T.);
#2726 = ORIENTED_EDGE('',*,*,#2719,.F.);
#2727 = ORIENTED_EDGE('',*,*,#2728,.F.);
#2728 = EDGE_CURVE('',#2720,#2720,#2729,.T.);
#2729 = B_SPLINE_CURVE_WITH_KNOTS('',14,(#2730,#2731,#2732,#2733,#2734,
    #2735,#2736,#2737,#2738,#2739,#2740,#2741,#2742,#2743,#2744,#2745,
    #2746,#2747,#2748,#2749,#2750,#2751,#2752,#2753,#2754,#2755,#2756,
    #2757),.UNSPECIFIED.,.T.,.F.,(15,13,15),(-1.47E-15,2.674585015477,
    5.349170030953),.UNSPECIFIED.);
#2730 = CARTESIAN_POINT('',(2.946446609407,-11.7,14.496446609407));
#2731 = CARTESIAN_POINT('',(2.946446609409,-11.38881358077,
    14.496446609406));
#2732 = CARTESIAN_POINT('',(3.020514261651,-11.07461107689,
    14.570514261664));
#2733 = CARTESIAN_POINT('',(3.171336886539,-10.80363177463,
    14.721336886502));
#2734 = CARTESIAN_POINT('',(3.372520162952,-10.64638385923,
    14.922520163025));
#2735 = CARTESIAN_POINT('',(3.534184790953,-10.529322302,15.08418479084)
  );
#2736 = CARTESIAN_POINT('',(3.787301598431,-10.40082187983,
    15.33730159857));
#2737 = CARTESIAN_POINT('',(4.000266827291,-10.45088426281,
    15.550266827148));
#2738 = CARTESIAN_POINT('',(4.21118882507,-10.4033543683,15.761188825189
    ));
#2739 = CARTESIAN_POINT('',(4.463682045478,-10.52626823851,
    16.013682045397));
#2740 = CARTESIAN_POINT('',(4.625933975786,-10.64744676854,
    16.17593397583));
#2741 = CARTESIAN_POINT('',(4.82437323895,-10.80068688686,
    16.374373238932));
#2742 = CARTESIAN_POINT('',(4.977319767712,-11.06871845049,
    16.527319767716));
#2743 = CARTESIAN_POINT('',(5.053553390593,-11.38424597667,
    16.603553390593));
#2744 = CARTESIAN_POINT('',(5.053553390595,-12.01575402333,
    16.603553390593));
#2745 = CARTESIAN_POINT('',(4.977319767704,-12.33128154947,
    16.52731976772));
#2746 = CARTESIAN_POINT('',(4.82437323897,-12.59931311321,16.37437323892
    ));
#2747 = CARTESIAN_POINT('',(4.625933975745,-12.75255323127,
    16.175933975857));
#2748 = CARTESIAN_POINT('',(4.463682045548,-12.87373176182,
    16.013682045357));
#2749 = CARTESIAN_POINT('',(4.211188824971,-12.9966456312,
    15.761188825231));
#2750 = CARTESIAN_POINT('',(4.000266827404,-12.94911573774,
    15.550266827116));
#2751 = CARTESIAN_POINT('',(3.787301598329,-12.99917811964,
    15.337301598589));
#2752 = CARTESIAN_POINT('',(3.534184791024,-12.87067769838,
    15.084184790833));
#2753 = CARTESIAN_POINT('',(3.372520162912,-12.75361614053,
    14.922520163026));
#2754 = CARTESIAN_POINT('',(3.171336886556,-12.59636822547,
    14.721336886502));
#2755 = CARTESIAN_POINT('',(3.020514261645,-12.32538892307,
    14.570514261664));
#2756 = CARTESIAN_POINT('',(2.94644660941,-12.01118641923,
    14.496446609406));
#2757 = CARTESIAN_POINT('',(2.946446609407,-11.7,14.496446609407));
#2758 = B_SPLINE_SURFACE_WITH_KNOTS('',1,14,(
    (#2759,#2760,#2761,#2762,#2763,#2764,#2765,#2766,#2767,#2768,#2769
      ,#2770,#2771,#2772,#2773,#2774,#2775,#2776,#2777,#2778,#2779,#2780
      ,#2781,#2782,#2783,#2784,#2785,#2786)
    ,(#2787,#2788,#2789,#2790,#2791,#2792,#2793,#2794,#2795,#2796,#2797
      ,#2798,#2799,#2800,#2801,#2802,#2803,#2804,#2805,#2806,#2807,#2808
      ,#2809,#2810,#2811,#2812,#2813,#2814
    )),.UNSPECIFIED.,.F.,.T.,.F.,(2,2),(15,13,15),(0.,5.349170030953),(
    -1.47E-15,2.674585015477,5.349170030953),.UNSPECIFIED.);
#2759 = CARTESIAN_POINT('',(2.946446609407,-11.7,14.496446609407));
#2760 = CARTESIAN_POINT('',(2.946446609409,-11.38881358077,
    14.496446609406));
#2761 = CARTESIAN_POINT('',(3.020514261651,-11.07461107689,
    14.570514261664));
#2762 = CARTESIAN_POINT('',(3.171336886539,-10.80363177463,
    14.721336886502));
#2763 = CARTESIAN_POINT('',(3.372520162952,-10.64638385923,
    14.922520163025));
#2764 = CARTESIAN_POINT('',(3.534184790953,-10.529322302,15.08418479084)
  );
#2765 = CARTESIAN_POINT('',(3.787301598431,-10.40082187983,
    15.33730159857));
#2766 = CARTESIAN_POINT('',(4.000266827291,-10.45088426281,
    15.550266827148));
#2767 = CARTESIAN_POINT('',(4.21118882507,-10.4033543683,15.761188825189
    ));
#2768 = CARTESIAN_POINT('',(4.463682045478,-10.52626823851,
    16.013682045397));
#2769 = CARTESIAN_POINT('',(4.625933975786,-10.64744676854,
    16.17593397583));
#2770 = CARTESIAN_POINT('',(4.82437323895,-10.80068688686,
    16.374373238932));
#2771 = CARTESIAN_POINT('',(4.977319767712,-11.06871845049,
    16.527319767716));
#2772 = CARTESIAN_POINT('',(5.053553390593,-11.38424597667,
    16.603553390593));
#2773 = CARTESIAN_POINT('',(5.053553390595,-12.01575402333,
    16.603553390593));
#2774 = CARTESIAN_POINT('',(4.977319767704,-12.33128154947,
    16.52731976772));
#2775 = CARTESIAN_POINT('',(4.82437323897,-12.59931311321,16.37437323892
    ));
#2776 = CARTESIAN_POINT('',(4.625933975745,-12.75255323127,
    16.175933975857));
#2777 = CARTESIAN_POINT('',(4.463682045548,-12.87373176182,
    16.013682045357));
#2778 = CARTESIAN_POINT('',(4.211188824971,-12.9966456312,
    15.761188825231));
#2779 = CARTESIAN_POINT('',(4.000266827404,-12.94911573774,
    15.550266827116));
#2780 = CARTESIAN_POINT('',(3.787301598329,-12.99917811964,
    15.337301598589));
#2781 = CARTESIAN_POINT('',(3.534184791024,-12.87067769838,
    15.084184790833));
#2782 = CARTESIAN_POINT('',(3.372520162912,-12.75361614053,
    14.922520163026));
#2783 = CARTESIAN_POINT('',(3.171336886556,-12.59636822547,
    14.721336886502));
#2784 = CARTESIAN_POINT('',(3.020514261645,-12.32538892307,
    14.570514261664));
#2785 = CARTESIAN_POINT('',(2.94644660941,-12.01118641923,
    14.496446609406));
#2786 = CARTESIAN_POINT('',(2.946446609407,-11.7,14.496446609407));
#2787 = CARTESIAN_POINT('',(2.8,-11.7,14.85));
#2788 = CARTESIAN_POINT('',(2.800000000001,-11.43461594523,
    14.849999999999));
#2789 = CARTESIAN_POINT('',(2.863410126076,-11.16723415936,
    14.958588754716));
#2790 = CARTESIAN_POINT('',(2.989759111137,-10.96188220421,
    15.175703681842));
#2791 = CARTESIAN_POINT('',(3.172366450484,-10.94280458811,
    15.463762260286));
#2792 = CARTESIAN_POINT('',(3.286369048259,-10.94255810127,
    15.523087628149));
#2793 = CARTESIAN_POINT('',(3.521250289857,-10.92091857192,
    15.865610453613));
#2794 = CARTESIAN_POINT('',(3.639176876229,-11.07963983088,
    15.894087825671));
#2795 = CARTESIAN_POINT('',(3.867401801285,-11.12980612044,
    16.106204150309));
#2796 = CARTESIAN_POINT('',(3.957537219545,-11.28580174874,
    16.159883850315));
#2797 = CARTESIAN_POINT('',(4.123614612084,-11.41120676907,
    16.231357732279));
#2798 = CARTESIAN_POINT('',(4.16576738109,-11.54392016583,
    16.238678468908));
#2799 = CARTESIAN_POINT('',(4.189319975795,-11.60982449519,
    16.247154092634));
#2800 = CARTESIAN_POINT('',(4.2,-11.65512010494,16.25));
#2801 = CARTESIAN_POINT('',(4.200000000001,-11.74487989505,16.25));
#2802 = CARTESIAN_POINT('',(4.189319975788,-11.79017550479,
    16.247154092636));
#2803 = CARTESIAN_POINT('',(4.165767381111,-11.85607983422,
    16.238678468901));
#2804 = CARTESIAN_POINT('',(4.123614612041,-11.98879323079,
    16.231357732294));
#2805 = CARTESIAN_POINT('',(3.957537219612,-12.1141982515,
    16.159883850293));
#2806 = CARTESIAN_POINT('',(3.867401801201,-12.27019387921,
    16.106204150337));
#2807 = CARTESIAN_POINT('',(3.639176876315,-12.3203601695,
    15.894087825644));
#2808 = CARTESIAN_POINT('',(3.521250289785,-12.4790814277,
    15.865610453635));
#2809 = CARTESIAN_POINT('',(3.286369048308,-12.457441899,15.523087628135
    ));
#2810 = CARTESIAN_POINT('',(3.172366450457,-12.4571954117,
    15.463762260293));
#2811 = CARTESIAN_POINT('',(2.989759111149,-12.43811779586,
    15.17570368184));
#2812 = CARTESIAN_POINT('',(2.863410126072,-12.2327658406,
    14.958588754717));
#2813 = CARTESIAN_POINT('',(2.800000000002,-11.96538405476,
    14.849999999999));
#2814 = CARTESIAN_POINT('',(2.8,-11.7,14.85));
#2815 = ADVANCED_FACE('',(#2816),#2821,.T.);
#2816 = FACE_BOUND('',#2817,.T.);
#2817 = EDGE_LOOP('',(#2818,#2819,#2820));
#2818 = ORIENTED_EDGE('',*,*,#1202,.T.);
#2819 = ORIENTED_EDGE('',*,*,#739,.T.);
#2820 = ORIENTED_EDGE('',*,*,#1330,.T.);
#2821 = PLANE('',#2822);
#2822 = AXIS2_PLACEMENT_3D('',#2823,#2824,#2825);
#2823 = CARTESIAN_POINT('',(38.5,-16.,17.15));
#2824 = DIRECTION('',(-1.7E-16,-2.11E-15,1.));
#2825 = DIRECTION('',(1.,-1.33E-15,1.7E-16));
#2826 = ADVANCED_FACE('',(#2827),#2832,.F.);
#2827 = FACE_BOUND('',#2828,.F.);
#2828 = EDGE_LOOP('',(#2829,#2830,#2831));
#2829 = ORIENTED_EDGE('',*,*,#2335,.T.);
#2830 = ORIENTED_EDGE('',*,*,#723,.T.);
#2831 = ORIENTED_EDGE('',*,*,#1275,.T.);
#2832 = PLANE('',#2833);
#2833 = AXIS2_PLACEMENT_3D('',#2834,#2835,#2836);
#2834 = CARTESIAN_POINT('',(38.5,-16.,18.45));
#2835 = DIRECTION('',(-1.7E-16,-2.11E-15,1.));
#2836 = DIRECTION('',(1.,-1.33E-15,1.7E-16));
#2837 = ADVANCED_FACE('',(#2838),#2854,.F.);
#2838 = FACE_BOUND('',#2839,.F.);
#2839 = EDGE_LOOP('',(#2840,#2846,#2847,#2853));
#2840 = ORIENTED_EDGE('',*,*,#2841,.T.);
#2841 = EDGE_CURVE('',#2140,#756,#2842,.T.);
#2842 = LINE('',#2843,#2844);
#2843 = CARTESIAN_POINT('',(14.7,-34.,16.35));
#2844 = VECTOR('',#2845,1.);
#2845 = DIRECTION('',(8.9E-16,1.,1.67E-15));
#2846 = ORIENTED_EDGE('',*,*,#755,.T.);
#2847 = ORIENTED_EDGE('',*,*,#2848,.F.);
#2848 = EDGE_CURVE('',#2142,#758,#2849,.T.);
#2849 = LINE('',#2850,#2851);
#2850 = CARTESIAN_POINT('',(13.7,-34.,15.35));
#2851 = VECTOR('',#2852,1.);
#2852 = DIRECTION('',(8.9E-16,1.,1.67E-15));
#2853 = ORIENTED_EDGE('',*,*,#2139,.F.);
#2854 = CYLINDRICAL_SURFACE('',#2855,1.);
#2855 = AXIS2_PLACEMENT_3D('',#2856,#2857,#2858);
#2856 = CARTESIAN_POINT('',(14.7,-34.,15.35));
#2857 = DIRECTION('',(-8.9E-16,-1.,-1.67E-15));
#2858 = DIRECTION('',(1.,-8.9E-16,-5.E-16));
#2859 = ADVANCED_FACE('',(#2860),#2871,.F.);
#2860 = FACE_BOUND('',#2861,.F.);
#2861 = EDGE_LOOP('',(#2862,#2868,#2869,#2870));
#2862 = ORIENTED_EDGE('',*,*,#2863,.T.);
#2863 = EDGE_CURVE('',#2193,#809,#2864,.T.);
#2864 = LINE('',#2865,#2866);
#2865 = CARTESIAN_POINT('',(18.3,-34.,16.35));
#2866 = VECTOR('',#2867,1.);
#2867 = DIRECTION('',(8.9E-16,1.,1.67E-15));
#2868 = ORIENTED_EDGE('',*,*,#817,.T.);
#2869 = ORIENTED_EDGE('',*,*,#2841,.F.);
#2870 = ORIENTED_EDGE('',*,*,#2201,.F.);
#2871 = PLANE('',#2872);
#2872 = AXIS2_PLACEMENT_3D('',#2873,#2874,#2875);
#2873 = CARTESIAN_POINT('',(18.3,-34.,16.35));
#2874 = DIRECTION('',(-1.7E-16,-1.89E-15,1.));
#2875 = DIRECTION('',(-1.,1.33E-15,-1.7E-16));
#2876 = ADVANCED_FACE('',(#2877),#2888,.F.);
#2877 = FACE_BOUND('',#2878,.F.);
#2878 = EDGE_LOOP('',(#2879,#2880,#2881,#2887));
#2879 = ORIENTED_EDGE('',*,*,#2848,.T.);
#2880 = ORIENTED_EDGE('',*,*,#766,.T.);
#2881 = ORIENTED_EDGE('',*,*,#2882,.F.);
#2882 = EDGE_CURVE('',#2151,#767,#2883,.T.);
#2883 = LINE('',#2884,#2885);
#2884 = CARTESIAN_POINT('',(13.7,-34.,13.75));
#2885 = VECTOR('',#2886,1.);
#2886 = DIRECTION('',(8.9E-16,1.,1.67E-15));
#2887 = ORIENTED_EDGE('',*,*,#2150,.F.);
#2888 = PLANE('',#2889);
#2889 = AXIS2_PLACEMENT_3D('',#2890,#2891,#2892);
#2890 = CARTESIAN_POINT('',(13.7,-34.,15.35));
#2891 = DIRECTION('',(-1.,1.33E-15,5.E-16));
#2892 = DIRECTION('',(-5.E-16,1.89E-15,-1.));
#2893 = ADVANCED_FACE('',(#2894),#2905,.F.);
#2894 = FACE_BOUND('',#2895,.F.);
#2895 = EDGE_LOOP('',(#2896,#2902,#2903,#2904));
#2896 = ORIENTED_EDGE('',*,*,#2897,.T.);
#2897 = EDGE_CURVE('',#2185,#801,#2898,.T.);
#2898 = LINE('',#2899,#2900);
#2899 = CARTESIAN_POINT('',(19.3,-34.,15.35));
#2900 = VECTOR('',#2901,1.);
#2901 = DIRECTION('',(8.9E-16,1.,1.67E-15));
#2902 = ORIENTED_EDGE('',*,*,#808,.T.);
#2903 = ORIENTED_EDGE('',*,*,#2863,.F.);
#2904 = ORIENTED_EDGE('',*,*,#2192,.F.);
#2905 = CYLINDRICAL_SURFACE('',#2906,1.);
#2906 = AXIS2_PLACEMENT_3D('',#2907,#2908,#2909);
#2907 = CARTESIAN_POINT('',(18.3,-34.,15.35));
#2908 = DIRECTION('',(-8.9E-16,-1.,-1.67E-15));
#2909 = DIRECTION('',(1.,-8.9E-16,-5.E-16));
#2910 = ADVANCED_FACE('',(#2911),#2922,.F.);
#2911 = FACE_BOUND('',#2912,.F.);
#2912 = EDGE_LOOP('',(#2913,#2914,#2915,#2921));
#2913 = ORIENTED_EDGE('',*,*,#2882,.T.);
#2914 = ORIENTED_EDGE('',*,*,#774,.T.);
#2915 = ORIENTED_EDGE('',*,*,#2916,.F.);
#2916 = EDGE_CURVE('',#2159,#775,#2917,.T.);
#2917 = LINE('',#2918,#2919);
#2918 = CARTESIAN_POINT('',(14.7,-34.,12.75));
#2919 = VECTOR('',#2920,1.);
#2920 = DIRECTION('',(8.9E-16,1.,1.67E-15));
#2921 = ORIENTED_EDGE('',*,*,#2158,.F.);
#2922 = CYLINDRICAL_SURFACE('',#2923,1.);
#2923 = AXIS2_PLACEMENT_3D('',#2924,#2925,#2926);
#2924 = CARTESIAN_POINT('',(14.7,-34.,13.75));
#2925 = DIRECTION('',(-8.9E-16,-1.,-1.67E-15));
#2926 = DIRECTION('',(1.,-8.9E-16,-5.E-16));
#2927 = ADVANCED_FACE('',(#2928),#2939,.F.);
#2928 = FACE_BOUND('',#2929,.F.);
#2929 = EDGE_LOOP('',(#2930,#2936,#2937,#2938));
#2930 = ORIENTED_EDGE('',*,*,#2931,.T.);
#2931 = EDGE_CURVE('',#2176,#792,#2932,.T.);
#2932 = LINE('',#2933,#2934);
#2933 = CARTESIAN_POINT('',(19.3,-34.,13.75));
#2934 = VECTOR('',#2935,1.);
#2935 = DIRECTION('',(8.9E-16,1.,1.67E-15));
#2936 = ORIENTED_EDGE('',*,*,#800,.T.);
#2937 = ORIENTED_EDGE('',*,*,#2897,.F.);
#2938 = ORIENTED_EDGE('',*,*,#2184,.F.);
#2939 = PLANE('',#2940);
#2940 = AXIS2_PLACEMENT_3D('',#2941,#2942,#2943);
#2941 = CARTESIAN_POINT('',(19.3,-34.,13.75));
#2942 = DIRECTION('',(1.,-1.33E-15,-5.E-16));
#2943 = DIRECTION('',(5.E-16,-1.89E-15,1.));
#2944 = ADVANCED_FACE('',(#2945),#2956,.F.);
#2945 = FACE_BOUND('',#2946,.F.);
#2946 = EDGE_LOOP('',(#2947,#2948,#2949,#2955));
#2947 = ORIENTED_EDGE('',*,*,#2916,.T.);
#2948 = ORIENTED_EDGE('',*,*,#783,.T.);
#2949 = ORIENTED_EDGE('',*,*,#2950,.F.);
#2950 = EDGE_CURVE('',#2168,#784,#2951,.T.);
#2951 = LINE('',#2952,#2953);
#2952 = CARTESIAN_POINT('',(18.3,-34.,12.75));
#2953 = VECTOR('',#2954,1.);
#2954 = DIRECTION('',(8.9E-16,1.,1.67E-15));
#2955 = ORIENTED_EDGE('',*,*,#2167,.F.);
#2956 = PLANE('',#2957);
#2957 = AXIS2_PLACEMENT_3D('',#2958,#2959,#2960);
#2958 = CARTESIAN_POINT('',(14.7,-34.,12.75));
#2959 = DIRECTION('',(1.7E-16,1.89E-15,-1.));
#2960 = DIRECTION('',(1.,-1.33E-15,1.7E-16));
#2961 = ADVANCED_FACE('',(#2962),#2968,.F.);
#2962 = FACE_BOUND('',#2963,.F.);
#2963 = EDGE_LOOP('',(#2964,#2965,#2966,#2967));
#2964 = ORIENTED_EDGE('',*,*,#2950,.T.);
#2965 = ORIENTED_EDGE('',*,*,#791,.T.);
#2966 = ORIENTED_EDGE('',*,*,#2931,.F.);
#2967 = ORIENTED_EDGE('',*,*,#2175,.F.);
#2968 = CYLINDRICAL_SURFACE('',#2969,1.);
#2969 = AXIS2_PLACEMENT_3D('',#2970,#2971,#2972);
#2970 = CARTESIAN_POINT('',(18.3,-34.,13.75));
#2971 = DIRECTION('',(-8.9E-16,-1.,-1.67E-15));
#2972 = DIRECTION('',(1.,-8.9E-16,-5.E-16));
#2973 = ADVANCED_FACE('',(#2974),#2993,.F.);
#2974 = FACE_BOUND('',#2975,.F.);
#2975 = EDGE_LOOP('',(#2976,#2984,#2991,#2992));
#2976 = ORIENTED_EDGE('',*,*,#2977,.F.);
#2977 = EDGE_CURVE('',#2978,#826,#2980,.T.);
#2978 = VERTEX_POINT('',#2979);
#2979 = CARTESIAN_POINT('',(21.54,-32.01,15.6505));
#2980 = LINE('',#2981,#2982);
#2981 = CARTESIAN_POINT('',(21.54,-34.,15.6505));
#2982 = VECTOR('',#2983,1.);
#2983 = DIRECTION('',(4.4E-16,1.,-2.2E-16));
#2984 = ORIENTED_EDGE('',*,*,#2985,.F.);
#2985 = EDGE_CURVE('',#2978,#2978,#2986,.T.);
#2986 = CIRCLE('',#2987,0.7);
#2987 = AXIS2_PLACEMENT_3D('',#2988,#2989,#2990);
#2988 = CARTESIAN_POINT('',(20.84,-32.01,15.6505));
#2989 = DIRECTION('',(-2.22E-15,-1.,-6.7E-16));
#2990 = DIRECTION('',(1.,-2.22E-15,5.08E-15));
#2991 = ORIENTED_EDGE('',*,*,#2977,.T.);
#2992 = ORIENTED_EDGE('',*,*,#825,.T.);
#2993 = CYLINDRICAL_SURFACE('',#2994,0.7);
#2994 = AXIS2_PLACEMENT_3D('',#2995,#2996,#2997);
#2995 = CARTESIAN_POINT('',(20.84,-34.,15.6505));
#2996 = DIRECTION('',(-5.6E-16,-1.,6.E-17));
#2997 = DIRECTION('',(1.,-5.6E-16,-2.2E-16));
#2998 = ADVANCED_FACE('',(#2999),#3018,.F.);
#2999 = FACE_BOUND('',#3000,.F.);
#3000 = EDGE_LOOP('',(#3001,#3009,#3016,#3017));
#3001 = ORIENTED_EDGE('',*,*,#3002,.F.);
#3002 = EDGE_CURVE('',#3003,#837,#3005,.T.);
#3003 = VERTEX_POINT('',#3004);
#3004 = CARTESIAN_POINT('',(23.84,-32.01,15.6505));
#3005 = LINE('',#3006,#3007);
#3006 = CARTESIAN_POINT('',(23.84,-34.,15.6505));
#3007 = VECTOR('',#3008,1.);
#3008 = DIRECTION('',(4.4E-16,1.,-2.2E-16));
#3009 = ORIENTED_EDGE('',*,*,#3010,.F.);
#3010 = EDGE_CURVE('',#3003,#3003,#3011,.T.);
#3011 = CIRCLE('',#3012,0.7);
#3012 = AXIS2_PLACEMENT_3D('',#3013,#3014,#3015);
#3013 = CARTESIAN_POINT('',(23.14,-32.01,15.6505));
#3014 = DIRECTION('',(-2.22E-15,-1.,-6.7E-16));
#3015 = DIRECTION('',(1.,-2.22E-15,2.54E-15));
#3016 = ORIENTED_EDGE('',*,*,#3002,.T.);
#3017 = ORIENTED_EDGE('',*,*,#836,.T.);
#3018 = CYLINDRICAL_SURFACE('',#3019,0.7);
#3019 = AXIS2_PLACEMENT_3D('',#3020,#3021,#3022);
#3020 = CARTESIAN_POINT('',(23.14,-34.,15.6505));
#3021 = DIRECTION('',(-5.6E-16,-1.,6.E-17));
#3022 = DIRECTION('',(1.,-5.6E-16,-2.2E-16));
#3023 = ADVANCED_FACE('',(#3024),#3043,.F.);
#3024 = FACE_BOUND('',#3025,.F.);
#3025 = EDGE_LOOP('',(#3026,#3034,#3041,#3042));
#3026 = ORIENTED_EDGE('',*,*,#3027,.F.);
#3027 = EDGE_CURVE('',#3028,#848,#3030,.T.);
#3028 = VERTEX_POINT('',#3029);
#3029 = CARTESIAN_POINT('',(26.14,-32.01,15.6505));
#3030 = LINE('',#3031,#3032);
#3031 = CARTESIAN_POINT('',(26.14,-34.,15.6505));
#3032 = VECTOR('',#3033,1.);
#3033 = DIRECTION('',(4.4E-16,1.,-2.2E-16));
#3034 = ORIENTED_EDGE('',*,*,#3035,.F.);
#3035 = EDGE_CURVE('',#3028,#3028,#3036,.T.);
#3036 = CIRCLE('',#3037,0.7);
#3037 = AXIS2_PLACEMENT_3D('',#3038,#3039,#3040);
#3038 = CARTESIAN_POINT('',(25.44,-32.01,15.6505));
#3039 = DIRECTION('',(-2.22E-15,-1.,-6.7E-16));
#3040 = DIRECTION('',(1.,-2.22E-15,2.54E-15));
#3041 = ORIENTED_EDGE('',*,*,#3027,.T.);
#3042 = ORIENTED_EDGE('',*,*,#847,.T.);
#3043 = CYLINDRICAL_SURFACE('',#3044,0.7);
#3044 = AXIS2_PLACEMENT_3D('',#3045,#3046,#3047);
#3045 = CARTESIAN_POINT('',(25.44,-34.,15.6505));
#3046 = DIRECTION('',(-5.6E-16,-1.,6.E-17));
#3047 = DIRECTION('',(1.,-5.6E-16,-2.2E-16));
#3048 = ADVANCED_FACE('',(#3049),#3075,.F.);
#3049 = FACE_BOUND('',#3050,.F.);
#3050 = EDGE_LOOP('',(#3051,#3062,#3068,#3069));
#3051 = ORIENTED_EDGE('',*,*,#3052,.F.);
#3052 = EDGE_CURVE('',#3053,#3055,#3057,.T.);
#3053 = VERTEX_POINT('',#3054);
#3054 = CARTESIAN_POINT('',(13.,-33.2,23.65));
#3055 = VERTEX_POINT('',#3056);
#3056 = CARTESIAN_POINT('',(12.6,-33.2,23.25));
#3057 = CIRCLE('',#3058,0.4);
#3058 = AXIS2_PLACEMENT_3D('',#3059,#3060,#3061);
#3059 = CARTESIAN_POINT('',(13.,-33.2,23.25));
#3060 = DIRECTION('',(-1.55E-15,-1.,-1.E-15));
#3061 = DIRECTION('',(1.,-1.55E-15,-8.9E-16));
#3062 = ORIENTED_EDGE('',*,*,#3063,.T.);
#3063 = EDGE_CURVE('',#3053,#859,#3064,.T.);
#3064 = LINE('',#3065,#3066);
#3065 = CARTESIAN_POINT('',(13.,-34.,23.65));
#3066 = VECTOR('',#3067,1.);
#3067 = DIRECTION('',(8.9E-16,1.,1.67E-15));
#3068 = ORIENTED_EDGE('',*,*,#858,.T.);
#3069 = ORIENTED_EDGE('',*,*,#3070,.F.);
#3070 = EDGE_CURVE('',#3055,#861,#3071,.T.);
#3071 = LINE('',#3072,#3073);
#3072 = CARTESIAN_POINT('',(12.6,-34.,23.25));
#3073 = VECTOR('',#3074,1.);
#3074 = DIRECTION('',(8.9E-16,1.,1.67E-15));
#3075 = CYLINDRICAL_SURFACE('',#3076,0.4);
#3076 = AXIS2_PLACEMENT_3D('',#3077,#3078,#3079);
#3077 = CARTESIAN_POINT('',(13.,-34.,23.25));
#3078 = DIRECTION('',(-8.9E-16,-1.,-1.67E-15));
#3079 = DIRECTION('',(1.,-8.9E-16,-5.E-16));
#3080 = ADVANCED_FACE('',(#3081),#3099,.F.);
#3081 = FACE_BOUND('',#3082,.F.);
#3082 = EDGE_LOOP('',(#3083,#3091,#3097,#3098));
#3083 = ORIENTED_EDGE('',*,*,#3084,.F.);
#3084 = EDGE_CURVE('',#3085,#3053,#3087,.T.);
#3085 = VERTEX_POINT('',#3086);
#3086 = CARTESIAN_POINT('',(23.8,-33.2,23.65));
#3087 = LINE('',#3088,#3089);
#3088 = CARTESIAN_POINT('',(32.290709739296,-33.2,23.65));
#3089 = VECTOR('',#3090,1.);
#3090 = DIRECTION('',(-1.,1.11E-15,8.9E-16));
#3091 = ORIENTED_EDGE('',*,*,#3092,.T.);
#3092 = EDGE_CURVE('',#3085,#910,#3093,.T.);
#3093 = LINE('',#3094,#3095);
#3094 = CARTESIAN_POINT('',(23.8,-34.,23.65));
#3095 = VECTOR('',#3096,1.);
#3096 = DIRECTION('',(8.9E-16,1.,1.67E-15));
#3097 = ORIENTED_EDGE('',*,*,#918,.T.);
#3098 = ORIENTED_EDGE('',*,*,#3063,.F.);
#3099 = PLANE('',#3100);
#3100 = AXIS2_PLACEMENT_3D('',#3101,#3102,#3103);
#3101 = CARTESIAN_POINT('',(23.8,-34.,23.65));
#3102 = DIRECTION('',(-1.7E-16,-1.89E-15,1.));
#3103 = DIRECTION('',(-1.,1.33E-15,-1.7E-16));
#3104 = ADVANCED_FACE('',(#3105),#3123,.F.);
#3105 = FACE_BOUND('',#3106,.F.);
#3106 = EDGE_LOOP('',(#3107,#3115,#3116,#3117));
#3107 = ORIENTED_EDGE('',*,*,#3108,.F.);
#3108 = EDGE_CURVE('',#3055,#3109,#3111,.T.);
#3109 = VERTEX_POINT('',#3110);
#3110 = CARTESIAN_POINT('',(12.6,-33.2,21.039949493661));
#3111 = LINE('',#3112,#3113);
#3112 = CARTESIAN_POINT('',(12.6,-33.2,21.641214908627));
#3113 = VECTOR('',#3114,1.);
#3114 = DIRECTION('',(-5.6E-16,8.3E-16,-1.));
#3115 = ORIENTED_EDGE('',*,*,#3070,.T.);
#3116 = ORIENTED_EDGE('',*,*,#869,.T.);
#3117 = ORIENTED_EDGE('',*,*,#3118,.F.);
#3118 = EDGE_CURVE('',#3109,#870,#3119,.T.);
#3119 = LINE('',#3120,#3121);
#3120 = CARTESIAN_POINT('',(12.6,-34.,21.039949493661));
#3121 = VECTOR('',#3122,1.);
#3122 = DIRECTION('',(8.9E-16,1.,1.67E-15));
#3123 = PLANE('',#3124);
#3124 = AXIS2_PLACEMENT_3D('',#3125,#3126,#3127);
#3125 = CARTESIAN_POINT('',(12.6,-34.,23.25));
#3126 = DIRECTION('',(-1.,1.33E-15,5.E-16));
#3127 = DIRECTION('',(-5.E-16,1.89E-15,-1.));
#3128 = ADVANCED_FACE('',(#3129),#3148,.F.);
#3129 = FACE_BOUND('',#3130,.F.);
#3130 = EDGE_LOOP('',(#3131,#3140,#3146,#3147));
#3131 = ORIENTED_EDGE('',*,*,#3132,.F.);
#3132 = EDGE_CURVE('',#3133,#3085,#3135,.T.);
#3133 = VERTEX_POINT('',#3134);
#3134 = CARTESIAN_POINT('',(24.2,-33.2,23.25));
#3135 = CIRCLE('',#3136,0.4);
#3136 = AXIS2_PLACEMENT_3D('',#3137,#3138,#3139);
#3137 = CARTESIAN_POINT('',(23.8,-33.2,23.25));
#3138 = DIRECTION('',(-1.55E-15,-1.,-1.E-15));
#3139 = DIRECTION('',(1.,-1.55E-15,-8.9E-16));
#3140 = ORIENTED_EDGE('',*,*,#3141,.T.);
#3141 = EDGE_CURVE('',#3133,#902,#3142,.T.);
#3142 = LINE('',#3143,#3144);
#3143 = CARTESIAN_POINT('',(24.2,-34.,23.25));
#3144 = VECTOR('',#3145,1.);
#3145 = DIRECTION('',(8.9E-16,1.,1.67E-15));
#3146 = ORIENTED_EDGE('',*,*,#909,.T.);
#3147 = ORIENTED_EDGE('',*,*,#3092,.F.);
#3148 = CYLINDRICAL_SURFACE('',#3149,0.4);
#3149 = AXIS2_PLACEMENT_3D('',#3150,#3151,#3152);
#3150 = CARTESIAN_POINT('',(23.8,-34.,23.25));
#3151 = DIRECTION('',(-8.9E-16,-1.,-1.67E-15));
#3152 = DIRECTION('',(1.,-8.9E-16,-5.E-16));
#3153 = ADVANCED_FACE('',(#3154),#3172,.F.);
#3154 = FACE_BOUND('',#3155,.F.);
#3155 = EDGE_LOOP('',(#3156,#3164,#3165,#3166));
#3156 = ORIENTED_EDGE('',*,*,#3157,.F.);
#3157 = EDGE_CURVE('',#3109,#3158,#3160,.T.);
#3158 = VERTEX_POINT('',#3159);
#3159 = CARTESIAN_POINT('',(13.589949493661,-33.2,20.05));
#3160 = LINE('',#3161,#3162);
#3161 = CARTESIAN_POINT('',(19.89723478875,-33.2,13.742714704911));
#3162 = VECTOR('',#3163,1.);
#3163 = DIRECTION('',(0.707106781187,-1.957864376269E-16,-0.707106781187
    ));
#3164 = ORIENTED_EDGE('',*,*,#3118,.T.);
#3165 = ORIENTED_EDGE('',*,*,#877,.T.);
#3166 = ORIENTED_EDGE('',*,*,#3167,.F.);
#3167 = EDGE_CURVE('',#3158,#878,#3168,.T.);
#3168 = LINE('',#3169,#3170);
#3169 = CARTESIAN_POINT('',(13.589949493661,-34.,20.05));
#3170 = VECTOR('',#3171,1.);
#3171 = DIRECTION('',(8.9E-16,1.,1.67E-15));
#3172 = PLANE('',#3173);
#3173 = AXIS2_PLACEMENT_3D('',#3174,#3175,#3176);
#3174 = CARTESIAN_POINT('',(12.6,-34.,21.039949493661));
#3175 = DIRECTION('',(-0.707106781187,2.28132034356E-15,-0.707106781187)
  );
#3176 = DIRECTION('',(0.707106781187,3.913203435596E-16,-0.707106781187)
  );
#3177 = ADVANCED_FACE('',(#3178),#3196,.F.);
#3178 = FACE_BOUND('',#3179,.F.);
#3179 = EDGE_LOOP('',(#3180,#3188,#3194,#3195));
#3180 = ORIENTED_EDGE('',*,*,#3181,.F.);
#3181 = EDGE_CURVE('',#3182,#3133,#3184,.T.);
#3182 = VERTEX_POINT('',#3183);
#3183 = CARTESIAN_POINT('',(24.2,-33.2,21.039949493661));
#3184 = LINE('',#3185,#3186);
#3185 = CARTESIAN_POINT('',(24.2,-33.2,20.536189655457));
#3186 = VECTOR('',#3187,1.);
#3187 = DIRECTION('',(5.6E-16,-8.3E-16,1.));
#3188 = ORIENTED_EDGE('',*,*,#3189,.T.);
#3189 = EDGE_CURVE('',#3182,#894,#3190,.T.);
#3190 = LINE('',#3191,#3192);
#3191 = CARTESIAN_POINT('',(24.2,-34.,21.039949493661));
#3192 = VECTOR('',#3193,1.);
#3193 = DIRECTION('',(8.9E-16,1.,1.67E-15));
#3194 = ORIENTED_EDGE('',*,*,#901,.T.);
#3195 = ORIENTED_EDGE('',*,*,#3141,.F.);
#3196 = PLANE('',#3197);
#3197 = AXIS2_PLACEMENT_3D('',#3198,#3199,#3200);
#3198 = CARTESIAN_POINT('',(24.2,-34.,21.039949493661));
#3199 = DIRECTION('',(1.,-1.33E-15,-5.E-16));
#3200 = DIRECTION('',(5.E-16,-1.89E-15,1.));
#3201 = ADVANCED_FACE('',(#3202),#3220,.F.);
#3202 = FACE_BOUND('',#3203,.F.);
#3203 = EDGE_LOOP('',(#3204,#3212,#3213,#3214));
#3204 = ORIENTED_EDGE('',*,*,#3205,.F.);
#3205 = EDGE_CURVE('',#3158,#3206,#3208,.T.);
#3206 = VERTEX_POINT('',#3207);
#3207 = CARTESIAN_POINT('',(23.210050506339,-33.2,20.05));
#3208 = LINE('',#3209,#3210);
#3209 = CARTESIAN_POINT('',(27.185684486126,-33.2,20.05));
#3210 = VECTOR('',#3211,1.);
#3211 = DIRECTION('',(1.,-1.11E-15,-8.9E-16));
#3212 = ORIENTED_EDGE('',*,*,#3167,.T.);
#3213 = ORIENTED_EDGE('',*,*,#885,.T.);
#3214 = ORIENTED_EDGE('',*,*,#3215,.F.);
#3215 = EDGE_CURVE('',#3206,#886,#3216,.T.);
#3216 = LINE('',#3217,#3218);
#3217 = CARTESIAN_POINT('',(23.210050506339,-34.,20.05));
#3218 = VECTOR('',#3219,1.);
#3219 = DIRECTION('',(8.9E-16,1.,1.67E-15));
#3220 = PLANE('',#3221);
#3221 = AXIS2_PLACEMENT_3D('',#3222,#3223,#3224);
#3222 = CARTESIAN_POINT('',(13.589949493661,-34.,20.05));
#3223 = DIRECTION('',(1.7E-16,1.89E-15,-1.));
#3224 = DIRECTION('',(1.,-1.33E-15,1.7E-16));
#3225 = ADVANCED_FACE('',(#3226),#3237,.F.);
#3226 = FACE_BOUND('',#3227,.F.);
#3227 = EDGE_LOOP('',(#3228,#3234,#3235,#3236));
#3228 = ORIENTED_EDGE('',*,*,#3229,.F.);
#3229 = EDGE_CURVE('',#3206,#3182,#3230,.T.);
#3230 = LINE('',#3231,#3232);
#3231 = CARTESIAN_POINT('',(27.598500203715,-33.2,24.438449697377));
#3232 = VECTOR('',#3233,1.);
#3233 = DIRECTION('',(0.707106781187,-1.374213562373E-15,0.707106781187)
  );
#3234 = ORIENTED_EDGE('',*,*,#3215,.T.);
#3235 = ORIENTED_EDGE('',*,*,#893,.T.);
#3236 = ORIENTED_EDGE('',*,*,#3189,.F.);
#3237 = PLANE('',#3238);
#3238 = AXIS2_PLACEMENT_3D('',#3239,#3240,#3241);
#3239 = CARTESIAN_POINT('',(23.210050506339,-34.,20.05));
#3240 = DIRECTION('',(0.707106781187,3.913203435596E-16,-0.707106781187)
  );
#3241 = DIRECTION('',(0.707106781187,-2.28132034356E-15,0.707106781187)
  );
#3242 = ADVANCED_FACE('',(#3243),#3262,.F.);
#3243 = FACE_BOUND('',#3244,.F.);
#3244 = EDGE_LOOP('',(#3245,#3253,#3260,#3261));
#3245 = ORIENTED_EDGE('',*,*,#3246,.F.);
#3246 = EDGE_CURVE('',#3247,#927,#3249,.T.);
#3247 = VERTEX_POINT('',#3248);
#3248 = CARTESIAN_POINT('',(28.44,-32.01,15.6505));
#3249 = LINE('',#3250,#3251);
#3250 = CARTESIAN_POINT('',(28.44,-34.,15.6505));
#3251 = VECTOR('',#3252,1.);
#3252 = DIRECTION('',(4.4E-16,1.,-2.2E-16));
#3253 = ORIENTED_EDGE('',*,*,#3254,.F.);
#3254 = EDGE_CURVE('',#3247,#3247,#3255,.T.);
#3255 = CIRCLE('',#3256,0.7);
#3256 = AXIS2_PLACEMENT_3D('',#3257,#3258,#3259);
#3257 = CARTESIAN_POINT('',(27.74,-32.01,15.6505));
#3258 = DIRECTION('',(-2.22E-15,-1.,-6.7E-16));
#3259 = DIRECTION('',(1.,-2.22E-15,0.));
#3260 = ORIENTED_EDGE('',*,*,#3246,.T.);
#3261 = ORIENTED_EDGE('',*,*,#926,.T.);
#3262 = CYLINDRICAL_SURFACE('',#3263,0.7);
#3263 = AXIS2_PLACEMENT_3D('',#3264,#3265,#3266);
#3264 = CARTESIAN_POINT('',(27.74,-34.,15.6505));
#3265 = DIRECTION('',(-5.6E-16,-1.,6.E-17));
#3266 = DIRECTION('',(1.,-5.6E-16,-2.2E-16));
#3267 = ADVANCED_FACE('',(#3268),#3293,.F.);
#3268 = FACE_BOUND('',#3269,.F.);
#3269 = EDGE_LOOP('',(#3270,#3278,#3286,#3292));
#3270 = ORIENTED_EDGE('',*,*,#3271,.T.);
#3271 = EDGE_CURVE('',#938,#3272,#3274,.T.);
#3272 = VERTEX_POINT('',#3273);
#3273 = CARTESIAN_POINT('',(40.,-31.99,33.4));
#3274 = LINE('',#3275,#3276);
#3275 = CARTESIAN_POINT('',(40.,-32.,33.4));
#3276 = VECTOR('',#3277,1.);
#3277 = DIRECTION('',(8.9E-16,1.,1.67E-15));
#3278 = ORIENTED_EDGE('',*,*,#3279,.T.);
#3279 = EDGE_CURVE('',#3272,#3280,#3282,.T.);
#3280 = VERTEX_POINT('',#3281);
#3281 = CARTESIAN_POINT('',(40.,-31.99,14.4));
#3282 = LINE('',#3283,#3284);
#3283 = CARTESIAN_POINT('',(40.,-31.99,33.4));
#3284 = VECTOR('',#3285,1.);
#3285 = DIRECTION('',(-7.2E-16,1.11E-15,-1.));
#3286 = ORIENTED_EDGE('',*,*,#3287,.F.);
#3287 = EDGE_CURVE('',#940,#3280,#3288,.T.);
#3288 = LINE('',#3289,#3290);
#3289 = CARTESIAN_POINT('',(40.,-32.,14.4));
#3290 = VECTOR('',#3291,1.);
#3291 = DIRECTION('',(8.9E-16,1.,1.67E-15));
#3292 = ORIENTED_EDGE('',*,*,#937,.F.);
#3293 = PLANE('',#3294);
#3294 = AXIS2_PLACEMENT_3D('',#3295,#3296,#3297);
#3295 = CARTESIAN_POINT('',(40.,-32.,33.4));
#3296 = DIRECTION('',(-1.,1.33E-15,5.E-16));
#3297 = DIRECTION('',(-5.E-16,1.89E-15,-1.));
#3298 = ADVANCED_FACE('',(#3299),#3317,.F.);
#3299 = FACE_BOUND('',#3300,.F.);
#3300 = EDGE_LOOP('',(#3301,#3309,#3315,#3316));
#3301 = ORIENTED_EDGE('',*,*,#3302,.T.);
#3302 = EDGE_CURVE('',#948,#3303,#3305,.T.);
#3303 = VERTEX_POINT('',#3304);
#3304 = CARTESIAN_POINT('',(29.,-31.99,33.4));
#3305 = LINE('',#3306,#3307);
#3306 = CARTESIAN_POINT('',(29.,-32.,33.4));
#3307 = VECTOR('',#3308,1.);
#3308 = DIRECTION('',(8.9E-16,1.,1.67E-15));
#3309 = ORIENTED_EDGE('',*,*,#3310,.T.);
#3310 = EDGE_CURVE('',#3303,#3272,#3311,.T.);
#3311 = LINE('',#3312,#3313);
#3312 = CARTESIAN_POINT('',(29.,-31.99,33.4));
#3313 = VECTOR('',#3314,1.);
#3314 = DIRECTION('',(1.,-2.E-15,-8.9E-16));
#3315 = ORIENTED_EDGE('',*,*,#3271,.F.);
#3316 = ORIENTED_EDGE('',*,*,#947,.F.);
#3317 = PLANE('',#3318);
#3318 = AXIS2_PLACEMENT_3D('',#3319,#3320,#3321);
#3319 = CARTESIAN_POINT('',(29.,-32.,33.4));
#3320 = DIRECTION('',(1.7E-16,1.89E-15,-1.));
#3321 = DIRECTION('',(1.,-1.33E-15,1.7E-16));
#3322 = ADVANCED_FACE('',(#3323),#3341,.F.);
#3323 = FACE_BOUND('',#3324,.F.);
#3324 = EDGE_LOOP('',(#3325,#3326,#3334,#3340));
#3325 = ORIENTED_EDGE('',*,*,#3287,.T.);
#3326 = ORIENTED_EDGE('',*,*,#3327,.T.);
#3327 = EDGE_CURVE('',#3280,#3328,#3330,.T.);
#3328 = VERTEX_POINT('',#3329);
#3329 = CARTESIAN_POINT('',(29.,-31.99,14.4));
#3330 = LINE('',#3331,#3332);
#3331 = CARTESIAN_POINT('',(40.,-31.99,14.4));
#3332 = VECTOR('',#3333,1.);
#3333 = DIRECTION('',(-1.,2.E-15,8.9E-16));
#3334 = ORIENTED_EDGE('',*,*,#3335,.F.);
#3335 = EDGE_CURVE('',#956,#3328,#3336,.T.);
#3336 = LINE('',#3337,#3338);
#3337 = CARTESIAN_POINT('',(29.,-32.,14.4));
#3338 = VECTOR('',#3339,1.);
#3339 = DIRECTION('',(8.9E-16,1.,1.67E-15));
#3340 = ORIENTED_EDGE('',*,*,#963,.F.);
#3341 = PLANE('',#3342);
#3342 = AXIS2_PLACEMENT_3D('',#3343,#3344,#3345);
#3343 = CARTESIAN_POINT('',(40.,-32.,14.4));
#3344 = DIRECTION('',(-1.7E-16,-1.89E-15,1.));
#3345 = DIRECTION('',(-1.,1.33E-15,-1.7E-16));
#3346 = ADVANCED_FACE('',(#3347),#3358,.F.);
#3347 = FACE_BOUND('',#3348,.F.);
#3348 = EDGE_LOOP('',(#3349,#3350,#3356,#3357));
#3349 = ORIENTED_EDGE('',*,*,#3335,.T.);
#3350 = ORIENTED_EDGE('',*,*,#3351,.T.);
#3351 = EDGE_CURVE('',#3328,#3303,#3352,.T.);
#3352 = LINE('',#3353,#3354);
#3353 = CARTESIAN_POINT('',(29.,-31.99,14.4));
#3354 = VECTOR('',#3355,1.);
#3355 = DIRECTION('',(7.2E-16,-1.11E-15,1.));
#3356 = ORIENTED_EDGE('',*,*,#3302,.F.);
#3357 = ORIENTED_EDGE('',*,*,#955,.F.);
#3358 = PLANE('',#3359);
#3359 = AXIS2_PLACEMENT_3D('',#3360,#3361,#3362);
#3360 = CARTESIAN_POINT('',(29.,-32.,14.4));
#3361 = DIRECTION('',(1.,-1.33E-15,-5.E-16));
#3362 = DIRECTION('',(5.E-16,-1.89E-15,1.));
#3363 = ADVANCED_FACE('',(#3364),#3390,.F.);
#3364 = FACE_BOUND('',#3365,.F.);
#3365 = EDGE_LOOP('',(#3366,#3377,#3383,#3384));
#3366 = ORIENTED_EDGE('',*,*,#3367,.F.);
#3367 = EDGE_CURVE('',#3368,#3370,#3372,.T.);
#3368 = VERTEX_POINT('',#3369);
#3369 = CARTESIAN_POINT('',(43.9,-33.2,22.7));
#3370 = VERTEX_POINT('',#3371);
#3371 = CARTESIAN_POINT('',(43.5,-33.2,22.3));
#3372 = CIRCLE('',#3373,0.4);
#3373 = AXIS2_PLACEMENT_3D('',#3374,#3375,#3376);
#3374 = CARTESIAN_POINT('',(43.9,-33.2,22.3));
#3375 = DIRECTION('',(-1.55E-15,-1.,-1.E-15));
#3376 = DIRECTION('',(1.,-1.55E-15,-8.9E-16));
#3377 = ORIENTED_EDGE('',*,*,#3378,.T.);
#3378 = EDGE_CURVE('',#3368,#972,#3379,.T.);
#3379 = LINE('',#3380,#3381);
#3380 = CARTESIAN_POINT('',(43.9,-34.,22.7));
#3381 = VECTOR('',#3382,1.);
#3382 = DIRECTION('',(8.9E-16,1.,1.67E-15));
#3383 = ORIENTED_EDGE('',*,*,#971,.T.);
#3384 = ORIENTED_EDGE('',*,*,#3385,.F.);
#3385 = EDGE_CURVE('',#3370,#974,#3386,.T.);
#3386 = LINE('',#3387,#3388);
#3387 = CARTESIAN_POINT('',(43.5,-34.,22.3));
#3388 = VECTOR('',#3389,1.);
#3389 = DIRECTION('',(8.9E-16,1.,1.67E-15));
#3390 = CYLINDRICAL_SURFACE('',#3391,0.4);
#3391 = AXIS2_PLACEMENT_3D('',#3392,#3393,#3394);
#3392 = CARTESIAN_POINT('',(43.9,-34.,22.3));
#3393 = DIRECTION('',(-8.9E-16,-1.,-1.67E-15));
#3394 = DIRECTION('',(1.,-8.9E-16,-5.E-16));
#3395 = ADVANCED_FACE('',(#3396),#3414,.F.);
#3396 = FACE_BOUND('',#3397,.F.);
#3397 = EDGE_LOOP('',(#3398,#3406,#3412,#3413));
#3398 = ORIENTED_EDGE('',*,*,#3399,.F.);
#3399 = EDGE_CURVE('',#3400,#3368,#3402,.T.);
#3400 = VERTEX_POINT('',#3401);
#3401 = CARTESIAN_POINT('',(51.1,-33.2,22.7));
#3402 = LINE('',#3403,#3404);
#3403 = CARTESIAN_POINT('',(45.940709739296,-33.2,22.7));
#3404 = VECTOR('',#3405,1.);
#3405 = DIRECTION('',(-1.,1.11E-15,8.9E-16));
#3406 = ORIENTED_EDGE('',*,*,#3407,.T.);
#3407 = EDGE_CURVE('',#3400,#1023,#3408,.T.);
#3408 = LINE('',#3409,#3410);
#3409 = CARTESIAN_POINT('',(51.1,-34.,22.7));
#3410 = VECTOR('',#3411,1.);
#3411 = DIRECTION('',(8.9E-16,1.,1.67E-15));
#3412 = ORIENTED_EDGE('',*,*,#1031,.T.);
#3413 = ORIENTED_EDGE('',*,*,#3378,.F.);
#3414 = PLANE('',#3415);
#3415 = AXIS2_PLACEMENT_3D('',#3416,#3417,#3418);
#3416 = CARTESIAN_POINT('',(51.1,-34.,22.7));
#3417 = DIRECTION('',(-1.7E-16,-1.89E-15,1.));
#3418 = DIRECTION('',(-1.,1.33E-15,-1.7E-16));
#3419 = ADVANCED_FACE('',(#3420),#3438,.F.);
#3420 = FACE_BOUND('',#3421,.F.);
#3421 = EDGE_LOOP('',(#3422,#3430,#3431,#3432));
#3422 = ORIENTED_EDGE('',*,*,#3423,.F.);
#3423 = EDGE_CURVE('',#3370,#3424,#3426,.T.);
#3424 = VERTEX_POINT('',#3425);
#3425 = CARTESIAN_POINT('',(43.5,-33.2,20.889949493661));
#3426 = LINE('',#3427,#3428);
#3427 = CARTESIAN_POINT('',(43.5,-33.2,21.166214908627));
#3428 = VECTOR('',#3429,1.);
#3429 = DIRECTION('',(-5.6E-16,8.3E-16,-1.));
#3430 = ORIENTED_EDGE('',*,*,#3385,.T.);
#3431 = ORIENTED_EDGE('',*,*,#982,.T.);
#3432 = ORIENTED_EDGE('',*,*,#3433,.F.);
#3433 = EDGE_CURVE('',#3424,#983,#3434,.T.);
#3434 = LINE('',#3435,#3436);
#3435 = CARTESIAN_POINT('',(43.5,-34.,20.889949493661));
#3436 = VECTOR('',#3437,1.);
#3437 = DIRECTION('',(8.9E-16,1.,1.67E-15));
#3438 = PLANE('',#3439);
#3439 = AXIS2_PLACEMENT_3D('',#3440,#3441,#3442);
#3440 = CARTESIAN_POINT('',(43.5,-34.,22.3));
#3441 = DIRECTION('',(-1.,1.33E-15,5.E-16));
#3442 = DIRECTION('',(-5.E-16,1.89E-15,-1.));
#3443 = ADVANCED_FACE('',(#3444),#3463,.F.);
#3444 = FACE_BOUND('',#3445,.F.);
#3445 = EDGE_LOOP('',(#3446,#3455,#3461,#3462));
#3446 = ORIENTED_EDGE('',*,*,#3447,.F.);
#3447 = EDGE_CURVE('',#3448,#3400,#3450,.T.);
#3448 = VERTEX_POINT('',#3449);
#3449 = CARTESIAN_POINT('',(51.5,-33.2,22.3));
#3450 = CIRCLE('',#3451,0.4);
#3451 = AXIS2_PLACEMENT_3D('',#3452,#3453,#3454);
#3452 = CARTESIAN_POINT('',(51.1,-33.2,22.3));
#3453 = DIRECTION('',(-1.55E-15,-1.,-1.E-15));
#3454 = DIRECTION('',(1.,-1.55E-15,-8.9E-16));
#3455 = ORIENTED_EDGE('',*,*,#3456,.T.);
#3456 = EDGE_CURVE('',#3448,#1015,#3457,.T.);
#3457 = LINE('',#3458,#3459);
#3458 = CARTESIAN_POINT('',(51.5,-34.,22.3));
#3459 = VECTOR('',#3460,1.);
#3460 = DIRECTION('',(8.9E-16,1.,1.67E-15));
#3461 = ORIENTED_EDGE('',*,*,#1022,.T.);
#3462 = ORIENTED_EDGE('',*,*,#3407,.F.);
#3463 = CYLINDRICAL_SURFACE('',#3464,0.4);
#3464 = AXIS2_PLACEMENT_3D('',#3465,#3466,#3467);
#3465 = CARTESIAN_POINT('',(51.1,-34.,22.3));
#3466 = DIRECTION('',(-8.9E-16,-1.,-1.67E-15));
#3467 = DIRECTION('',(1.,-8.9E-16,-5.E-16));
#3468 = ADVANCED_FACE('',(#3469),#3487,.F.);
#3469 = FACE_BOUND('',#3470,.F.);
#3470 = EDGE_LOOP('',(#3471,#3479,#3480,#3481));
#3471 = ORIENTED_EDGE('',*,*,#3472,.F.);
#3472 = EDGE_CURVE('',#3424,#3473,#3475,.T.);
#3473 = VERTEX_POINT('',#3474);
#3474 = CARTESIAN_POINT('',(44.489949493661,-33.2,19.9));
#3475 = LINE('',#3476,#3477);
#3476 = CARTESIAN_POINT('',(43.03473478875,-33.2,21.355214704911));
#3477 = VECTOR('',#3478,1.);
#3478 = DIRECTION('',(0.707106781187,-1.957864376269E-16,-0.707106781187
    ));
#3479 = ORIENTED_EDGE('',*,*,#3433,.T.);
#3480 = ORIENTED_EDGE('',*,*,#990,.T.);
#3481 = ORIENTED_EDGE('',*,*,#3482,.F.);
#3482 = EDGE_CURVE('',#3473,#991,#3483,.T.);
#3483 = LINE('',#3484,#3485);
#3484 = CARTESIAN_POINT('',(44.489949493661,-34.,19.9));
#3485 = VECTOR('',#3486,1.);
#3486 = DIRECTION('',(8.9E-16,1.,1.67E-15));
#3487 = PLANE('',#3488);
#3488 = AXIS2_PLACEMENT_3D('',#3489,#3490,#3491);
#3489 = CARTESIAN_POINT('',(43.5,-34.,20.889949493661));
#3490 = DIRECTION('',(-0.707106781187,2.28132034356E-15,-0.707106781187)
  );
#3491 = DIRECTION('',(0.707106781187,3.913203435596E-16,-0.707106781187)
  );
#3492 = ADVANCED_FACE('',(#3493),#3511,.F.);
#3493 = FACE_BOUND('',#3494,.F.);
#3494 = EDGE_LOOP('',(#3495,#3503,#3509,#3510));
#3495 = ORIENTED_EDGE('',*,*,#3496,.F.);
#3496 = EDGE_CURVE('',#3497,#3448,#3499,.T.);
#3497 = VERTEX_POINT('',#3498);
#3498 = CARTESIAN_POINT('',(51.5,-33.2,20.889949493661));
#3499 = LINE('',#3500,#3501);
#3500 = CARTESIAN_POINT('',(51.5,-33.2,20.461189655457));
#3501 = VECTOR('',#3502,1.);
#3502 = DIRECTION('',(5.6E-16,-8.3E-16,1.));
#3503 = ORIENTED_EDGE('',*,*,#3504,.T.);
#3504 = EDGE_CURVE('',#3497,#1007,#3505,.T.);
#3505 = LINE('',#3506,#3507);
#3506 = CARTESIAN_POINT('',(51.5,-34.,20.889949493661));
#3507 = VECTOR('',#3508,1.);
#3508 = DIRECTION('',(8.9E-16,1.,1.67E-15));
#3509 = ORIENTED_EDGE('',*,*,#1014,.T.);
#3510 = ORIENTED_EDGE('',*,*,#3456,.F.);
#3511 = PLANE('',#3512);
#3512 = AXIS2_PLACEMENT_3D('',#3513,#3514,#3515);
#3513 = CARTESIAN_POINT('',(51.5,-34.,20.889949493661));
#3514 = DIRECTION('',(1.,-1.33E-15,-5.E-16));
#3515 = DIRECTION('',(5.E-16,-1.89E-15,1.));
#3516 = ADVANCED_FACE('',(#3517),#3535,.F.);
#3517 = FACE_BOUND('',#3518,.F.);
#3518 = EDGE_LOOP('',(#3519,#3527,#3528,#3529));
#3519 = ORIENTED_EDGE('',*,*,#3520,.F.);
#3520 = EDGE_CURVE('',#3473,#3521,#3523,.T.);
#3521 = VERTEX_POINT('',#3522);
#3522 = CARTESIAN_POINT('',(50.510050506339,-33.2,19.9));
#3523 = LINE('',#3524,#3525);
#3524 = CARTESIAN_POINT('',(42.635684486126,-33.2,19.9));
#3525 = VECTOR('',#3526,1.);
#3526 = DIRECTION('',(1.,-1.11E-15,-8.9E-16));
#3527 = ORIENTED_EDGE('',*,*,#3482,.T.);
#3528 = ORIENTED_EDGE('',*,*,#998,.T.);
#3529 = ORIENTED_EDGE('',*,*,#3530,.F.);
#3530 = EDGE_CURVE('',#3521,#999,#3531,.T.);
#3531 = LINE('',#3532,#3533);
#3532 = CARTESIAN_POINT('',(50.510050506339,-34.,19.9));
#3533 = VECTOR('',#3534,1.);
#3534 = DIRECTION('',(8.9E-16,1.,1.67E-15));
#3535 = PLANE('',#3536);
#3536 = AXIS2_PLACEMENT_3D('',#3537,#3538,#3539);
#3537 = CARTESIAN_POINT('',(44.489949493661,-34.,19.9));
#3538 = DIRECTION('',(1.7E-16,1.89E-15,-1.));
#3539 = DIRECTION('',(1.,-1.33E-15,1.7E-16));
#3540 = ADVANCED_FACE('',(#3541),#3552,.F.);
#3541 = FACE_BOUND('',#3542,.F.);
#3542 = EDGE_LOOP('',(#3543,#3549,#3550,#3551));
#3543 = ORIENTED_EDGE('',*,*,#3544,.F.);
#3544 = EDGE_CURVE('',#3521,#3497,#3545,.T.);
#3545 = LINE('',#3546,#3547);
#3546 = CARTESIAN_POINT('',(48.111000203715,-33.2,17.500949697377));
#3547 = VECTOR('',#3548,1.);
#3548 = DIRECTION('',(0.707106781187,-1.374213562373E-15,0.707106781187)
  );
#3549 = ORIENTED_EDGE('',*,*,#3530,.T.);
#3550 = ORIENTED_EDGE('',*,*,#1006,.T.);
#3551 = ORIENTED_EDGE('',*,*,#3504,.F.);
#3552 = PLANE('',#3553);
#3553 = AXIS2_PLACEMENT_3D('',#3554,#3555,#3556);
#3554 = CARTESIAN_POINT('',(50.510050506339,-34.,19.9));
#3555 = DIRECTION('',(0.707106781187,3.913203435597E-16,-0.707106781187)
  );
#3556 = DIRECTION('',(0.707106781187,-2.28132034356E-15,0.707106781187)
  );
#3557 = ADVANCED_FACE('',(#3558),#3584,.F.);
#3558 = FACE_BOUND('',#3559,.F.);
#3559 = EDGE_LOOP('',(#3560,#3568,#3569,#3577));
#3560 = ORIENTED_EDGE('',*,*,#3561,.F.);
#3561 = EDGE_CURVE('',#1040,#3562,#3564,.T.);
#3562 = VERTEX_POINT('',#3563);
#3563 = CARTESIAN_POINT('',(63.8,-32.4,15.2));
#3564 = LINE('',#3565,#3566);
#3565 = CARTESIAN_POINT('',(63.8,-32.4,15.2));
#3566 = VECTOR('',#3567,1.);
#3567 = DIRECTION('',(-0.707106781187,-0.707106781187,1.512893218813E-15
    ));
#3568 = ORIENTED_EDGE('',*,*,#1039,.T.);
#3569 = ORIENTED_EDGE('',*,*,#3570,.T.);
#3570 = EDGE_CURVE('',#1042,#3571,#3573,.T.);
#3571 = VERTEX_POINT('',#3572);
#3572 = CARTESIAN_POINT('',(62.8,-32.4,16.2));
#3573 = LINE('',#3574,#3575);
#3574 = CARTESIAN_POINT('',(62.8,-32.4,16.2));
#3575 = VECTOR('',#3576,1.);
#3576 = DIRECTION('',(-5.97E-15,-0.707106781187,-0.707106781187));
#3577 = ORIENTED_EDGE('',*,*,#3578,.F.);
#3578 = EDGE_CURVE('',#3562,#3571,#3579,.T.);
#3579 = CIRCLE('',#3580,1.);
#3580 = AXIS2_PLACEMENT_3D('',#3581,#3582,#3583);
#3581 = CARTESIAN_POINT('',(62.8,-32.4,15.2));
#3582 = DIRECTION('',(-2.E-15,-1.,-1.11E-15));
#3583 = DIRECTION('',(1.,-2.E-15,-3.33E-15));
#3584 = CONICAL_SURFACE('',#3585,1.,0.785398163397);
#3585 = AXIS2_PLACEMENT_3D('',#3586,#3587,#3588);
#3586 = CARTESIAN_POINT('',(62.8,-32.4,15.2));
#3587 = DIRECTION('',(1.89E-15,1.,1.06E-15));
#3588 = DIRECTION('',(1.,-1.89E-15,-3.33E-15));
#3589 = ADVANCED_FACE('',(#3590),#3608,.F.);
#3590 = FACE_BOUND('',#3591,.F.);
#3591 = EDGE_LOOP('',(#3592,#3600,#3601,#3602));
#3592 = ORIENTED_EDGE('',*,*,#3593,.F.);
#3593 = EDGE_CURVE('',#1093,#3594,#3596,.T.);
#3594 = VERTEX_POINT('',#3595);
#3595 = CARTESIAN_POINT('',(63.8,-32.4,14.));
#3596 = LINE('',#3597,#3598);
#3597 = CARTESIAN_POINT('',(63.8,-32.4,14.));
#3598 = VECTOR('',#3599,1.);
#3599 = DIRECTION('',(-0.707106781187,-0.707106781187,
    -5.567106781187E-15));
#3600 = ORIENTED_EDGE('',*,*,#1101,.T.);
#3601 = ORIENTED_EDGE('',*,*,#3561,.T.);
#3602 = ORIENTED_EDGE('',*,*,#3603,.F.);
#3603 = EDGE_CURVE('',#3594,#3562,#3604,.T.);
#3604 = LINE('',#3605,#3606);
#3605 = CARTESIAN_POINT('',(63.8,-32.4,14.));
#3606 = VECTOR('',#3607,1.);
#3607 = DIRECTION('',(7.2E-16,-8.9E-16,1.));
#3608 = PLANE('',#3609);
#3609 = AXIS2_PLACEMENT_3D('',#3610,#3611,#3612);
#3610 = CARTESIAN_POINT('',(64.,-32.2,14.));
#3611 = DIRECTION('',(0.707106781187,-0.707106781187,-1.027106781187E-15
    ));
#3612 = DIRECTION('',(6.412741699797E-16,-8.112741699797E-16,1.));
#3613 = ADVANCED_FACE('',(#3614),#3632,.F.);
#3614 = FACE_BOUND('',#3615,.F.);
#3615 = EDGE_LOOP('',(#3616,#3617,#3618,#3626));
#3616 = ORIENTED_EDGE('',*,*,#3570,.F.);
#3617 = ORIENTED_EDGE('',*,*,#1050,.T.);
#3618 = ORIENTED_EDGE('',*,*,#3619,.T.);
#3619 = EDGE_CURVE('',#1051,#3620,#3622,.T.);
#3620 = VERTEX_POINT('',#3621);
#3621 = CARTESIAN_POINT('',(55.4,-32.4,16.2));
#3622 = LINE('',#3623,#3624);
#3623 = CARTESIAN_POINT('',(55.4,-32.2,16.4));
#3624 = VECTOR('',#3625,1.);
#3625 = DIRECTION('',(-1.84E-15,-0.707106781187,-0.707106781187));
#3626 = ORIENTED_EDGE('',*,*,#3627,.F.);
#3627 = EDGE_CURVE('',#3571,#3620,#3628,.T.);
#3628 = LINE('',#3629,#3630);
#3629 = CARTESIAN_POINT('',(62.8,-32.4,16.2));
#3630 = VECTOR('',#3631,1.);
#3631 = DIRECTION('',(-1.,2.E-15,8.9E-16));
#3632 = PLANE('',#3633);
#3633 = AXIS2_PLACEMENT_3D('',#3634,#3635,#3636);
#3634 = CARTESIAN_POINT('',(62.8,-32.2,16.4));
#3635 = DIRECTION('',(-6.2E-16,-0.707106781187,0.707106781187));
#3636 = DIRECTION('',(-1.,1.883406204336E-15,1.006593795664E-15));
#3637 = ADVANCED_FACE('',(#3638),#3657,.F.);
#3638 = FACE_BOUND('',#3639,.F.);
#3639 = EDGE_LOOP('',(#3640,#3648,#3649,#3650));
#3640 = ORIENTED_EDGE('',*,*,#3641,.F.);
#3641 = EDGE_CURVE('',#1085,#3642,#3644,.T.);
#3642 = VERTEX_POINT('',#3643);
#3643 = CARTESIAN_POINT('',(62.8,-32.4,13.));
#3644 = LINE('',#3645,#3646);
#3645 = CARTESIAN_POINT('',(62.8,-32.2,12.8));
#3646 = VECTOR('',#3647,1.);
#3647 = DIRECTION('',(-8.2E-16,-0.707106781187,0.707106781187));
#3648 = ORIENTED_EDGE('',*,*,#1092,.T.);
#3649 = ORIENTED_EDGE('',*,*,#3593,.T.);
#3650 = ORIENTED_EDGE('',*,*,#3651,.F.);
#3651 = EDGE_CURVE('',#3642,#3594,#3652,.T.);
#3652 = CIRCLE('',#3653,1.);
#3653 = AXIS2_PLACEMENT_3D('',#3654,#3655,#3656);
#3654 = CARTESIAN_POINT('',(62.8,-32.4,14.));
#3655 = DIRECTION('',(-2.E-15,-1.,-1.11E-15));
#3656 = DIRECTION('',(7.05E-15,1.11E-15,-1.));
#3657 = CONICAL_SURFACE('',#3658,1.,0.785398163397);
#3658 = AXIS2_PLACEMENT_3D('',#3659,#3660,#3661);
#3659 = CARTESIAN_POINT('',(62.8,-32.4,14.));
#3660 = DIRECTION('',(1.89E-15,1.,1.06E-15));
#3661 = DIRECTION('',(7.05E-15,1.06E-15,-1.));
#3662 = ADVANCED_FACE('',(#3663),#3682,.F.);
#3663 = FACE_BOUND('',#3664,.F.);
#3664 = EDGE_LOOP('',(#3665,#3666,#3667,#3675));
#3665 = ORIENTED_EDGE('',*,*,#3619,.F.);
#3666 = ORIENTED_EDGE('',*,*,#1058,.T.);
#3667 = ORIENTED_EDGE('',*,*,#3668,.T.);
#3668 = EDGE_CURVE('',#1059,#3669,#3671,.T.);
#3669 = VERTEX_POINT('',#3670);
#3670 = CARTESIAN_POINT('',(54.4,-32.4,15.2));
#3671 = LINE('',#3672,#3673);
#3672 = CARTESIAN_POINT('',(54.4,-32.4,15.2));
#3673 = VECTOR('',#3674,1.);
#3674 = DIRECTION('',(0.707106781187,-0.707106781187,-1.067710678119E-14
    ));
#3675 = ORIENTED_EDGE('',*,*,#3676,.F.);
#3676 = EDGE_CURVE('',#3620,#3669,#3677,.T.);
#3677 = CIRCLE('',#3678,1.);
#3678 = AXIS2_PLACEMENT_3D('',#3679,#3680,#3681);
#3679 = CARTESIAN_POINT('',(55.4,-32.4,15.2));
#3680 = DIRECTION('',(-2.E-15,-1.,-1.11E-15));
#3681 = DIRECTION('',(1.427E-14,-1.11E-15,1.));
#3682 = CONICAL_SURFACE('',#3683,1.,0.785398163397);
#3683 = AXIS2_PLACEMENT_3D('',#3684,#3685,#3686);
#3684 = CARTESIAN_POINT('',(55.4,-32.4,15.2));
#3685 = DIRECTION('',(1.89E-15,1.,1.06E-15));
#3686 = DIRECTION('',(1.427E-14,-1.06E-15,1.));
#3687 = ADVANCED_FACE('',(#3688),#3706,.F.);
#3688 = FACE_BOUND('',#3689,.F.);
#3689 = EDGE_LOOP('',(#3690,#3698,#3699,#3700));
#3690 = ORIENTED_EDGE('',*,*,#3691,.F.);
#3691 = EDGE_CURVE('',#1076,#3692,#3694,.T.);
#3692 = VERTEX_POINT('',#3693);
#3693 = CARTESIAN_POINT('',(55.4,-32.4,13.));
#3694 = LINE('',#3695,#3696);
#3695 = CARTESIAN_POINT('',(55.4,-32.4,13.));
#3696 = VECTOR('',#3697,1.);
#3697 = DIRECTION('',(-1.25E-15,-0.707106781187,0.707106781187));
#3698 = ORIENTED_EDGE('',*,*,#1084,.T.);
#3699 = ORIENTED_EDGE('',*,*,#3641,.T.);
#3700 = ORIENTED_EDGE('',*,*,#3701,.F.);
#3701 = EDGE_CURVE('',#3692,#3642,#3702,.T.);
#3702 = LINE('',#3703,#3704);
#3703 = CARTESIAN_POINT('',(55.4,-32.4,13.));
#3704 = VECTOR('',#3705,1.);
#3705 = DIRECTION('',(1.,-2.E-15,-8.9E-16));
#3706 = PLANE('',#3707);
#3707 = AXIS2_PLACEMENT_3D('',#3708,#3709,#3710);
#3708 = CARTESIAN_POINT('',(55.4,-32.2,12.8));
#3709 = DIRECTION('',(-1.62E-15,-0.707106781187,-0.707106781187));
#3710 = DIRECTION('',(1.,-1.700512985522E-15,-5.905129855222E-16));
#3711 = ADVANCED_FACE('',(#3712),#3730,.F.);
#3712 = FACE_BOUND('',#3713,.F.);
#3713 = EDGE_LOOP('',(#3714,#3715,#3716,#3724));
#3714 = ORIENTED_EDGE('',*,*,#3668,.F.);
#3715 = ORIENTED_EDGE('',*,*,#1067,.T.);
#3716 = ORIENTED_EDGE('',*,*,#3717,.T.);
#3717 = EDGE_CURVE('',#1068,#3718,#3720,.T.);
#3718 = VERTEX_POINT('',#3719);
#3719 = CARTESIAN_POINT('',(54.4,-32.4,14.));
#3720 = LINE('',#3721,#3722);
#3721 = CARTESIAN_POINT('',(54.2,-32.2,14.));
#3722 = VECTOR('',#3723,1.);
#3723 = DIRECTION('',(0.707106781187,-0.707106781187,-1.217106781187E-15
    ));
#3724 = ORIENTED_EDGE('',*,*,#3725,.F.);
#3725 = EDGE_CURVE('',#3669,#3718,#3726,.T.);
#3726 = LINE('',#3727,#3728);
#3727 = CARTESIAN_POINT('',(54.4,-32.4,15.2));
#3728 = VECTOR('',#3729,1.);
#3729 = DIRECTION('',(-7.2E-16,8.9E-16,-1.));
#3730 = PLANE('',#3731);
#3731 = AXIS2_PLACEMENT_3D('',#3732,#3733,#3734);
#3732 = CARTESIAN_POINT('',(54.2,-32.2,15.2));
#3733 = DIRECTION('',(-0.707106781187,-0.707106781187,2.928932188135E-16
    ));
#3734 = DIRECTION('',(-1.012106781187E-15,5.978932188135E-16,-1.));
#3735 = ADVANCED_FACE('',(#3736),#3748,.F.);
#3736 = FACE_BOUND('',#3737,.F.);
#3737 = EDGE_LOOP('',(#3738,#3739,#3740,#3741));
#3738 = ORIENTED_EDGE('',*,*,#3717,.F.);
#3739 = ORIENTED_EDGE('',*,*,#1075,.T.);
#3740 = ORIENTED_EDGE('',*,*,#3691,.T.);
#3741 = ORIENTED_EDGE('',*,*,#3742,.F.);
#3742 = EDGE_CURVE('',#3718,#3692,#3743,.T.);
#3743 = CIRCLE('',#3744,1.);
#3744 = AXIS2_PLACEMENT_3D('',#3745,#3746,#3747);
#3745 = CARTESIAN_POINT('',(55.4,-32.4,14.));
#3746 = DIRECTION('',(-2.E-15,-1.,-1.11E-15));
#3747 = DIRECTION('',(-1.,2.E-15,-1.55E-15));
#3748 = CONICAL_SURFACE('',#3749,1.,0.785398163397);
#3749 = AXIS2_PLACEMENT_3D('',#3750,#3751,#3752);
#3750 = CARTESIAN_POINT('',(55.4,-32.4,14.));
#3751 = DIRECTION('',(1.89E-15,1.,1.06E-15));
#3752 = DIRECTION('',(-1.,1.89E-15,-1.55E-15));
#3753 = ADVANCED_FACE('',(#3754),#3780,.F.);
#3754 = FACE_BOUND('',#3755,.F.);
#3755 = EDGE_LOOP('',(#3756,#3767,#3773,#3774));
#3756 = ORIENTED_EDGE('',*,*,#3757,.F.);
#3757 = EDGE_CURVE('',#3758,#3760,#3762,.T.);
#3758 = VERTEX_POINT('',#3759);
#3759 = CARTESIAN_POINT('',(56.4,-33.2,22.7));
#3760 = VERTEX_POINT('',#3761);
#3761 = CARTESIAN_POINT('',(56.,-33.2,22.3));
#3762 = CIRCLE('',#3763,0.4);
#3763 = AXIS2_PLACEMENT_3D('',#3764,#3765,#3766);
#3764 = CARTESIAN_POINT('',(56.4,-33.2,22.3));
#3765 = DIRECTION('',(-1.55E-15,-1.,-1.E-15));
#3766 = DIRECTION('',(1.,-1.55E-15,-8.9E-16));
#3767 = ORIENTED_EDGE('',*,*,#3768,.T.);
#3768 = EDGE_CURVE('',#3758,#1110,#3769,.T.);
#3769 = LINE('',#3770,#3771);
#3770 = CARTESIAN_POINT('',(56.4,-34.,22.7));
#3771 = VECTOR('',#3772,1.);
#3772 = DIRECTION('',(8.9E-16,1.,1.67E-15));
#3773 = ORIENTED_EDGE('',*,*,#1109,.T.);
#3774 = ORIENTED_EDGE('',*,*,#3775,.F.);
#3775 = EDGE_CURVE('',#3760,#1112,#3776,.T.);
#3776 = LINE('',#3777,#3778);
#3777 = CARTESIAN_POINT('',(56.,-34.,22.3));
#3778 = VECTOR('',#3779,1.);
#3779 = DIRECTION('',(8.9E-16,1.,1.67E-15));
#3780 = CYLINDRICAL_SURFACE('',#3781,0.4);
#3781 = AXIS2_PLACEMENT_3D('',#3782,#3783,#3784);
#3782 = CARTESIAN_POINT('',(56.4,-34.,22.3));
#3783 = DIRECTION('',(-8.9E-16,-1.,-1.67E-15));
#3784 = DIRECTION('',(1.,-8.9E-16,-5.E-16));
#3785 = ADVANCED_FACE('',(#3786),#3804,.F.);
#3786 = FACE_BOUND('',#3787,.F.);
#3787 = EDGE_LOOP('',(#3788,#3796,#3802,#3803));
#3788 = ORIENTED_EDGE('',*,*,#3789,.F.);
#3789 = EDGE_CURVE('',#3790,#3758,#3792,.T.);
#3790 = VERTEX_POINT('',#3791);
#3791 = CARTESIAN_POINT('',(63.6,-33.2,22.7));
#3792 = LINE('',#3793,#3794);
#3793 = CARTESIAN_POINT('',(52.190709739296,-33.2,22.7));
#3794 = VECTOR('',#3795,1.);
#3795 = DIRECTION('',(-1.,1.11E-15,8.9E-16));
#3796 = ORIENTED_EDGE('',*,*,#3797,.T.);
#3797 = EDGE_CURVE('',#3790,#1161,#3798,.T.);
#3798 = LINE('',#3799,#3800);
#3799 = CARTESIAN_POINT('',(63.6,-34.,22.7));
#3800 = VECTOR('',#3801,1.);
#3801 = DIRECTION('',(8.9E-16,1.,1.67E-15));
#3802 = ORIENTED_EDGE('',*,*,#1169,.T.);
#3803 = ORIENTED_EDGE('',*,*,#3768,.F.);
#3804 = PLANE('',#3805);
#3805 = AXIS2_PLACEMENT_3D('',#3806,#3807,#3808);
#3806 = CARTESIAN_POINT('',(63.6,-34.,22.7));
#3807 = DIRECTION('',(-1.7E-16,-1.89E-15,1.));
#3808 = DIRECTION('',(-1.,1.33E-15,-1.7E-16));
#3809 = ADVANCED_FACE('',(#3810),#3828,.F.);
#3810 = FACE_BOUND('',#3811,.F.);
#3811 = EDGE_LOOP('',(#3812,#3820,#3821,#3822));
#3812 = ORIENTED_EDGE('',*,*,#3813,.F.);
#3813 = EDGE_CURVE('',#3760,#3814,#3816,.T.);
#3814 = VERTEX_POINT('',#3815);
#3815 = CARTESIAN_POINT('',(56.,-33.2,20.889949493661));
#3816 = LINE('',#3817,#3818);
#3817 = CARTESIAN_POINT('',(56.,-33.2,21.166214908627));
#3818 = VECTOR('',#3819,1.);
#3819 = DIRECTION('',(-5.6E-16,8.3E-16,-1.));
#3820 = ORIENTED_EDGE('',*,*,#3775,.T.);
#3821 = ORIENTED_EDGE('',*,*,#1120,.T.);
#3822 = ORIENTED_EDGE('',*,*,#3823,.F.);
#3823 = EDGE_CURVE('',#3814,#1121,#3824,.T.);
#3824 = LINE('',#3825,#3826);
#3825 = CARTESIAN_POINT('',(56.,-34.,20.889949493661));
#3826 = VECTOR('',#3827,1.);
#3827 = DIRECTION('',(8.9E-16,1.,1.67E-15));
#3828 = PLANE('',#3829);
#3829 = AXIS2_PLACEMENT_3D('',#3830,#3831,#3832);
#3830 = CARTESIAN_POINT('',(56.,-34.,22.3));
#3831 = DIRECTION('',(-1.,1.33E-15,5.E-16));
#3832 = DIRECTION('',(-5.E-16,1.89E-15,-1.));
#3833 = ADVANCED_FACE('',(#3834),#3853,.F.);
#3834 = FACE_BOUND('',#3835,.F.);
#3835 = EDGE_LOOP('',(#3836,#3845,#3851,#3852));
#3836 = ORIENTED_EDGE('',*,*,#3837,.F.);
#3837 = EDGE_CURVE('',#3838,#3790,#3840,.T.);
#3838 = VERTEX_POINT('',#3839);
#3839 = CARTESIAN_POINT('',(64.,-33.2,22.3));
#3840 = CIRCLE('',#3841,0.4);
#3841 = AXIS2_PLACEMENT_3D('',#3842,#3843,#3844);
#3842 = CARTESIAN_POINT('',(63.6,-33.2,22.3));
#3843 = DIRECTION('',(-1.55E-15,-1.,-1.E-15));
#3844 = DIRECTION('',(1.,-1.55E-15,-8.9E-16));
#3845 = ORIENTED_EDGE('',*,*,#3846,.T.);
#3846 = EDGE_CURVE('',#3838,#1153,#3847,.T.);
#3847 = LINE('',#3848,#3849);
#3848 = CARTESIAN_POINT('',(64.,-34.,22.3));
#3849 = VECTOR('',#3850,1.);
#3850 = DIRECTION('',(8.9E-16,1.,1.67E-15));
#3851 = ORIENTED_EDGE('',*,*,#1160,.T.);
#3852 = ORIENTED_EDGE('',*,*,#3797,.F.);
#3853 = CYLINDRICAL_SURFACE('',#3854,0.4);
#3854 = AXIS2_PLACEMENT_3D('',#3855,#3856,#3857);
#3855 = CARTESIAN_POINT('',(63.6,-34.,22.3));
#3856 = DIRECTION('',(-8.9E-16,-1.,-1.67E-15));
#3857 = DIRECTION('',(1.,-8.9E-16,-5.E-16));
#3858 = ADVANCED_FACE('',(#3859),#3877,.F.);
#3859 = FACE_BOUND('',#3860,.F.);
#3860 = EDGE_LOOP('',(#3861,#3869,#3870,#3871));
#3861 = ORIENTED_EDGE('',*,*,#3862,.F.);
#3862 = EDGE_CURVE('',#3814,#3863,#3865,.T.);
#3863 = VERTEX_POINT('',#3864);
#3864 = CARTESIAN_POINT('',(56.989949493661,-33.2,19.9));
#3865 = LINE('',#3866,#3867);
#3866 = CARTESIAN_POINT('',(52.40973478875,-33.2,24.480214704911));
#3867 = VECTOR('',#3868,1.);
#3868 = DIRECTION('',(0.707106781187,-1.957864376269E-16,-0.707106781187
    ));
#3869 = ORIENTED_EDGE('',*,*,#3823,.T.);
#3870 = ORIENTED_EDGE('',*,*,#1128,.T.);
#3871 = ORIENTED_EDGE('',*,*,#3872,.F.);
#3872 = EDGE_CURVE('',#3863,#1129,#3873,.T.);
#3873 = LINE('',#3874,#3875);
#3874 = CARTESIAN_POINT('',(56.989949493661,-34.,19.9));
#3875 = VECTOR('',#3876,1.);
#3876 = DIRECTION('',(8.9E-16,1.,1.67E-15));
#3877 = PLANE('',#3878);
#3878 = AXIS2_PLACEMENT_3D('',#3879,#3880,#3881);
#3879 = CARTESIAN_POINT('',(56.,-34.,20.889949493661));
#3880 = DIRECTION('',(-0.707106781187,2.28132034356E-15,-0.707106781187)
  );
#3881 = DIRECTION('',(0.707106781187,3.913203435596E-16,-0.707106781187)
  );
#3882 = ADVANCED_FACE('',(#3883),#3901,.F.);
#3883 = FACE_BOUND('',#3884,.F.);
#3884 = EDGE_LOOP('',(#3885,#3893,#3899,#3900));
#3885 = ORIENTED_EDGE('',*,*,#3886,.F.);
#3886 = EDGE_CURVE('',#3887,#3838,#3889,.T.);
#3887 = VERTEX_POINT('',#3888);
#3888 = CARTESIAN_POINT('',(64.,-33.2,20.889949493661));
#3889 = LINE('',#3890,#3891);
#3890 = CARTESIAN_POINT('',(64.,-33.2,20.461189655457));
#3891 = VECTOR('',#3892,1.);
#3892 = DIRECTION('',(5.6E-16,-8.3E-16,1.));
#3893 = ORIENTED_EDGE('',*,*,#3894,.T.);
#3894 = EDGE_CURVE('',#3887,#1145,#3895,.T.);
#3895 = LINE('',#3896,#3897);
#3896 = CARTESIAN_POINT('',(64.,-34.,20.889949493661));
#3897 = VECTOR('',#3898,1.);
#3898 = DIRECTION('',(8.9E-16,1.,1.67E-15));
#3899 = ORIENTED_EDGE('',*,*,#1152,.T.);
#3900 = ORIENTED_EDGE('',*,*,#3846,.F.);
#3901 = PLANE('',#3902);
#3902 = AXIS2_PLACEMENT_3D('',#3903,#3904,#3905);
#3903 = CARTESIAN_POINT('',(64.,-34.,20.889949493661));
#3904 = DIRECTION('',(1.,-1.33E-15,-5.E-16));
#3905 = DIRECTION('',(5.E-16,-1.89E-15,1.));
#3906 = ADVANCED_FACE('',(#3907),#3925,.F.);
#3907 = FACE_BOUND('',#3908,.F.);
#3908 = EDGE_LOOP('',(#3909,#3917,#3918,#3919));
#3909 = ORIENTED_EDGE('',*,*,#3910,.F.);
#3910 = EDGE_CURVE('',#3863,#3911,#3913,.T.);
#3911 = VERTEX_POINT('',#3912);
#3912 = CARTESIAN_POINT('',(63.010050506339,-33.2,19.9));
#3913 = LINE('',#3914,#3915);
#3914 = CARTESIAN_POINT('',(48.885684486126,-33.2,19.9));
#3915 = VECTOR('',#3916,1.);
#3916 = DIRECTION('',(1.,-1.11E-15,-8.9E-16));
#3917 = ORIENTED_EDGE('',*,*,#3872,.T.);
#3918 = ORIENTED_EDGE('',*,*,#1136,.T.);
#3919 = ORIENTED_EDGE('',*,*,#3920,.F.);
#3920 = EDGE_CURVE('',#3911,#1137,#3921,.T.);
#3921 = LINE('',#3922,#3923);
#3922 = CARTESIAN_POINT('',(63.010050506339,-34.,19.9));
#3923 = VECTOR('',#3924,1.);
#3924 = DIRECTION('',(8.9E-16,1.,1.67E-15));
#3925 = PLANE('',#3926);
#3926 = AXIS2_PLACEMENT_3D('',#3927,#3928,#3929);
#3927 = CARTESIAN_POINT('',(56.989949493661,-34.,19.9));
#3928 = DIRECTION('',(1.7E-16,1.89E-15,-1.));
#3929 = DIRECTION('',(1.,-1.33E-15,1.7E-16));
#3930 = ADVANCED_FACE('',(#3931),#3942,.F.);
#3931 = FACE_BOUND('',#3932,.F.);
#3932 = EDGE_LOOP('',(#3933,#3939,#3940,#3941));
#3933 = ORIENTED_EDGE('',*,*,#3934,.F.);
#3934 = EDGE_CURVE('',#3911,#3887,#3935,.T.);
#3935 = LINE('',#3936,#3937);
#3936 = CARTESIAN_POINT('',(57.486000203716,-33.2,14.375949697377));
#3937 = VECTOR('',#3938,1.);
#3938 = DIRECTION('',(0.707106781187,-1.374213562373E-15,0.707106781187)
  );
#3939 = ORIENTED_EDGE('',*,*,#3920,.T.);
#3940 = ORIENTED_EDGE('',*,*,#1144,.T.);
#3941 = ORIENTED_EDGE('',*,*,#3894,.F.);
#3942 = PLANE('',#3943);
#3943 = AXIS2_PLACEMENT_3D('',#3944,#3945,#3946);
#3944 = CARTESIAN_POINT('',(63.010050506339,-34.,19.9));
#3945 = DIRECTION('',(0.707106781187,3.913203435596E-16,-0.707106781187)
  );
#3946 = DIRECTION('',(0.707106781187,-2.28132034356E-15,0.707106781187)
  );
#3947 = ADVANCED_FACE('',(#3948),#3997,.F.);
#3948 = FACE_BOUND('',#3949,.F.);
#3949 = EDGE_LOOP('',(#3950,#3951,#3952,#3953,#3954,#3955,#3956,#3957,
    #3958,#3959,#3967,#3975,#3983,#3991));
#3950 = ORIENTED_EDGE('',*,*,#1225,.F.);
#3951 = ORIENTED_EDGE('',*,*,#2362,.T.);
#3952 = ORIENTED_EDGE('',*,*,#2403,.T.);
#3953 = ORIENTED_EDGE('',*,*,#2461,.T.);
#3954 = ORIENTED_EDGE('',*,*,#2536,.F.);
#3955 = ORIENTED_EDGE('',*,*,#2626,.T.);
#3956 = ORIENTED_EDGE('',*,*,#2661,.T.);
#3957 = ORIENTED_EDGE('',*,*,#2685,.F.);
#3958 = ORIENTED_EDGE('',*,*,#1828,.T.);
#3959 = ORIENTED_EDGE('',*,*,#3960,.F.);
#3960 = EDGE_CURVE('',#3961,#1831,#3963,.T.);
#3961 = VERTEX_POINT('',#3962);
#3962 = CARTESIAN_POINT('',(7.39,-7.,18.45));
#3963 = LINE('',#3964,#3965);
#3964 = CARTESIAN_POINT('',(3.595,-3.205,18.45));
#3965 = VECTOR('',#3966,1.);
#3966 = DIRECTION('',(-0.707106781187,0.707106781187,1.69132034356E-15)
  );
#3967 = ORIENTED_EDGE('',*,*,#3968,.T.);
#3968 = EDGE_CURVE('',#3961,#3969,#3971,.T.);
#3969 = VERTEX_POINT('',#3970);
#3970 = CARTESIAN_POINT('',(7.4,-7.,18.45));
#3971 = LINE('',#3972,#3973);
#3972 = CARTESIAN_POINT('',(5.6,-7.,18.45));
#3973 = VECTOR('',#3974,1.);
#3974 = DIRECTION('',(1.,-1.33E-15,-5.E-16));
#3975 = ORIENTED_EDGE('',*,*,#3976,.T.);
#3976 = EDGE_CURVE('',#3969,#3977,#3979,.T.);
#3977 = VERTEX_POINT('',#3978);
#3978 = CARTESIAN_POINT('',(7.4,-25.,18.45));
#3979 = LINE('',#3980,#3981);
#3980 = CARTESIAN_POINT('',(7.4,-2.93098878501E-14,18.45));
#3981 = VECTOR('',#3982,1.);
#3982 = DIRECTION('',(-8.9E-16,-1.,-1.89E-15));
#3983 = ORIENTED_EDGE('',*,*,#3984,.T.);
#3984 = EDGE_CURVE('',#3977,#3985,#3987,.T.);
#3985 = VERTEX_POINT('',#3986);
#3986 = CARTESIAN_POINT('',(7.39,-25.,18.45));
#3987 = LINE('',#3988,#3989);
#3988 = CARTESIAN_POINT('',(7.4,-25.,18.45));
#3989 = VECTOR('',#3990,1.);
#3990 = DIRECTION('',(-1.,1.33E-15,5.E-16));
#3991 = ORIENTED_EDGE('',*,*,#3992,.T.);
#3992 = EDGE_CURVE('',#3985,#1228,#3993,.T.);
#3993 = LINE('',#3994,#3995);
#3994 = CARTESIAN_POINT('',(11.595,-20.795,18.45));
#3995 = VECTOR('',#3996,1.);
#3996 = DIRECTION('',(-0.707106781187,-0.707106781187,
    -9.813203435596E-16));
#3997 = PLANE('',#3998);
#3998 = AXIS2_PLACEMENT_3D('',#3999,#4000,#4001);
#3999 = CARTESIAN_POINT('',(1.,-2.107E-14,18.45));
#4000 = DIRECTION('',(1.7E-16,2.11E-15,-1.));
#4001 = DIRECTION('',(-8.9E-16,-1.,-2.11E-15));
#4002 = ADVANCED_FACE('',(#4003),#4021,.T.);
#4003 = FACE_BOUND('',#4004,.F.);
#4004 = EDGE_LOOP('',(#4005,#4006,#4014,#4020));
#4005 = ORIENTED_EDGE('',*,*,#3992,.F.);
#4006 = ORIENTED_EDGE('',*,*,#4007,.T.);
#4007 = EDGE_CURVE('',#3985,#4008,#4010,.T.);
#4008 = VERTEX_POINT('',#4009);
#4009 = CARTESIAN_POINT('',(7.39,-25.,17.15));
#4010 = LINE('',#4011,#4012);
#4011 = CARTESIAN_POINT('',(7.39,-25.,18.45));
#4012 = VECTOR('',#4013,1.);
#4013 = DIRECTION('',(1.7E-16,2.11E-15,-1.));
#4014 = ORIENTED_EDGE('',*,*,#4015,.T.);
#4015 = EDGE_CURVE('',#4008,#1253,#4016,.T.);
#4016 = LINE('',#4017,#4018);
#4017 = CARTESIAN_POINT('',(3.595,-28.795,17.15));
#4018 = VECTOR('',#4019,1.);
#4019 = DIRECTION('',(-0.707106781187,-0.707106781187,
    -9.813203435596E-16));
#4020 = ORIENTED_EDGE('',*,*,#1260,.F.);
#4021 = PLANE('',#4022);
#4022 = AXIS2_PLACEMENT_3D('',#4023,#4024,#4025);
#4023 = CARTESIAN_POINT('',(6.495,-25.895,18.45));
#4024 = DIRECTION('',(0.707106781187,-0.707106781187,-1.69132034356E-15)
  );
#4025 = DIRECTION('',(5.594408408979E-17,-2.33594408409E-15,1.));
#4026 = ADVANCED_FACE('',(#4027),#4069,.F.);
#4027 = FACE_BOUND('',#4028,.F.);
#4028 = EDGE_LOOP('',(#4029,#4030,#4036,#4037,#4038,#4046,#4054,#4062,
    #4068));
#4029 = ORIENTED_EDGE('',*,*,#1854,.F.);
#4030 = ORIENTED_EDGE('',*,*,#4031,.T.);
#4031 = EDGE_CURVE('',#1779,#1245,#4032,.T.);
#4032 = LINE('',#4033,#4034);
#4033 = CARTESIAN_POINT('',(5.6,-5.3,17.15));
#4034 = VECTOR('',#4035,1.);
#4035 = DIRECTION('',(-1.33E-15,-1.,-1.28E-15));
#4036 = ORIENTED_EDGE('',*,*,#1252,.T.);
#4037 = ORIENTED_EDGE('',*,*,#4015,.F.);
#4038 = ORIENTED_EDGE('',*,*,#4039,.F.);
#4039 = EDGE_CURVE('',#4040,#4008,#4042,.T.);
#4040 = VERTEX_POINT('',#4041);
#4041 = CARTESIAN_POINT('',(7.4,-25.,17.15));
#4042 = LINE('',#4043,#4044);
#4043 = CARTESIAN_POINT('',(7.4,-25.,17.15));
#4044 = VECTOR('',#4045,1.);
#4045 = DIRECTION('',(-1.,1.33E-15,5.E-16));
#4046 = ORIENTED_EDGE('',*,*,#4047,.T.);
#4047 = EDGE_CURVE('',#4040,#4048,#4050,.T.);
#4048 = VERTEX_POINT('',#4049);
#4049 = CARTESIAN_POINT('',(7.4,-7.,17.15));
#4050 = LINE('',#4051,#4052);
#4051 = CARTESIAN_POINT('',(7.4,-32.,17.15));
#4052 = VECTOR('',#4053,1.);
#4053 = DIRECTION('',(8.9E-16,1.,1.89E-15));
#4054 = ORIENTED_EDGE('',*,*,#4055,.F.);
#4055 = EDGE_CURVE('',#4056,#4048,#4058,.T.);
#4056 = VERTEX_POINT('',#4057);
#4057 = CARTESIAN_POINT('',(7.39,-7.,17.15));
#4058 = LINE('',#4059,#4060);
#4059 = CARTESIAN_POINT('',(5.6,-7.,17.15));
#4060 = VECTOR('',#4061,1.);
#4061 = DIRECTION('',(1.,-1.33E-15,-5.E-16));
#4062 = ORIENTED_EDGE('',*,*,#4063,.T.);
#4063 = EDGE_CURVE('',#4056,#1839,#4064,.T.);
#4064 = LINE('',#4065,#4066);
#4065 = CARTESIAN_POINT('',(11.595,-11.205,17.15));
#4066 = VECTOR('',#4067,1.);
#4067 = DIRECTION('',(-0.707106781187,0.707106781187,1.69132034356E-15)
  );
#4068 = ORIENTED_EDGE('',*,*,#1846,.F.);
#4069 = PLANE('',#4070);
#4070 = AXIS2_PLACEMENT_3D('',#4071,#4072,#4073);
#4071 = CARTESIAN_POINT('',(1.,-32.,17.15));
#4072 = DIRECTION('',(-1.7E-16,-2.11E-15,1.));
#4073 = DIRECTION('',(8.9E-16,1.,2.11E-15));
#4074 = ADVANCED_FACE('',(#4075),#4122,.F.);
#4075 = FACE_BOUND('',#4076,.F.);
#4076 = EDGE_LOOP('',(#4077,#4085,#4086,#4087,#4088,#4089,#4090,#4091,
    #4092,#4100,#4108,#4116));
#4077 = ORIENTED_EDGE('',*,*,#4078,.T.);
#4078 = EDGE_CURVE('',#4079,#1700,#4081,.T.);
#4079 = VERTEX_POINT('',#4080);
#4080 = CARTESIAN_POINT('',(71.39,-7.,18.45));
#4081 = LINE('',#4082,#4083);
#4082 = CARTESIAN_POINT('',(69.6,-7.,18.45));
#4083 = VECTOR('',#4084,1.);
#4084 = DIRECTION('',(1.,-1.33E-15,-5.E-16));
#4085 = ORIENTED_EDGE('',*,*,#1709,.T.);
#4086 = ORIENTED_EDGE('',*,*,#2644,.F.);
#4087 = ORIENTED_EDGE('',*,*,#2601,.T.);
#4088 = ORIENTED_EDGE('',*,*,#2485,.F.);
#4089 = ORIENTED_EDGE('',*,*,#2437,.T.);
#4090 = ORIENTED_EDGE('',*,*,#2388,.F.);
#4091 = ORIENTED_EDGE('',*,*,#1298,.T.);
#4092 = ORIENTED_EDGE('',*,*,#4093,.T.);
#4093 = EDGE_CURVE('',#1299,#4094,#4096,.T.);
#4094 = VERTEX_POINT('',#4095);
#4095 = CARTESIAN_POINT('',(71.39,-25.,18.45));
#4096 = LINE('',#4097,#4098);
#4097 = CARTESIAN_POINT('',(71.4,-25.,18.45));
#4098 = VECTOR('',#4099,1.);
#4099 = DIRECTION('',(-1.,1.33E-15,5.E-16));
#4100 = ORIENTED_EDGE('',*,*,#4101,.T.);
#4101 = EDGE_CURVE('',#4094,#4102,#4104,.T.);
#4102 = VERTEX_POINT('',#4103);
#4103 = CARTESIAN_POINT('',(69.6,-23.21,18.45));
#4104 = LINE('',#4105,#4106);
#4105 = CARTESIAN_POINT('',(73.095,-26.705,18.45));
#4106 = VECTOR('',#4107,1.);
#4107 = DIRECTION('',(-0.707106781187,0.707106781187,1.69132034356E-15)
  );
#4108 = ORIENTED_EDGE('',*,*,#4109,.T.);
#4109 = EDGE_CURVE('',#4102,#4110,#4112,.T.);
#4110 = VERTEX_POINT('',#4111);
#4111 = CARTESIAN_POINT('',(69.6,-8.79,18.45));
#4112 = LINE('',#4113,#4114);
#4113 = CARTESIAN_POINT('',(69.6,-32.,18.45));
#4114 = VECTOR('',#4115,1.);
#4115 = DIRECTION('',(8.9E-16,1.,1.89E-15));
#4116 = ORIENTED_EDGE('',*,*,#4117,.F.);
#4117 = EDGE_CURVE('',#4079,#4110,#4118,.T.);
#4118 = LINE('',#4119,#4120);
#4119 = CARTESIAN_POINT('',(65.095,-13.295,18.45));
#4120 = VECTOR('',#4121,1.);
#4121 = DIRECTION('',(-0.707106781187,-0.707106781187,
    -9.813203435596E-16));
#4122 = PLANE('',#4123);
#4123 = AXIS2_PLACEMENT_3D('',#4124,#4125,#4126);
#4124 = CARTESIAN_POINT('',(73.,-32.,18.45));
#4125 = DIRECTION('',(1.7E-16,2.11E-15,-1.));
#4126 = DIRECTION('',(8.9E-16,1.,2.11E-15));
#4127 = ADVANCED_FACE('',(#4128),#4146,.F.);
#4128 = FACE_BOUND('',#4129,.F.);
#4129 = EDGE_LOOP('',(#4130,#4131,#4132,#4140));
#4130 = ORIENTED_EDGE('',*,*,#4093,.F.);
#4131 = ORIENTED_EDGE('',*,*,#1306,.T.);
#4132 = ORIENTED_EDGE('',*,*,#4133,.T.);
#4133 = EDGE_CURVE('',#1307,#4134,#4136,.T.);
#4134 = VERTEX_POINT('',#4135);
#4135 = CARTESIAN_POINT('',(71.39,-25.,17.15));
#4136 = LINE('',#4137,#4138);
#4137 = CARTESIAN_POINT('',(71.4,-25.,17.15));
#4138 = VECTOR('',#4139,1.);
#4139 = DIRECTION('',(-1.,1.33E-15,5.E-16));
#4140 = ORIENTED_EDGE('',*,*,#4141,.F.);
#4141 = EDGE_CURVE('',#4094,#4134,#4142,.T.);
#4142 = LINE('',#4143,#4144);
#4143 = CARTESIAN_POINT('',(71.39,-25.,18.45));
#4144 = VECTOR('',#4145,1.);
#4145 = DIRECTION('',(1.7E-16,2.11E-15,-1.));
#4146 = PLANE('',#4147);
#4147 = AXIS2_PLACEMENT_3D('',#4148,#4149,#4150);
#4148 = CARTESIAN_POINT('',(71.4,-25.,18.45));
#4149 = DIRECTION('',(8.9E-16,1.,1.89E-15));
#4150 = DIRECTION('',(-1.,8.9E-16,5.E-16));
#4151 = ADVANCED_FACE('',(#4152),#4195,.F.);
#4152 = FACE_BOUND('',#4153,.F.);
#4153 = EDGE_LOOP('',(#4154,#4155,#4161,#4162,#4163,#4171,#4179,#4187,
    #4193,#4194));
#4154 = ORIENTED_EDGE('',*,*,#1379,.T.);
#4155 = ORIENTED_EDGE('',*,*,#4156,.F.);
#4156 = EDGE_CURVE('',#1652,#1380,#4157,.T.);
#4157 = LINE('',#4158,#4159);
#4158 = CARTESIAN_POINT('',(71.41,-7.,17.15));
#4159 = VECTOR('',#4160,1.);
#4160 = DIRECTION('',(-1.11E-15,-1.,-1.67E-15));
#4161 = ORIENTED_EDGE('',*,*,#1651,.T.);
#4162 = ORIENTED_EDGE('',*,*,#1764,.F.);
#4163 = ORIENTED_EDGE('',*,*,#4164,.F.);
#4164 = EDGE_CURVE('',#4165,#1702,#4167,.T.);
#4165 = VERTEX_POINT('',#4166);
#4166 = CARTESIAN_POINT('',(71.39,-7.,17.15));
#4167 = LINE('',#4168,#4169);
#4168 = CARTESIAN_POINT('',(69.6,-7.,17.15));
#4169 = VECTOR('',#4170,1.);
#4170 = DIRECTION('',(1.,-1.33E-15,-5.E-16));
#4171 = ORIENTED_EDGE('',*,*,#4172,.T.);
#4172 = EDGE_CURVE('',#4165,#4173,#4175,.T.);
#4173 = VERTEX_POINT('',#4174);
#4174 = CARTESIAN_POINT('',(69.6,-8.79,17.15));
#4175 = LINE('',#4176,#4177);
#4176 = CARTESIAN_POINT('',(73.095,-5.295,17.15));
#4177 = VECTOR('',#4178,1.);
#4178 = DIRECTION('',(-0.707106781187,-0.707106781187,
    -9.813203435596E-16));
#4179 = ORIENTED_EDGE('',*,*,#4180,.T.);
#4180 = EDGE_CURVE('',#4173,#4181,#4183,.T.);
#4181 = VERTEX_POINT('',#4182);
#4182 = CARTESIAN_POINT('',(69.6,-23.21,17.15));
#4183 = LINE('',#4184,#4185);
#4184 = CARTESIAN_POINT('',(69.6,-1.136868377216E-13,17.15));
#4185 = VECTOR('',#4186,1.);
#4186 = DIRECTION('',(-8.9E-16,-1.,-1.89E-15));
#4187 = ORIENTED_EDGE('',*,*,#4188,.F.);
#4188 = EDGE_CURVE('',#4134,#4181,#4189,.T.);
#4189 = LINE('',#4190,#4191);
#4190 = CARTESIAN_POINT('',(65.095,-18.705,17.15));
#4191 = VECTOR('',#4192,1.);
#4192 = DIRECTION('',(-0.707106781187,0.707106781187,1.69132034356E-15)
  );
#4193 = ORIENTED_EDGE('',*,*,#4133,.F.);
#4194 = ORIENTED_EDGE('',*,*,#1314,.F.);
#4195 = PLANE('',#4196);
#4196 = AXIS2_PLACEMENT_3D('',#4197,#4198,#4199);
#4197 = CARTESIAN_POINT('',(73.,-1.1424E-13,17.15));
#4198 = DIRECTION('',(-1.7E-16,-2.11E-15,1.));
#4199 = DIRECTION('',(-8.9E-16,-1.,-2.11E-15));
#4200 = ADVANCED_FACE('',(#4201,#4204),#4214,.T.);
#4201 = FACE_BOUND('',#4202,.T.);
#4202 = EDGE_LOOP('',(#4203));
#4203 = ORIENTED_EDGE('',*,*,#2728,.F.);
#4204 = FACE_BOUND('',#4205,.T.);
#4205 = EDGE_LOOP('',(#4206,#4207,#4208,#4209,#4210,#4211,#4212,#4213));
#4206 = ORIENTED_EDGE('',*,*,#1786,.F.);
#4207 = ORIENTED_EDGE('',*,*,#4031,.T.);
#4208 = ORIENTED_EDGE('',*,*,#1345,.F.);
#4209 = ORIENTED_EDGE('',*,*,#1413,.T.);
#4210 = ORIENTED_EDGE('',*,*,#1459,.T.);
#4211 = ORIENTED_EDGE('',*,*,#1534,.T.);
#4212 = ORIENTED_EDGE('',*,*,#1617,.T.);
#4213 = ORIENTED_EDGE('',*,*,#1683,.T.);
#4214 = PLANE('',#4215);
#4215 = AXIS2_PLACEMENT_3D('',#4216,#4217,#4218);
#4216 = CARTESIAN_POINT('',(-5.97E-15,-5.3,11.55));
#4217 = DIRECTION('',(0.707106781187,-1.586796564404E-16,-0.707106781187
    ));
#4218 = DIRECTION('',(-0.707106781187,2.20132034356E-15,-0.707106781187)
  );
#4219 = ADVANCED_FACE('',(#4220),#4228,.T.);
#4220 = FACE_BOUND('',#4221,.F.);
#4221 = EDGE_LOOP('',(#4222,#4223,#4224,#4225,#4226,#4227));
#4222 = ORIENTED_EDGE('',*,*,#1660,.F.);
#4223 = ORIENTED_EDGE('',*,*,#4156,.T.);
#4224 = ORIENTED_EDGE('',*,*,#1388,.T.);
#4225 = ORIENTED_EDGE('',*,*,#1428,.T.);
#4226 = ORIENTED_EDGE('',*,*,#1486,.F.);
#4227 = ORIENTED_EDGE('',*,*,#1593,.F.);
#4228 = PLANE('',#4229);
#4229 = AXIS2_PLACEMENT_3D('',#4230,#4231,#4232);
#4230 = CARTESIAN_POINT('',(72.205,-7.,16.355));
#4231 = DIRECTION('',(-0.707106781187,2.60132034356E-15,-0.707106781187)
  );
#4232 = DIRECTION('',(1.55941125497E-15,1.,2.11941125497E-15));
#4233 = ADVANCED_FACE('',(#4234),#4267,.F.);
#4234 = FACE_BOUND('',#4235,.F.);
#4235 = EDGE_LOOP('',(#4236,#4244,#4245,#4253,#4261));
#4236 = ORIENTED_EDGE('',*,*,#4237,.F.);
#4237 = EDGE_CURVE('',#1497,#4238,#4240,.T.);
#4238 = VERTEX_POINT('',#4239);
#4239 = CARTESIAN_POINT('',(73.4,-10.5,0.9));
#4240 = LINE('',#4241,#4242);
#4241 = CARTESIAN_POINT('',(73.,-10.5,0.9));
#4242 = VECTOR('',#4243,1.);
#4243 = DIRECTION('',(1.,-1.33E-15,-5.E-16));
#4244 = ORIENTED_EDGE('',*,*,#1494,.F.);
#4245 = ORIENTED_EDGE('',*,*,#4246,.T.);
#4246 = EDGE_CURVE('',#1495,#4247,#4249,.T.);
#4247 = VERTEX_POINT('',#4248);
#4248 = CARTESIAN_POINT('',(74.4,-10.5,3.4));
#4249 = LINE('',#4250,#4251);
#4250 = CARTESIAN_POINT('',(73.,-10.5,3.4));
#4251 = VECTOR('',#4252,1.);
#4252 = DIRECTION('',(1.,-1.33E-15,-5.E-16));
#4253 = ORIENTED_EDGE('',*,*,#4254,.T.);
#4254 = EDGE_CURVE('',#4247,#4255,#4257,.T.);
#4255 = VERTEX_POINT('',#4256);
#4256 = CARTESIAN_POINT('',(74.4,-10.5,1.9));
#4257 = LINE('',#4258,#4259);
#4258 = CARTESIAN_POINT('',(74.4,-10.5,3.4));
#4259 = VECTOR('',#4260,1.);
#4260 = DIRECTION('',(1.7E-16,2.11E-15,-1.));
#4261 = ORIENTED_EDGE('',*,*,#4262,.F.);
#4262 = EDGE_CURVE('',#4238,#4255,#4263,.T.);
#4263 = LINE('',#4264,#4265);
#4264 = CARTESIAN_POINT('',(74.175,-10.5,1.675));
#4265 = VECTOR('',#4266,1.);
#4266 = DIRECTION('',(0.707106781187,-2.43132034356E-15,0.707106781187)
  );
#4267 = PLANE('',#4268);
#4268 = AXIS2_PLACEMENT_3D('',#4269,#4270,#4271);
#4269 = CARTESIAN_POINT('',(73.,-10.5,3.4));
#4270 = DIRECTION('',(8.9E-16,1.,1.89E-15));
#4271 = DIRECTION('',(1.7E-16,1.89E-15,-1.));
#4272 = ADVANCED_FACE('',(#4273),#4291,.F.);
#4273 = FACE_BOUND('',#4274,.F.);
#4274 = EDGE_LOOP('',(#4275,#4276,#4284,#4290));
#4275 = ORIENTED_EDGE('',*,*,#4237,.T.);
#4276 = ORIENTED_EDGE('',*,*,#4277,.T.);
#4277 = EDGE_CURVE('',#4238,#4278,#4280,.T.);
#4278 = VERTEX_POINT('',#4279);
#4279 = CARTESIAN_POINT('',(73.4,-21.5,0.9));
#4280 = LINE('',#4281,#4282);
#4281 = CARTESIAN_POINT('',(73.4,-10.5,0.9));
#4282 = VECTOR('',#4283,1.);
#4283 = DIRECTION('',(-8.9E-16,-1.,-1.89E-15));
#4284 = ORIENTED_EDGE('',*,*,#4285,.F.);
#4285 = EDGE_CURVE('',#1513,#4278,#4286,.T.);
#4286 = LINE('',#4287,#4288);
#4287 = CARTESIAN_POINT('',(73.,-21.5,0.9));
#4288 = VECTOR('',#4289,1.);
#4289 = DIRECTION('',(1.,-1.33E-15,-5.E-16));
#4290 = ORIENTED_EDGE('',*,*,#1520,.F.);
#4291 = PLANE('',#4292);
#4292 = AXIS2_PLACEMENT_3D('',#4293,#4294,#4295);
#4293 = CARTESIAN_POINT('',(73.,-10.5,0.9));
#4294 = DIRECTION('',(1.7E-16,2.11E-15,-1.));
#4295 = DIRECTION('',(-8.9E-16,-1.,-2.11E-15));
#4296 = ADVANCED_FACE('',(#4297),#4323,.F.);
#4297 = FACE_BOUND('',#4298,.F.);
#4298 = EDGE_LOOP('',(#4299,#4300,#4308,#4316,#4322));
#4299 = ORIENTED_EDGE('',*,*,#4285,.T.);
#4300 = ORIENTED_EDGE('',*,*,#4301,.T.);
#4301 = EDGE_CURVE('',#4278,#4302,#4304,.T.);
#4302 = VERTEX_POINT('',#4303);
#4303 = CARTESIAN_POINT('',(74.4,-21.5,1.9));
#4304 = LINE('',#4305,#4306);
#4305 = CARTESIAN_POINT('',(73.55,-21.5,1.05));
#4306 = VECTOR('',#4307,1.);
#4307 = DIRECTION('',(0.707106781187,-2.43132034356E-15,0.707106781187)
  );
#4308 = ORIENTED_EDGE('',*,*,#4309,.T.);
#4309 = EDGE_CURVE('',#4302,#4310,#4312,.T.);
#4310 = VERTEX_POINT('',#4311);
#4311 = CARTESIAN_POINT('',(74.4,-21.5,3.4));
#4312 = LINE('',#4313,#4314);
#4313 = CARTESIAN_POINT('',(74.4,-21.5,0.9));
#4314 = VECTOR('',#4315,1.);
#4315 = DIRECTION('',(-1.7E-16,-2.11E-15,1.));
#4316 = ORIENTED_EDGE('',*,*,#4317,.F.);
#4317 = EDGE_CURVE('',#1505,#4310,#4318,.T.);
#4318 = LINE('',#4319,#4320);
#4319 = CARTESIAN_POINT('',(73.,-21.5,3.4));
#4320 = VECTOR('',#4321,1.);
#4321 = DIRECTION('',(1.,-1.33E-15,-5.E-16));
#4322 = ORIENTED_EDGE('',*,*,#1512,.F.);
#4323 = PLANE('',#4324);
#4324 = AXIS2_PLACEMENT_3D('',#4325,#4326,#4327);
#4325 = CARTESIAN_POINT('',(73.,-21.5,0.9));
#4326 = DIRECTION('',(-8.9E-16,-1.,-1.89E-15));
#4327 = DIRECTION('',(-1.7E-16,-1.89E-15,1.));
#4328 = ADVANCED_FACE('',(#4329),#4340,.F.);
#4329 = FACE_BOUND('',#4330,.F.);
#4330 = EDGE_LOOP('',(#4331,#4332,#4338,#4339));
#4331 = ORIENTED_EDGE('',*,*,#4317,.T.);
#4332 = ORIENTED_EDGE('',*,*,#4333,.T.);
#4333 = EDGE_CURVE('',#4310,#4247,#4334,.T.);
#4334 = LINE('',#4335,#4336);
#4335 = CARTESIAN_POINT('',(74.4,-21.5,3.4));
#4336 = VECTOR('',#4337,1.);
#4337 = DIRECTION('',(8.9E-16,1.,1.89E-15));
#4338 = ORIENTED_EDGE('',*,*,#4246,.F.);
#4339 = ORIENTED_EDGE('',*,*,#1504,.F.);
#4340 = PLANE('',#4341);
#4341 = AXIS2_PLACEMENT_3D('',#4342,#4343,#4344);
#4342 = CARTESIAN_POINT('',(73.,-21.5,3.4));
#4343 = DIRECTION('',(-1.7E-16,-2.11E-15,1.));
#4344 = DIRECTION('',(8.9E-16,1.,2.11E-15));
#4345 = ADVANCED_FACE('',(#4346),#4379,.F.);
#4346 = FACE_BOUND('',#4347,.F.);
#4347 = EDGE_LOOP('',(#4348,#4356,#4357,#4365,#4373));
#4348 = ORIENTED_EDGE('',*,*,#4349,.F.);
#4349 = EDGE_CURVE('',#1555,#4350,#4352,.T.);
#4350 = VERTEX_POINT('',#4351);
#4351 = CARTESIAN_POINT('',(0.6,-21.5,0.9));
#4352 = LINE('',#4353,#4354);
#4353 = CARTESIAN_POINT('',(1.,-21.5,0.9));
#4354 = VECTOR('',#4355,1.);
#4355 = DIRECTION('',(-1.,1.22E-15,6.1E-16));
#4356 = ORIENTED_EDGE('',*,*,#1552,.F.);
#4357 = ORIENTED_EDGE('',*,*,#4358,.T.);
#4358 = EDGE_CURVE('',#1553,#4359,#4361,.T.);
#4359 = VERTEX_POINT('',#4360);
#4360 = CARTESIAN_POINT('',(-0.4,-21.5,3.4));
#4361 = LINE('',#4362,#4363);
#4362 = CARTESIAN_POINT('',(1.,-21.5,3.4));
#4363 = VECTOR('',#4364,1.);
#4364 = DIRECTION('',(-1.,1.22E-15,6.1E-16));
#4365 = ORIENTED_EDGE('',*,*,#4366,.T.);
#4366 = EDGE_CURVE('',#4359,#4367,#4369,.T.);
#4367 = VERTEX_POINT('',#4368);
#4368 = CARTESIAN_POINT('',(-0.4,-21.5,1.9));
#4369 = LINE('',#4370,#4371);
#4370 = CARTESIAN_POINT('',(-0.4,-21.5,3.4));
#4371 = VECTOR('',#4372,1.);
#4372 = DIRECTION('',(1.7E-16,2.78E-15,-1.));
#4373 = ORIENTED_EDGE('',*,*,#4374,.F.);
#4374 = EDGE_CURVE('',#4350,#4367,#4375,.T.);
#4375 = LINE('',#4376,#4377);
#4376 = CARTESIAN_POINT('',(-0.175,-21.5,1.675));
#4377 = VECTOR('',#4378,1.);
#4378 = DIRECTION('',(-0.707106781187,-7.913203435596E-16,0.707106781187
    ));
#4379 = PLANE('',#4380);
#4380 = AXIS2_PLACEMENT_3D('',#4381,#4382,#4383);
#4381 = CARTESIAN_POINT('',(1.,-21.5,3.4));
#4382 = DIRECTION('',(-7.8E-16,-1.,-2.11E-15));
#4383 = DIRECTION('',(-6.E-17,2.11E-15,-1.));
#4384 = ADVANCED_FACE('',(#4385),#4403,.F.);
#4385 = FACE_BOUND('',#4386,.F.);
#4386 = EDGE_LOOP('',(#4387,#4395,#4401,#4402));
#4387 = ORIENTED_EDGE('',*,*,#4388,.T.);
#4388 = EDGE_CURVE('',#1563,#4389,#4391,.T.);
#4389 = VERTEX_POINT('',#4390);
#4390 = CARTESIAN_POINT('',(-0.4,-10.5,3.4));
#4391 = LINE('',#4392,#4393);
#4392 = CARTESIAN_POINT('',(1.,-10.5,3.4));
#4393 = VECTOR('',#4394,1.);
#4394 = DIRECTION('',(-1.,1.22E-15,6.1E-16));
#4395 = ORIENTED_EDGE('',*,*,#4396,.T.);
#4396 = EDGE_CURVE('',#4389,#4359,#4397,.T.);
#4397 = LINE('',#4398,#4399);
#4398 = CARTESIAN_POINT('',(-0.4,-10.5,3.4));
#4399 = VECTOR('',#4400,1.);
#4400 = DIRECTION('',(-2.2E-16,-1.,-2.56E-15));
#4401 = ORIENTED_EDGE('',*,*,#4358,.F.);
#4402 = ORIENTED_EDGE('',*,*,#1562,.F.);
#4403 = PLANE('',#4404);
#4404 = AXIS2_PLACEMENT_3D('',#4405,#4406,#4407);
#4405 = CARTESIAN_POINT('',(1.,-10.5,3.4));
#4406 = DIRECTION('',(-6.E-17,-2.33E-15,1.));
#4407 = DIRECTION('',(-4.4E-16,-1.,-2.33E-15));
#4408 = ADVANCED_FACE('',(#4409),#4427,.F.);
#4409 = FACE_BOUND('',#4410,.F.);
#4410 = EDGE_LOOP('',(#4411,#4412,#4420,#4426));
#4411 = ORIENTED_EDGE('',*,*,#4349,.T.);
#4412 = ORIENTED_EDGE('',*,*,#4413,.T.);
#4413 = EDGE_CURVE('',#4350,#4414,#4416,.T.);
#4414 = VERTEX_POINT('',#4415);
#4415 = CARTESIAN_POINT('',(0.6,-10.5,0.9));
#4416 = LINE('',#4417,#4418);
#4417 = CARTESIAN_POINT('',(0.6,-21.5,0.9));
#4418 = VECTOR('',#4419,1.);
#4419 = DIRECTION('',(4.4E-16,1.,2.11E-15));
#4420 = ORIENTED_EDGE('',*,*,#4421,.F.);
#4421 = EDGE_CURVE('',#1571,#4414,#4422,.T.);
#4422 = LINE('',#4423,#4424);
#4423 = CARTESIAN_POINT('',(1.,-10.5,0.9));
#4424 = VECTOR('',#4425,1.);
#4425 = DIRECTION('',(-1.,1.22E-15,6.1E-16));
#4426 = ORIENTED_EDGE('',*,*,#1578,.F.);
#4427 = PLANE('',#4428);
#4428 = AXIS2_PLACEMENT_3D('',#4429,#4430,#4431);
#4429 = CARTESIAN_POINT('',(1.,-21.5,0.9));
#4430 = DIRECTION('',(6.E-17,2.33E-15,-1.));
#4431 = DIRECTION('',(4.4E-16,1.,2.33E-15));
#4432 = ADVANCED_FACE('',(#4433),#4452,.F.);
#4433 = FACE_BOUND('',#4434,.F.);
#4434 = EDGE_LOOP('',(#4435,#4436,#4444,#4450,#4451));
#4435 = ORIENTED_EDGE('',*,*,#4421,.T.);
#4436 = ORIENTED_EDGE('',*,*,#4437,.T.);
#4437 = EDGE_CURVE('',#4414,#4438,#4440,.T.);
#4438 = VERTEX_POINT('',#4439);
#4439 = CARTESIAN_POINT('',(-0.4,-10.5,1.9));
#4440 = LINE('',#4441,#4442);
#4441 = CARTESIAN_POINT('',(0.45,-10.5,1.05));
#4442 = VECTOR('',#4443,1.);
#4443 = DIRECTION('',(-0.707106781187,-7.913203435596E-16,0.707106781187
    ));
#4444 = ORIENTED_EDGE('',*,*,#4445,.T.);
#4445 = EDGE_CURVE('',#4438,#4389,#4446,.T.);
#4446 = LINE('',#4447,#4448);
#4447 = CARTESIAN_POINT('',(-0.4,-10.5,0.9));
#4448 = VECTOR('',#4449,1.);
#4449 = DIRECTION('',(-1.7E-16,-2.78E-15,1.));
#4450 = ORIENTED_EDGE('',*,*,#4388,.F.);
#4451 = ORIENTED_EDGE('',*,*,#1570,.F.);
#4452 = PLANE('',#4453);
#4453 = AXIS2_PLACEMENT_3D('',#4454,#4455,#4456);
#4454 = CARTESIAN_POINT('',(1.,-10.5,0.9));
#4455 = DIRECTION('',(7.8E-16,1.,2.11E-15));
#4456 = DIRECTION('',(6.E-17,-2.11E-15,1.));
#4457 = ADVANCED_FACE('',(#4458),#4469,.F.);
#4458 = FACE_BOUND('',#4459,.F.);
#4459 = EDGE_LOOP('',(#4460,#4461,#4467,#4468));
#4460 = ORIENTED_EDGE('',*,*,#4078,.F.);
#4461 = ORIENTED_EDGE('',*,*,#4462,.T.);
#4462 = EDGE_CURVE('',#4079,#4165,#4463,.T.);
#4463 = LINE('',#4464,#4465);
#4464 = CARTESIAN_POINT('',(71.39,-7.,18.45));
#4465 = VECTOR('',#4466,1.);
#4466 = DIRECTION('',(1.7E-16,2.11E-15,-1.));
#4467 = ORIENTED_EDGE('',*,*,#4164,.T.);
#4468 = ORIENTED_EDGE('',*,*,#1699,.F.);
#4469 = PLANE('',#4470);
#4470 = AXIS2_PLACEMENT_3D('',#4471,#4472,#4473);
#4471 = CARTESIAN_POINT('',(69.6,-7.,18.45));
#4472 = DIRECTION('',(-8.9E-16,-1.,-1.89E-15));
#4473 = DIRECTION('',(1.,-8.9E-16,-5.E-16));
#4474 = ADVANCED_FACE('',(#4475),#4480,.F.);
#4475 = FACE_BOUND('',#4476,.F.);
#4476 = EDGE_LOOP('',(#4477,#4478,#4479));
#4477 = ORIENTED_EDGE('',*,*,#1892,.T.);
#4478 = ORIENTED_EDGE('',*,*,#2701,.T.);
#4479 = ORIENTED_EDGE('',*,*,#1732,.T.);
#4480 = PLANE('',#4481);
#4481 = AXIS2_PLACEMENT_3D('',#4482,#4483,#4484);
#4482 = CARTESIAN_POINT('',(38.5,-16.,18.45));
#4483 = DIRECTION('',(-1.7E-16,-2.11E-15,1.));
#4484 = DIRECTION('',(1.,-1.33E-15,1.7E-16));
#4485 = ADVANCED_FACE('',(#4486),#4491,.T.);
#4486 = FACE_BOUND('',#4487,.T.);
#4487 = EDGE_LOOP('',(#4488,#4489,#4490));
#4488 = ORIENTED_EDGE('',*,*,#1885,.T.);
#4489 = ORIENTED_EDGE('',*,*,#1805,.T.);
#4490 = ORIENTED_EDGE('',*,*,#1748,.T.);
#4491 = PLANE('',#4492);
#4492 = AXIS2_PLACEMENT_3D('',#4493,#4494,#4495);
#4493 = CARTESIAN_POINT('',(38.5,-16.,17.15));
#4494 = DIRECTION('',(-1.7E-16,-2.11E-15,1.));
#4495 = DIRECTION('',(1.,-1.33E-15,1.7E-16));
#4496 = ADVANCED_FACE('',(#4497),#4508,.T.);
#4497 = FACE_BOUND('',#4498,.T.);
#4498 = EDGE_LOOP('',(#4499,#4500,#4506,#4507));
#4499 = ORIENTED_EDGE('',*,*,#3960,.F.);
#4500 = ORIENTED_EDGE('',*,*,#4501,.T.);
#4501 = EDGE_CURVE('',#3961,#4056,#4502,.T.);
#4502 = LINE('',#4503,#4504);
#4503 = CARTESIAN_POINT('',(7.39,-7.,18.45));
#4504 = VECTOR('',#4505,1.);
#4505 = DIRECTION('',(1.7E-16,2.11E-15,-1.));
#4506 = ORIENTED_EDGE('',*,*,#4063,.T.);
#4507 = ORIENTED_EDGE('',*,*,#1838,.F.);
#4508 = PLANE('',#4509);
#4509 = AXIS2_PLACEMENT_3D('',#4510,#4511,#4512);
#4510 = CARTESIAN_POINT('',(6.495,-6.105,18.45));
#4511 = DIRECTION('',(0.707106781187,0.707106781187,9.813203435596E-16)
  );
#4512 = DIRECTION('',(-2.761017305527E-16,1.663898269447E-15,-1.));
#4513 = ADVANCED_FACE('',(#4514),#4555,.F.);
#4514 = FACE_BOUND('',#4515,.F.);
#4515 = EDGE_LOOP('',(#4516,#4524,#4532,#4540,#4548,#4554));
#4516 = ORIENTED_EDGE('',*,*,#4517,.T.);
#4517 = EDGE_CURVE('',#1916,#4518,#4520,.T.);
#4518 = VERTEX_POINT('',#4519);
#4519 = CARTESIAN_POINT('',(54.4,-0.1,23.));
#4520 = LINE('',#4521,#4522);
#4521 = CARTESIAN_POINT('',(54.4,-9.716E-14,23.));
#4522 = VECTOR('',#4523,1.);
#4523 = DIRECTION('',(-8.9E-16,-1.,-1.67E-15));
#4524 = ORIENTED_EDGE('',*,*,#4525,.T.);
#4525 = EDGE_CURVE('',#4518,#4526,#4528,.T.);
#4526 = VERTEX_POINT('',#4527);
#4527 = CARTESIAN_POINT('',(54.4,-0.6,22.5));
#4528 = LINE('',#4529,#4530);
#4529 = CARTESIAN_POINT('',(54.4,-0.2,22.9));
#4530 = VECTOR('',#4531,1.);
#4531 = DIRECTION('',(-1.84E-15,-0.707106781187,-0.707106781187));
#4532 = ORIENTED_EDGE('',*,*,#4533,.T.);
#4533 = EDGE_CURVE('',#4526,#4534,#4536,.T.);
#4534 = VERTEX_POINT('',#4535);
#4535 = CARTESIAN_POINT('',(54.4,-0.6,13.5));
#4536 = LINE('',#4537,#4538);
#4537 = CARTESIAN_POINT('',(54.4,-0.6,23.));
#4538 = VECTOR('',#4539,1.);
#4539 = DIRECTION('',(1.7E-16,2.11E-15,-1.));
#4540 = ORIENTED_EDGE('',*,*,#4541,.F.);
#4541 = EDGE_CURVE('',#4542,#4534,#4544,.T.);
#4542 = VERTEX_POINT('',#4543);
#4543 = CARTESIAN_POINT('',(54.4,-0.1,13.));
#4544 = LINE('',#4545,#4546);
#4545 = CARTESIAN_POINT('',(54.4,-2.7,15.6));
#4546 = VECTOR('',#4547,1.);
#4547 = DIRECTION('',(-8.2E-16,-0.707106781187,0.707106781187));
#4548 = ORIENTED_EDGE('',*,*,#4549,.F.);
#4549 = EDGE_CURVE('',#1918,#4542,#4550,.T.);
#4550 = LINE('',#4551,#4552);
#4551 = CARTESIAN_POINT('',(54.4,-7.826E-14,13.));
#4552 = VECTOR('',#4553,1.);
#4553 = DIRECTION('',(-8.9E-16,-1.,-1.67E-15));
#4554 = ORIENTED_EDGE('',*,*,#1915,.F.);
#4555 = PLANE('',#4556);
#4556 = AXIS2_PLACEMENT_3D('',#4557,#4558,#4559);
#4557 = CARTESIAN_POINT('',(54.4,-9.716E-14,23.));
#4558 = DIRECTION('',(1.,-1.33E-15,-5.E-16));
#4559 = DIRECTION('',(-5.E-16,1.89E-15,-1.));
#4560 = ADVANCED_FACE('',(#4561),#4579,.F.);
#4561 = FACE_BOUND('',#4562,.F.);
#4562 = EDGE_LOOP('',(#4563,#4571,#4577,#4578));
#4563 = ORIENTED_EDGE('',*,*,#4564,.T.);
#4564 = EDGE_CURVE('',#1926,#4565,#4567,.T.);
#4565 = VERTEX_POINT('',#4566);
#4566 = CARTESIAN_POINT('',(56.,-0.1,23.));
#4567 = LINE('',#4568,#4569);
#4568 = CARTESIAN_POINT('',(56.,-9.929E-14,23.));
#4569 = VECTOR('',#4570,1.);
#4570 = DIRECTION('',(-8.9E-16,-1.,-1.67E-15));
#4571 = ORIENTED_EDGE('',*,*,#4572,.T.);
#4572 = EDGE_CURVE('',#4565,#4518,#4573,.T.);
#4573 = LINE('',#4574,#4575);
#4574 = CARTESIAN_POINT('',(56.,-0.1,23.));
#4575 = VECTOR('',#4576,1.);
#4576 = DIRECTION('',(-1.,2.E-15,8.9E-16));
#4577 = ORIENTED_EDGE('',*,*,#4517,.F.);
#4578 = ORIENTED_EDGE('',*,*,#1925,.F.);
#4579 = PLANE('',#4580);
#4580 = AXIS2_PLACEMENT_3D('',#4581,#4582,#4583);
#4581 = CARTESIAN_POINT('',(56.,-9.929E-14,23.));
#4582 = DIRECTION('',(1.7E-16,1.89E-15,-1.));
#4583 = DIRECTION('',(-1.,1.33E-15,-1.7E-16));
#4584 = ADVANCED_FACE('',(#4585),#4619,.F.);
#4585 = FACE_BOUND('',#4586,.F.);
#4586 = EDGE_LOOP('',(#4587,#4595,#4603,#4611,#4617,#4618));
#4587 = ORIENTED_EDGE('',*,*,#4588,.T.);
#4588 = EDGE_CURVE('',#1934,#4589,#4591,.T.);
#4589 = VERTEX_POINT('',#4590);
#4590 = CARTESIAN_POINT('',(56.,-0.1,13.));
#4591 = LINE('',#4592,#4593);
#4592 = CARTESIAN_POINT('',(56.,-8.039E-14,13.));
#4593 = VECTOR('',#4594,1.);
#4594 = DIRECTION('',(-8.9E-16,-1.,-1.67E-15));
#4595 = ORIENTED_EDGE('',*,*,#4596,.T.);
#4596 = EDGE_CURVE('',#4589,#4597,#4599,.T.);
#4597 = VERTEX_POINT('',#4598);
#4598 = CARTESIAN_POINT('',(56.,-0.6,13.5));
#4599 = LINE('',#4600,#4601);
#4600 = CARTESIAN_POINT('',(56.,-0.2,13.1));
#4601 = VECTOR('',#4602,1.);
#4602 = DIRECTION('',(-8.2E-16,-0.707106781187,0.707106781187));
#4603 = ORIENTED_EDGE('',*,*,#4604,.T.);
#4604 = EDGE_CURVE('',#4597,#4605,#4607,.T.);
#4605 = VERTEX_POINT('',#4606);
#4606 = CARTESIAN_POINT('',(56.,-0.6,22.5));
#4607 = LINE('',#4608,#4609);
#4608 = CARTESIAN_POINT('',(56.,-0.6,13.));
#4609 = VECTOR('',#4610,1.);
#4610 = DIRECTION('',(-1.7E-16,-2.11E-15,1.));
#4611 = ORIENTED_EDGE('',*,*,#4612,.F.);
#4612 = EDGE_CURVE('',#4565,#4605,#4613,.T.);
#4613 = LINE('',#4614,#4615);
#4614 = CARTESIAN_POINT('',(56.,-2.7,20.4));
#4615 = VECTOR('',#4616,1.);
#4616 = DIRECTION('',(-1.84E-15,-0.707106781187,-0.707106781187));
#4617 = ORIENTED_EDGE('',*,*,#4564,.F.);
#4618 = ORIENTED_EDGE('',*,*,#1933,.F.);
#4619 = PLANE('',#4620);
#4620 = AXIS2_PLACEMENT_3D('',#4621,#4622,#4623);
#4621 = CARTESIAN_POINT('',(56.,-8.039E-14,13.));
#4622 = DIRECTION('',(-1.,1.33E-15,5.E-16));
#4623 = DIRECTION('',(5.E-16,-1.89E-15,1.));
#4624 = ADVANCED_FACE('',(#4625),#4636,.F.);
#4625 = FACE_BOUND('',#4626,.F.);
#4626 = EDGE_LOOP('',(#4627,#4628,#4634,#4635));
#4627 = ORIENTED_EDGE('',*,*,#4549,.T.);
#4628 = ORIENTED_EDGE('',*,*,#4629,.T.);
#4629 = EDGE_CURVE('',#4542,#4589,#4630,.T.);
#4630 = LINE('',#4631,#4632);
#4631 = CARTESIAN_POINT('',(54.4,-0.1,13.));
#4632 = VECTOR('',#4633,1.);
#4633 = DIRECTION('',(1.,-2.E-15,-8.9E-16));
#4634 = ORIENTED_EDGE('',*,*,#4588,.F.);
#4635 = ORIENTED_EDGE('',*,*,#1941,.F.);
#4636 = PLANE('',#4637);
#4637 = AXIS2_PLACEMENT_3D('',#4638,#4639,#4640);
#4638 = CARTESIAN_POINT('',(54.4,-7.826E-14,13.));
#4639 = DIRECTION('',(-1.7E-16,-1.89E-15,1.));
#4640 = DIRECTION('',(1.,-1.33E-15,1.7E-16));
#4641 = ADVANCED_FACE('',(#4642),#4683,.F.);
#4642 = FACE_BOUND('',#4643,.F.);
#4643 = EDGE_LOOP('',(#4644,#4652,#4660,#4668,#4676,#4682));
#4644 = ORIENTED_EDGE('',*,*,#4645,.T.);
#4645 = EDGE_CURVE('',#1950,#4646,#4648,.T.);
#4646 = VERTEX_POINT('',#4647);
#4647 = CARTESIAN_POINT('',(18.,-0.1,23.));
#4648 = LINE('',#4649,#4650);
#4649 = CARTESIAN_POINT('',(18.,-4.866E-14,23.));
#4650 = VECTOR('',#4651,1.);
#4651 = DIRECTION('',(-8.9E-16,-1.,-1.67E-15));
#4652 = ORIENTED_EDGE('',*,*,#4653,.T.);
#4653 = EDGE_CURVE('',#4646,#4654,#4656,.T.);
#4654 = VERTEX_POINT('',#4655);
#4655 = CARTESIAN_POINT('',(18.,-0.6,22.5));
#4656 = LINE('',#4657,#4658);
#4657 = CARTESIAN_POINT('',(18.,-0.2,22.9));
#4658 = VECTOR('',#4659,1.);
#4659 = DIRECTION('',(-1.84E-15,-0.707106781187,-0.707106781187));
#4660 = ORIENTED_EDGE('',*,*,#4661,.T.);
#4661 = EDGE_CURVE('',#4654,#4662,#4664,.T.);
#4662 = VERTEX_POINT('',#4663);
#4663 = CARTESIAN_POINT('',(18.,-0.6,13.5));
#4664 = LINE('',#4665,#4666);
#4665 = CARTESIAN_POINT('',(18.,-0.6,23.));
#4666 = VECTOR('',#4667,1.);
#4667 = DIRECTION('',(1.7E-16,2.11E-15,-1.));
#4668 = ORIENTED_EDGE('',*,*,#4669,.F.);
#4669 = EDGE_CURVE('',#4670,#4662,#4672,.T.);
#4670 = VERTEX_POINT('',#4671);
#4671 = CARTESIAN_POINT('',(18.,-0.1,13.));
#4672 = LINE('',#4673,#4674);
#4673 = CARTESIAN_POINT('',(18.,-2.7,15.6));
#4674 = VECTOR('',#4675,1.);
#4675 = DIRECTION('',(-8.2E-16,-0.707106781187,0.707106781187));
#4676 = ORIENTED_EDGE('',*,*,#4677,.F.);
#4677 = EDGE_CURVE('',#1952,#4670,#4678,.T.);
#4678 = LINE('',#4679,#4680);
#4679 = CARTESIAN_POINT('',(18.,-2.977E-14,13.));
#4680 = VECTOR('',#4681,1.);
#4681 = DIRECTION('',(-8.9E-16,-1.,-1.67E-15));
#4682 = ORIENTED_EDGE('',*,*,#1949,.F.);
#4683 = PLANE('',#4684);
#4684 = AXIS2_PLACEMENT_3D('',#4685,#4686,#4687);
#4685 = CARTESIAN_POINT('',(18.,-4.866E-14,23.));
#4686 = DIRECTION('',(1.,-1.33E-15,-5.E-16));
#4687 = DIRECTION('',(-5.E-16,1.89E-15,-1.));
#4688 = ADVANCED_FACE('',(#4689),#4707,.F.);
#4689 = FACE_BOUND('',#4690,.F.);
#4690 = EDGE_LOOP('',(#4691,#4699,#4705,#4706));
#4691 = ORIENTED_EDGE('',*,*,#4692,.T.);
#4692 = EDGE_CURVE('',#1960,#4693,#4695,.T.);
#4693 = VERTEX_POINT('',#4694);
#4694 = CARTESIAN_POINT('',(19.6,-0.1,23.));
#4695 = LINE('',#4696,#4697);
#4696 = CARTESIAN_POINT('',(19.6,-5.08E-14,23.));
#4697 = VECTOR('',#4698,1.);
#4698 = DIRECTION('',(-8.9E-16,-1.,-1.67E-15));
#4699 = ORIENTED_EDGE('',*,*,#4700,.T.);
#4700 = EDGE_CURVE('',#4693,#4646,#4701,.T.);
#4701 = LINE('',#4702,#4703);
#4702 = CARTESIAN_POINT('',(19.6,-0.1,23.));
#4703 = VECTOR('',#4704,1.);
#4704 = DIRECTION('',(-1.,2.E-15,8.9E-16));
#4705 = ORIENTED_EDGE('',*,*,#4645,.F.);
#4706 = ORIENTED_EDGE('',*,*,#1959,.F.);
#4707 = PLANE('',#4708);
#4708 = AXIS2_PLACEMENT_3D('',#4709,#4710,#4711);
#4709 = CARTESIAN_POINT('',(19.6,-5.08E-14,23.));
#4710 = DIRECTION('',(1.7E-16,1.89E-15,-1.));
#4711 = DIRECTION('',(-1.,1.33E-15,-1.7E-16));
#4712 = ADVANCED_FACE('',(#4713),#4747,.F.);
#4713 = FACE_BOUND('',#4714,.F.);
#4714 = EDGE_LOOP('',(#4715,#4723,#4731,#4739,#4745,#4746));
#4715 = ORIENTED_EDGE('',*,*,#4716,.T.);
#4716 = EDGE_CURVE('',#1968,#4717,#4719,.T.);
#4717 = VERTEX_POINT('',#4718);
#4718 = CARTESIAN_POINT('',(19.6,-0.1,13.));
#4719 = LINE('',#4720,#4721);
#4720 = CARTESIAN_POINT('',(19.6,-3.19E-14,13.));
#4721 = VECTOR('',#4722,1.);
#4722 = DIRECTION('',(-8.9E-16,-1.,-1.67E-15));
#4723 = ORIENTED_EDGE('',*,*,#4724,.T.);
#4724 = EDGE_CURVE('',#4717,#4725,#4727,.T.);
#4725 = VERTEX_POINT('',#4726);
#4726 = CARTESIAN_POINT('',(19.6,-0.6,13.5));
#4727 = LINE('',#4728,#4729);
#4728 = CARTESIAN_POINT('',(19.6,-0.2,13.1));
#4729 = VECTOR('',#4730,1.);
#4730 = DIRECTION('',(-8.2E-16,-0.707106781187,0.707106781187));
#4731 = ORIENTED_EDGE('',*,*,#4732,.T.);
#4732 = EDGE_CURVE('',#4725,#4733,#4735,.T.);
#4733 = VERTEX_POINT('',#4734);
#4734 = CARTESIAN_POINT('',(19.6,-0.6,22.5));
#4735 = LINE('',#4736,#4737);
#4736 = CARTESIAN_POINT('',(19.6,-0.6,13.));
#4737 = VECTOR('',#4738,1.);
#4738 = DIRECTION('',(-1.7E-16,-2.11E-15,1.));
#4739 = ORIENTED_EDGE('',*,*,#4740,.F.);
#4740 = EDGE_CURVE('',#4693,#4733,#4741,.T.);
#4741 = LINE('',#4742,#4743);
#4742 = CARTESIAN_POINT('',(19.6,-2.7,20.4));
#4743 = VECTOR('',#4744,1.);
#4744 = DIRECTION('',(-1.84E-15,-0.707106781187,-0.707106781187));
#4745 = ORIENTED_EDGE('',*,*,#4692,.F.);
#4746 = ORIENTED_EDGE('',*,*,#1967,.F.);
#4747 = PLANE('',#4748);
#4748 = AXIS2_PLACEMENT_3D('',#4749,#4750,#4751);
#4749 = CARTESIAN_POINT('',(19.6,-3.19E-14,13.));
#4750 = DIRECTION('',(-1.,1.33E-15,5.E-16));
#4751 = DIRECTION('',(5.E-16,-1.89E-15,1.));
#4752 = ADVANCED_FACE('',(#4753),#4764,.F.);
#4753 = FACE_BOUND('',#4754,.F.);
#4754 = EDGE_LOOP('',(#4755,#4756,#4762,#4763));
#4755 = ORIENTED_EDGE('',*,*,#4677,.T.);
#4756 = ORIENTED_EDGE('',*,*,#4757,.T.);
#4757 = EDGE_CURVE('',#4670,#4717,#4758,.T.);
#4758 = LINE('',#4759,#4760);
#4759 = CARTESIAN_POINT('',(18.,-0.1,13.));
#4760 = VECTOR('',#4761,1.);
#4761 = DIRECTION('',(1.,-2.E-15,-8.9E-16));
#4762 = ORIENTED_EDGE('',*,*,#4716,.F.);
#4763 = ORIENTED_EDGE('',*,*,#1975,.F.);
#4764 = PLANE('',#4765);
#4765 = AXIS2_PLACEMENT_3D('',#4766,#4767,#4768);
#4766 = CARTESIAN_POINT('',(18.,-2.977E-14,13.));
#4767 = DIRECTION('',(-1.7E-16,-1.89E-15,1.));
#4768 = DIRECTION('',(1.,-1.33E-15,1.7E-16));
#4769 = ADVANCED_FACE('',(#4770),#4781,.F.);
#4770 = FACE_BOUND('',#4771,.T.);
#4771 = EDGE_LOOP('',(#4772,#4778,#4779,#4780));
#4772 = ORIENTED_EDGE('',*,*,#4773,.F.);
#4773 = EDGE_CURVE('',#2053,#2978,#4774,.T.);
#4774 = LINE('',#4775,#4776);
#4775 = CARTESIAN_POINT('',(21.54,-32.01,15.6505));
#4776 = VECTOR('',#4777,1.);
#4777 = DIRECTION('',(-0.149069358149,0.988826742388,2.3E-16));
#4778 = ORIENTED_EDGE('',*,*,#2052,.T.);
#4779 = ORIENTED_EDGE('',*,*,#4773,.T.);
#4780 = ORIENTED_EDGE('',*,*,#2985,.F.);
#4781 = CONICAL_SURFACE('',#4782,0.7,0.149627048213);
#4782 = AXIS2_PLACEMENT_3D('',#4783,#4784,#4785);
#4783 = CARTESIAN_POINT('',(20.84,-32.01,15.6505));
#4784 = DIRECTION('',(-2.22E-15,-1.,-6.7E-16));
#4785 = DIRECTION('',(1.,-2.22E-15,5.08E-15));
#4786 = ADVANCED_FACE('',(#4787),#4813,.F.);
#4787 = FACE_BOUND('',#4788,.F.);
#4788 = EDGE_LOOP('',(#4789,#4797,#4806,#4812));
#4789 = ORIENTED_EDGE('',*,*,#4790,.T.);
#4790 = EDGE_CURVE('',#2070,#4791,#4793,.T.);
#4791 = VERTEX_POINT('',#4792);
#4792 = CARTESIAN_POINT('',(9.4,-33.99,19.85));
#4793 = LINE('',#4794,#4795);
#4794 = CARTESIAN_POINT('',(9.4,-34.,19.85));
#4795 = VECTOR('',#4796,1.);
#4796 = DIRECTION('',(8.9E-16,1.,8.9E-16));
#4797 = ORIENTED_EDGE('',*,*,#4798,.T.);
#4798 = EDGE_CURVE('',#4791,#4799,#4801,.T.);
#4799 = VERTEX_POINT('',#4800);
#4800 = CARTESIAN_POINT('',(11.400000000082,-33.99,17.85));
#4801 = CIRCLE('',#4802,2.);
#4802 = AXIS2_PLACEMENT_3D('',#4803,#4804,#4805);
#4803 = CARTESIAN_POINT('',(11.4,-33.99,19.85));
#4804 = DIRECTION('',(-1.44E-15,-1.,-5.5E-16));
#4805 = DIRECTION('',(-1.,1.44E-15,1.55E-15));
#4806 = ORIENTED_EDGE('',*,*,#4807,.F.);
#4807 = EDGE_CURVE('',#2072,#4799,#4808,.T.);
#4808 = LINE('',#4809,#4810);
#4809 = CARTESIAN_POINT('',(11.400000000082,-34.,17.85));
#4810 = VECTOR('',#4811,1.);
#4811 = DIRECTION('',(8.9E-16,1.,8.9E-16));
#4812 = ORIENTED_EDGE('',*,*,#2069,.F.);
#4813 = CYLINDRICAL_SURFACE('',#4814,2.);
#4814 = AXIS2_PLACEMENT_3D('',#4815,#4816,#4817);
#4815 = CARTESIAN_POINT('',(11.4,-34.,19.85));
#4816 = DIRECTION('',(-1.E-15,-1.,-1.06E-15));
#4817 = DIRECTION('',(1.,-1.E-15,-6.7E-16));
#4818 = ADVANCED_FACE('',(#4819),#4837,.T.);
#4819 = FACE_BOUND('',#4820,.T.);
#4820 = EDGE_LOOP('',(#4821,#4822,#4830,#4836));
#4821 = ORIENTED_EDGE('',*,*,#4790,.T.);
#4822 = ORIENTED_EDGE('',*,*,#4823,.F.);
#4823 = EDGE_CURVE('',#4824,#4791,#4826,.T.);
#4824 = VERTEX_POINT('',#4825);
#4825 = CARTESIAN_POINT('',(9.4,-33.99,23.853735909771));
#4826 = LINE('',#4827,#4828);
#4827 = CARTESIAN_POINT('',(9.4,-33.99,23.853735909771));
#4828 = VECTOR('',#4829,1.);
#4829 = DIRECTION('',(-5.E-16,7.2E-16,-1.));
#4830 = ORIENTED_EDGE('',*,*,#4831,.F.);
#4831 = EDGE_CURVE('',#2123,#4824,#4832,.T.);
#4832 = LINE('',#4833,#4834);
#4833 = CARTESIAN_POINT('',(9.4,-34.,23.853735909771));
#4834 = VECTOR('',#4835,1.);
#4835 = DIRECTION('',(8.9E-16,1.,8.9E-16));
#4836 = ORIENTED_EDGE('',*,*,#2131,.F.);
#4837 = PLANE('',#4838);
#4838 = AXIS2_PLACEMENT_3D('',#4839,#4840,#4841);
#4839 = CARTESIAN_POINT('',(9.4,-34.,19.85));
#4840 = DIRECTION('',(1.,-1.11E-15,-6.7E-16));
#4841 = DIRECTION('',(6.7E-16,-1.17E-15,1.));
#4842 = ADVANCED_FACE('',(#4843),#4861,.F.);
#4843 = FACE_BOUND('',#4844,.F.);
#4844 = EDGE_LOOP('',(#4845,#4846,#4854,#4860));
#4845 = ORIENTED_EDGE('',*,*,#4807,.T.);
#4846 = ORIENTED_EDGE('',*,*,#4847,.T.);
#4847 = EDGE_CURVE('',#4799,#4848,#4850,.T.);
#4848 = VERTEX_POINT('',#4849);
#4849 = CARTESIAN_POINT('',(25.4,-33.99,17.85));
#4850 = LINE('',#4851,#4852);
#4851 = CARTESIAN_POINT('',(11.400000000082,-33.99,17.85));
#4852 = VECTOR('',#4853,1.);
#4853 = DIRECTION('',(1.,-1.44E-15,-6.7E-16));
#4854 = ORIENTED_EDGE('',*,*,#4855,.F.);
#4855 = EDGE_CURVE('',#2081,#4848,#4856,.T.);
#4856 = LINE('',#4857,#4858);
#4857 = CARTESIAN_POINT('',(25.4,-34.,17.85));
#4858 = VECTOR('',#4859,1.);
#4859 = DIRECTION('',(8.9E-16,1.,8.9E-16));
#4860 = ORIENTED_EDGE('',*,*,#2080,.F.);
#4861 = PLANE('',#4862);
#4862 = AXIS2_PLACEMENT_3D('',#4863,#4864,#4865);
#4863 = CARTESIAN_POINT('',(11.400000000082,-34.,17.85));
#4864 = DIRECTION('',(-3.3E-16,1.E-15,-1.));
#4865 = DIRECTION('',(1.,-1.22E-15,-3.3E-16));
#4866 = ADVANCED_FACE('',(#4867),#4886,.F.);
#4867 = FACE_BOUND('',#4868,.F.);
#4868 = EDGE_LOOP('',(#4869,#4877,#4884,#4885));
#4869 = ORIENTED_EDGE('',*,*,#4870,.T.);
#4870 = EDGE_CURVE('',#2115,#4871,#4873,.T.);
#4871 = VERTEX_POINT('',#4872);
#4872 = CARTESIAN_POINT('',(11.277812921862,-33.99,25.85));
#4873 = LINE('',#4874,#4875);
#4874 = CARTESIAN_POINT('',(11.277812921862,-34.,25.85));
#4875 = VECTOR('',#4876,1.);
#4876 = DIRECTION('',(8.9E-16,1.,8.9E-16));
#4877 = ORIENTED_EDGE('',*,*,#4878,.T.);
#4878 = EDGE_CURVE('',#4871,#4824,#4879,.T.);
#4879 = CIRCLE('',#4880,2.);
#4880 = AXIS2_PLACEMENT_3D('',#4881,#4882,#4883);
#4881 = CARTESIAN_POINT('',(11.4,-33.99,23.853735909771));
#4882 = DIRECTION('',(-1.44E-15,-1.,-5.5E-16));
#4883 = DIRECTION('',(-6.109353906906E-02,-4.609979285534E-16,
    0.998132045114));
#4884 = ORIENTED_EDGE('',*,*,#4831,.F.);
#4885 = ORIENTED_EDGE('',*,*,#2122,.F.);
#4886 = CYLINDRICAL_SURFACE('',#4887,2.);
#4887 = AXIS2_PLACEMENT_3D('',#4888,#4889,#4890);
#4888 = CARTESIAN_POINT('',(11.4,-34.,23.853735909771));
#4889 = DIRECTION('',(-1.E-15,-1.,-1.06E-15));
#4890 = DIRECTION('',(1.,-1.E-15,-6.7E-16));
#4891 = ADVANCED_FACE('',(#4892),#4911,.F.);
#4892 = FACE_BOUND('',#4893,.F.);
#4893 = EDGE_LOOP('',(#4894,#4895,#4904,#4910));
#4894 = ORIENTED_EDGE('',*,*,#4855,.T.);
#4895 = ORIENTED_EDGE('',*,*,#4896,.T.);
#4896 = EDGE_CURVE('',#4848,#4897,#4899,.T.);
#4897 = VERTEX_POINT('',#4898);
#4898 = CARTESIAN_POINT('',(27.4,-33.99,19.85));
#4899 = CIRCLE('',#4900,2.);
#4900 = AXIS2_PLACEMENT_3D('',#4901,#4902,#4903);
#4901 = CARTESIAN_POINT('',(25.4,-33.99,19.85));
#4902 = DIRECTION('',(-1.44E-15,-1.,-5.5E-16));
#4903 = DIRECTION('',(-6.E-17,5.5E-16,-1.));
#4904 = ORIENTED_EDGE('',*,*,#4905,.F.);
#4905 = EDGE_CURVE('',#2089,#4897,#4906,.T.);
#4906 = LINE('',#4907,#4908);
#4907 = CARTESIAN_POINT('',(27.4,-34.,19.85));
#4908 = VECTOR('',#4909,1.);
#4909 = DIRECTION('',(8.9E-16,1.,8.9E-16));
#4910 = ORIENTED_EDGE('',*,*,#2088,.F.);
#4911 = CYLINDRICAL_SURFACE('',#4912,2.);
#4912 = AXIS2_PLACEMENT_3D('',#4913,#4914,#4915);
#4913 = CARTESIAN_POINT('',(25.4,-34.,19.85));
#4914 = DIRECTION('',(-1.E-15,-1.,-1.06E-15));
#4915 = DIRECTION('',(1.,-1.E-15,-6.7E-16));
#4916 = ADVANCED_FACE('',(#4917),#4935,.T.);
#4917 = FACE_BOUND('',#4918,.T.);
#4918 = EDGE_LOOP('',(#4919,#4920,#4928,#4934));
#4919 = ORIENTED_EDGE('',*,*,#4870,.T.);
#4920 = ORIENTED_EDGE('',*,*,#4921,.F.);
#4921 = EDGE_CURVE('',#4922,#4871,#4924,.T.);
#4922 = VERTEX_POINT('',#4923);
#4923 = CARTESIAN_POINT('',(25.4,-33.99,25.85));
#4924 = LINE('',#4925,#4926);
#4925 = CARTESIAN_POINT('',(25.4,-33.99,25.85));
#4926 = VECTOR('',#4927,1.);
#4927 = DIRECTION('',(-1.,1.44E-15,6.7E-16));
#4928 = ORIENTED_EDGE('',*,*,#4929,.F.);
#4929 = EDGE_CURVE('',#2106,#4922,#4930,.T.);
#4930 = LINE('',#4931,#4932);
#4931 = CARTESIAN_POINT('',(25.4,-34.,25.85));
#4932 = VECTOR('',#4933,1.);
#4933 = DIRECTION('',(8.9E-16,1.,8.9E-16));
#4934 = ORIENTED_EDGE('',*,*,#2114,.F.);
#4935 = PLANE('',#4936);
#4936 = AXIS2_PLACEMENT_3D('',#4937,#4938,#4939);
#4937 = CARTESIAN_POINT('',(11.277812921862,-34.,25.85));
#4938 = DIRECTION('',(-3.3E-16,1.E-15,-1.));
#4939 = DIRECTION('',(1.,-1.22E-15,-3.3E-16));
#4940 = ADVANCED_FACE('',(#4941),#4959,.T.);
#4941 = FACE_BOUND('',#4942,.T.);
#4942 = EDGE_LOOP('',(#4943,#4951,#4957,#4958));
#4943 = ORIENTED_EDGE('',*,*,#4944,.T.);
#4944 = EDGE_CURVE('',#2098,#4945,#4947,.T.);
#4945 = VERTEX_POINT('',#4946);
#4946 = CARTESIAN_POINT('',(27.4,-33.99,23.85));
#4947 = LINE('',#4948,#4949);
#4948 = CARTESIAN_POINT('',(27.4,-34.,23.85));
#4949 = VECTOR('',#4950,1.);
#4950 = DIRECTION('',(8.9E-16,1.,8.9E-16));
#4951 = ORIENTED_EDGE('',*,*,#4952,.F.);
#4952 = EDGE_CURVE('',#4897,#4945,#4953,.T.);
#4953 = LINE('',#4954,#4955);
#4954 = CARTESIAN_POINT('',(27.4,-33.99,19.85));
#4955 = VECTOR('',#4956,1.);
#4956 = DIRECTION('',(5.E-16,-7.2E-16,1.));
#4957 = ORIENTED_EDGE('',*,*,#4905,.F.);
#4958 = ORIENTED_EDGE('',*,*,#2097,.F.);
#4959 = PLANE('',#4960);
#4960 = AXIS2_PLACEMENT_3D('',#4961,#4962,#4963);
#4961 = CARTESIAN_POINT('',(27.4,-34.,23.85));
#4962 = DIRECTION('',(-1.,1.11E-15,6.7E-16));
#4963 = DIRECTION('',(-6.7E-16,1.17E-15,-1.));
#4964 = ADVANCED_FACE('',(#4965),#4977,.F.);
#4965 = FACE_BOUND('',#4966,.F.);
#4966 = EDGE_LOOP('',(#4967,#4968,#4975,#4976));
#4967 = ORIENTED_EDGE('',*,*,#4944,.T.);
#4968 = ORIENTED_EDGE('',*,*,#4969,.T.);
#4969 = EDGE_CURVE('',#4945,#4922,#4970,.T.);
#4970 = CIRCLE('',#4971,2.);
#4971 = AXIS2_PLACEMENT_3D('',#4972,#4973,#4974);
#4972 = CARTESIAN_POINT('',(25.4,-33.99,23.85));
#4973 = DIRECTION('',(-1.44E-15,-1.,-5.5E-16));
#4974 = DIRECTION('',(1.,-1.44E-15,-2.2E-16));
#4975 = ORIENTED_EDGE('',*,*,#4929,.F.);
#4976 = ORIENTED_EDGE('',*,*,#2105,.F.);
#4977 = CYLINDRICAL_SURFACE('',#4978,2.);
#4978 = AXIS2_PLACEMENT_3D('',#4979,#4980,#4981);
#4979 = CARTESIAN_POINT('',(25.4,-34.,23.85));
#4980 = DIRECTION('',(-1.E-15,-1.,-1.06E-15));
#4981 = DIRECTION('',(1.,-1.E-15,-6.7E-16));
#4982 = ADVANCED_FACE('',(#4983),#5010,.F.);
#4983 = FACE_BOUND('',#4984,.F.);
#4984 = EDGE_LOOP('',(#4985,#4994,#4995,#5003));
#4985 = ORIENTED_EDGE('',*,*,#4986,.F.);
#4986 = EDGE_CURVE('',#2210,#4987,#4989,.T.);
#4987 = VERTEX_POINT('',#4988);
#4988 = CARTESIAN_POINT('',(41.296727994126,-33.21,17.977726385981));
#4989 = PARABOLA('',#4990,1.277597077181E-02);
#4990 = AXIS2_PLACEMENT_3D('',#4991,#4992,#4993);
#4991 = CARTESIAN_POINT('',(42.009439265667,-31.22806795113,
    19.86540620401));
#4992 = DIRECTION('',(-0.369414811438,0.707106781187,-0.60293672727));
#4993 = DIRECTION('',(-0.369414811438,-0.707106781187,-0.60293672727));
#4994 = ORIENTED_EDGE('',*,*,#2209,.T.);
#4995 = ORIENTED_EDGE('',*,*,#4996,.T.);
#4996 = EDGE_CURVE('',#2212,#4997,#4999,.T.);
#4997 = VERTEX_POINT('',#4998);
#4998 = CARTESIAN_POINT('',(40.,-33.21,19.85));
#4999 = LINE('',#5000,#5001);
#5000 = CARTESIAN_POINT('',(40.,-33.21,19.85));
#5001 = VECTOR('',#5002,1.);
#5002 = DIRECTION('',(0.707106781187,0.707106781187,-6.828932188135E-16)
  );
#5003 = ORIENTED_EDGE('',*,*,#5004,.F.);
#5004 = EDGE_CURVE('',#4987,#4997,#5005,.T.);
#5005 = CIRCLE('',#5006,2.);
#5006 = AXIS2_PLACEMENT_3D('',#5007,#5008,#5009);
#5007 = CARTESIAN_POINT('',(42.,-33.21,19.85));
#5008 = DIRECTION('',(2.E-15,1.,1.11E-15));
#5009 = DIRECTION('',(-0.351636002937,1.742383861655E-15,-0.93613680701)
  );
#5010 = CONICAL_SURFACE('',#5011,2.,0.785398163397);
#5011 = AXIS2_PLACEMENT_3D('',#5012,#5013,#5014);
#5012 = CARTESIAN_POINT('',(42.,-33.21,19.85));
#5013 = DIRECTION('',(-1.89E-15,-1.,-1.06E-15));
#5014 = DIRECTION('',(-0.351636002937,1.656897060982E-15,-0.93613680701)
  );
#5015 = ADVANCED_FACE('',(#5016),#5034,.F.);
#5016 = FACE_BOUND('',#5017,.F.);
#5017 = EDGE_LOOP('',(#5018,#5026,#5027,#5028));
#5018 = ORIENTED_EDGE('',*,*,#5019,.F.);
#5019 = EDGE_CURVE('',#2221,#5020,#5022,.T.);
#5020 = VERTEX_POINT('',#5021);
#5021 = CARTESIAN_POINT('',(52.720365053562,-33.21,10.978549624341));
#5022 = LINE('',#5023,#5024);
#5023 = CARTESIAN_POINT('',(52.720365053562,-33.21,10.978549624341));
#5024 = VECTOR('',#5025,1.);
#5025 = DIRECTION('',(0.369414811438,0.707106781187,0.60293672727));
#5026 = ORIENTED_EDGE('',*,*,#2220,.T.);
#5027 = ORIENTED_EDGE('',*,*,#4986,.T.);
#5028 = ORIENTED_EDGE('',*,*,#5029,.F.);
#5029 = EDGE_CURVE('',#5020,#4987,#5030,.T.);
#5030 = LINE('',#5031,#5032);
#5031 = CARTESIAN_POINT('',(52.720365053562,-33.21,10.978549624341));
#5032 = VECTOR('',#5033,1.);
#5033 = DIRECTION('',(-0.852681296957,8.575685635234E-16,0.522431436477)
  );
#5034 = PLANE('',#5035);
#5035 = AXIS2_PLACEMENT_3D('',#5036,#5037,#5038);
#5036 = CARTESIAN_POINT('',(52.514004636154,-33.605,10.641740512043));
#5037 = DIRECTION('',(-0.369414811438,0.707106781187,-0.60293672727));
#5038 = DIRECTION('',(-0.852681296957,9.763696467673E-16,0.522431436477)
  );
#5039 = ADVANCED_FACE('',(#5040),#5058,.F.);
#5040 = FACE_BOUND('',#5041,.F.);
#5041 = EDGE_LOOP('',(#5042,#5043,#5044,#5052));
#5042 = ORIENTED_EDGE('',*,*,#4996,.F.);
#5043 = ORIENTED_EDGE('',*,*,#2288,.T.);
#5044 = ORIENTED_EDGE('',*,*,#5045,.T.);
#5045 = EDGE_CURVE('',#2280,#5046,#5048,.T.);
#5046 = VERTEX_POINT('',#5047);
#5047 = CARTESIAN_POINT('',(40.,-33.21,23.842337929272));
#5048 = LINE('',#5049,#5050);
#5049 = CARTESIAN_POINT('',(39.605,-33.605,23.842337929272));
#5050 = VECTOR('',#5051,1.);
#5051 = DIRECTION('',(0.707106781187,0.707106781187,-2.893218813453E-18)
  );
#5052 = ORIENTED_EDGE('',*,*,#5053,.F.);
#5053 = EDGE_CURVE('',#4997,#5046,#5054,.T.);
#5054 = LINE('',#5055,#5056);
#5055 = CARTESIAN_POINT('',(40.,-33.21,19.85));
#5056 = VECTOR('',#5057,1.);
#5057 = DIRECTION('',(5.E-16,-7.2E-16,1.));
#5058 = PLANE('',#5059);
#5059 = AXIS2_PLACEMENT_3D('',#5060,#5061,#5062);
#5060 = CARTESIAN_POINT('',(39.605,-33.605,19.85));
#5061 = DIRECTION('',(-0.707106781187,0.707106781187,1.037106781187E-15)
  );
#5062 = DIRECTION('',(6.233452377916E-16,-8.433452377916E-16,1.));
#5063 = ADVANCED_FACE('',(#5064),#5083,.F.);
#5064 = FACE_BOUND('',#5065,.F.);
#5065 = EDGE_LOOP('',(#5066,#5074,#5075,#5076));
#5066 = ORIENTED_EDGE('',*,*,#5067,.F.);
#5067 = EDGE_CURVE('',#2229,#5068,#5070,.T.);
#5068 = VERTEX_POINT('',#5069);
#5069 = CARTESIAN_POINT('',(56.899816545375,-33.21,9.8));
#5070 = LINE('',#5071,#5072);
#5071 = CARTESIAN_POINT('',(56.899816545375,-33.605,9.405));
#5072 = VECTOR('',#5073,1.);
#5073 = DIRECTION('',(1.3E-15,0.707106781187,0.707106781187));
#5074 = ORIENTED_EDGE('',*,*,#2228,.T.);
#5075 = ORIENTED_EDGE('',*,*,#5019,.T.);
#5076 = ORIENTED_EDGE('',*,*,#5077,.F.);
#5077 = EDGE_CURVE('',#5068,#5020,#5078,.T.);
#5078 = CIRCLE('',#5079,8.);
#5079 = AXIS2_PLACEMENT_3D('',#5080,#5081,#5082);
#5080 = CARTESIAN_POINT('',(56.899816545375,-33.21,17.8));
#5081 = DIRECTION('',(2.E-15,1.,1.11E-15));
#5082 = DIRECTION('',(-9.4E-16,1.11E-15,-1.));
#5083 = CONICAL_SURFACE('',#5084,8.,0.785398163397);
#5084 = AXIS2_PLACEMENT_3D('',#5085,#5086,#5087);
#5085 = CARTESIAN_POINT('',(56.899816545375,-33.21,17.8));
#5086 = DIRECTION('',(-1.89E-15,-1.,-1.06E-15));
#5087 = DIRECTION('',(-9.4E-16,1.06E-15,-1.));
#5088 = ADVANCED_FACE('',(#5089),#5108,.F.);
#5089 = FACE_BOUND('',#5090,.F.);
#5090 = EDGE_LOOP('',(#5091,#5092,#5093,#5101));
#5091 = ORIENTED_EDGE('',*,*,#5045,.F.);
#5092 = ORIENTED_EDGE('',*,*,#2279,.T.);
#5093 = ORIENTED_EDGE('',*,*,#5094,.T.);
#5094 = EDGE_CURVE('',#2272,#5095,#5097,.T.);
#5095 = VERTEX_POINT('',#5096);
#5096 = CARTESIAN_POINT('',(42.,-33.21,25.842337929272));
#5097 = LINE('',#5098,#5099);
#5098 = CARTESIAN_POINT('',(42.,-33.21,25.842337929272));
#5099 = VECTOR('',#5100,1.);
#5100 = DIRECTION('',(1.18E-15,0.707106781187,-0.707106781187));
#5101 = ORIENTED_EDGE('',*,*,#5102,.F.);
#5102 = EDGE_CURVE('',#5046,#5095,#5103,.T.);
#5103 = CIRCLE('',#5104,2.);
#5104 = AXIS2_PLACEMENT_3D('',#5105,#5106,#5107);
#5105 = CARTESIAN_POINT('',(42.,-33.21,23.842337929272));
#5106 = DIRECTION('',(2.E-15,1.,1.11E-15));
#5107 = DIRECTION('',(-1.,2.E-15,2.2E-16));
#5108 = CONICAL_SURFACE('',#5109,2.,0.785398163397);
#5109 = AXIS2_PLACEMENT_3D('',#5110,#5111,#5112);
#5110 = CARTESIAN_POINT('',(42.,-33.21,23.842337929272));
#5111 = DIRECTION('',(-1.89E-15,-1.,-1.06E-15));
#5112 = DIRECTION('',(-1.,1.89E-15,2.2E-16));
#5113 = ADVANCED_FACE('',(#5114),#5132,.F.);
#5114 = FACE_BOUND('',#5115,.F.);
#5115 = EDGE_LOOP('',(#5116,#5124,#5125,#5126));
#5116 = ORIENTED_EDGE('',*,*,#5117,.F.);
#5117 = EDGE_CURVE('',#2238,#5118,#5120,.T.);
#5118 = VERTEX_POINT('',#5119);
#5119 = CARTESIAN_POINT('',(65.2,-33.21,9.8));
#5120 = LINE('',#5121,#5122);
#5121 = CARTESIAN_POINT('',(65.2,-33.21,9.8));
#5122 = VECTOR('',#5123,1.);
#5123 = DIRECTION('',(1.33E-15,0.707106781187,0.707106781187));
#5124 = ORIENTED_EDGE('',*,*,#2237,.T.);
#5125 = ORIENTED_EDGE('',*,*,#5067,.T.);
#5126 = ORIENTED_EDGE('',*,*,#5127,.F.);
#5127 = EDGE_CURVE('',#5118,#5068,#5128,.T.);
#5128 = LINE('',#5129,#5130);
#5129 = CARTESIAN_POINT('',(65.2,-33.21,9.8));
#5130 = VECTOR('',#5131,1.);
#5131 = DIRECTION('',(-1.,1.44E-15,6.7E-16));
#5132 = PLANE('',#5133);
#5133 = AXIS2_PLACEMENT_3D('',#5134,#5135,#5136);
#5134 = CARTESIAN_POINT('',(65.2,-33.605,9.405));
#5135 = DIRECTION('',(7.8E-16,0.707106781187,-0.707106781187));
#5136 = DIRECTION('',(-1.,1.606543289326E-15,5.034567106745E-16));
#5137 = ADVANCED_FACE('',(#5138),#5156,.F.);
#5138 = FACE_BOUND('',#5139,.F.);
#5139 = EDGE_LOOP('',(#5140,#5141,#5142,#5150));
#5140 = ORIENTED_EDGE('',*,*,#5094,.F.);
#5141 = ORIENTED_EDGE('',*,*,#2271,.T.);
#5142 = ORIENTED_EDGE('',*,*,#5143,.T.);
#5143 = EDGE_CURVE('',#2263,#5144,#5146,.T.);
#5144 = VERTEX_POINT('',#5145);
#5145 = CARTESIAN_POINT('',(65.122395984261,-33.21,25.842337929272));
#5146 = LINE('',#5147,#5148);
#5147 = CARTESIAN_POINT('',(65.122395984261,-33.605,26.237337929272));
#5148 = VECTOR('',#5149,1.);
#5149 = DIRECTION('',(5.9E-16,0.707106781187,-0.707106781187));
#5150 = ORIENTED_EDGE('',*,*,#5151,.F.);
#5151 = EDGE_CURVE('',#5095,#5144,#5152,.T.);
#5152 = LINE('',#5153,#5154);
#5153 = CARTESIAN_POINT('',(42.,-33.21,25.842337929272));
#5154 = VECTOR('',#5155,1.);
#5155 = DIRECTION('',(1.,-1.44E-15,-6.7E-16));
#5156 = PLANE('',#5157);
#5157 = AXIS2_PLACEMENT_3D('',#5158,#5159,#5160);
#5158 = CARTESIAN_POINT('',(42.,-33.605,26.237337929272));
#5159 = DIRECTION('',(1.55E-15,0.707106781187,0.707106781187));
#5160 = DIRECTION('',(1.,-1.486015510839E-15,-7.060155108391E-16));
#5161 = ADVANCED_FACE('',(#5162),#5181,.F.);
#5162 = FACE_BOUND('',#5163,.F.);
#5163 = EDGE_LOOP('',(#5164,#5172,#5173,#5174));
#5164 = ORIENTED_EDGE('',*,*,#5165,.F.);
#5165 = EDGE_CURVE('',#2246,#5166,#5168,.T.);
#5166 = VERTEX_POINT('',#5167);
#5167 = CARTESIAN_POINT('',(67.2,-33.21,11.8));
#5168 = LINE('',#5169,#5170);
#5169 = CARTESIAN_POINT('',(67.595,-33.605,11.8));
#5170 = VECTOR('',#5171,1.);
#5171 = DIRECTION('',(-0.707106781187,0.707106781187,9.471067811865E-16)
  );
#5172 = ORIENTED_EDGE('',*,*,#2245,.T.);
#5173 = ORIENTED_EDGE('',*,*,#5117,.T.);
#5174 = ORIENTED_EDGE('',*,*,#5175,.F.);
#5175 = EDGE_CURVE('',#5166,#5118,#5176,.T.);
#5176 = CIRCLE('',#5177,2.);
#5177 = AXIS2_PLACEMENT_3D('',#5178,#5179,#5180);
#5178 = CARTESIAN_POINT('',(65.2,-33.21,11.8));
#5179 = DIRECTION('',(2.E-15,1.,1.11E-15));
#5180 = DIRECTION('',(1.,-2.E-15,-1.11E-15));
#5181 = CONICAL_SURFACE('',#5182,2.,0.785398163397);
#5182 = AXIS2_PLACEMENT_3D('',#5183,#5184,#5185);
#5183 = CARTESIAN_POINT('',(65.2,-33.21,11.8));
#5184 = DIRECTION('',(-1.89E-15,-1.,-1.06E-15));
#5185 = DIRECTION('',(1.,-1.89E-15,-1.11E-15));
#5186 = ADVANCED_FACE('',(#5187),#5206,.F.);
#5187 = FACE_BOUND('',#5188,.F.);
#5188 = EDGE_LOOP('',(#5189,#5190,#5191,#5199));
#5189 = ORIENTED_EDGE('',*,*,#5143,.F.);
#5190 = ORIENTED_EDGE('',*,*,#2262,.T.);
#5191 = ORIENTED_EDGE('',*,*,#5192,.T.);
#5192 = EDGE_CURVE('',#2255,#5193,#5195,.T.);
#5193 = VERTEX_POINT('',#5194);
#5194 = CARTESIAN_POINT('',(67.2,-33.21,23.843844092218));
#5195 = LINE('',#5196,#5197);
#5196 = CARTESIAN_POINT('',(67.2,-33.21,23.843844092218));
#5197 = VECTOR('',#5198,1.);
#5198 = DIRECTION('',(-0.707106781187,0.707106781187,8.771067811865E-16)
  );
#5199 = ORIENTED_EDGE('',*,*,#5200,.F.);
#5200 = EDGE_CURVE('',#5144,#5193,#5201,.T.);
#5201 = CIRCLE('',#5202,2.);
#5202 = AXIS2_PLACEMENT_3D('',#5203,#5204,#5205);
#5203 = CARTESIAN_POINT('',(65.2,-33.21,23.843844092218));
#5204 = DIRECTION('',(2.E-15,1.,1.11E-15));
#5205 = DIRECTION('',(-3.880200786942E-02,-1.031560063826E-15,
    0.999246918527));
#5206 = CONICAL_SURFACE('',#5207,2.,0.785398163397);
#5207 = AXIS2_PLACEMENT_3D('',#5208,#5209,#5210);
#5208 = CARTESIAN_POINT('',(65.2,-33.21,23.843844092218));
#5209 = DIRECTION('',(-1.89E-15,-1.,-1.06E-15));
#5210 = DIRECTION('',(-3.880200786942E-02,-9.858659387652E-16,
    0.999246918527));
#5211 = ADVANCED_FACE('',(#5212),#5223,.F.);
#5212 = FACE_BOUND('',#5213,.F.);
#5213 = EDGE_LOOP('',(#5214,#5215,#5216,#5217));
#5214 = ORIENTED_EDGE('',*,*,#5192,.F.);
#5215 = ORIENTED_EDGE('',*,*,#2254,.T.);
#5216 = ORIENTED_EDGE('',*,*,#5165,.T.);
#5217 = ORIENTED_EDGE('',*,*,#5218,.F.);
#5218 = EDGE_CURVE('',#5193,#5166,#5219,.T.);
#5219 = LINE('',#5220,#5221);
#5220 = CARTESIAN_POINT('',(67.2,-33.21,23.843844092218));
#5221 = VECTOR('',#5222,1.);
#5222 = DIRECTION('',(-5.E-16,7.2E-16,-1.));
#5223 = PLANE('',#5224);
#5224 = AXIS2_PLACEMENT_3D('',#5225,#5226,#5227);
#5225 = CARTESIAN_POINT('',(67.595,-33.605,23.843844092218));
#5226 = DIRECTION('',(0.707106781187,0.707106781187,-8.028932188134E-16)
  );
#5227 = DIRECTION('',(-1.177731239592E-15,4.226876040831E-17,-1.));
#5228 = ADVANCED_FACE('',(#5229),#5240,.F.);
#5229 = FACE_BOUND('',#5230,.T.);
#5230 = EDGE_LOOP('',(#5231,#5237,#5238,#5239));
#5231 = ORIENTED_EDGE('',*,*,#5232,.F.);
#5232 = EDGE_CURVE('',#2297,#3003,#5233,.T.);
#5233 = LINE('',#5234,#5235);
#5234 = CARTESIAN_POINT('',(23.84,-32.01,15.6505));
#5235 = VECTOR('',#5236,1.);
#5236 = DIRECTION('',(-0.149069358149,0.988826742388,6.1E-16));
#5237 = ORIENTED_EDGE('',*,*,#2296,.T.);
#5238 = ORIENTED_EDGE('',*,*,#5232,.T.);
#5239 = ORIENTED_EDGE('',*,*,#3010,.F.);
#5240 = CONICAL_SURFACE('',#5241,0.7,0.149627048213);
#5241 = AXIS2_PLACEMENT_3D('',#5242,#5243,#5244);
#5242 = CARTESIAN_POINT('',(23.14,-32.01,15.6505));
#5243 = DIRECTION('',(-2.22E-15,-1.,-6.7E-16));
#5244 = DIRECTION('',(1.,-2.22E-15,2.54E-15));
#5245 = ADVANCED_FACE('',(#5246),#5257,.F.);
#5246 = FACE_BOUND('',#5247,.T.);
#5247 = EDGE_LOOP('',(#5248,#5254,#5255,#5256));
#5248 = ORIENTED_EDGE('',*,*,#5249,.F.);
#5249 = EDGE_CURVE('',#2308,#3028,#5250,.T.);
#5250 = LINE('',#5251,#5252);
#5251 = CARTESIAN_POINT('',(26.14,-32.01,15.6505));
#5252 = VECTOR('',#5253,1.);
#5253 = DIRECTION('',(-0.149069358149,0.988826742388,6.1E-16));
#5254 = ORIENTED_EDGE('',*,*,#2307,.T.);
#5255 = ORIENTED_EDGE('',*,*,#5249,.T.);
#5256 = ORIENTED_EDGE('',*,*,#3035,.F.);
#5257 = CONICAL_SURFACE('',#5258,0.7,0.149627048213);
#5258 = AXIS2_PLACEMENT_3D('',#5259,#5260,#5261);
#5259 = CARTESIAN_POINT('',(25.44,-32.01,15.6505));
#5260 = DIRECTION('',(-2.22E-15,-1.,-6.7E-16));
#5261 = DIRECTION('',(1.,-2.22E-15,2.54E-15));
#5262 = ADVANCED_FACE('',(#5263),#5274,.F.);
#5263 = FACE_BOUND('',#5264,.T.);
#5264 = EDGE_LOOP('',(#5265,#5271,#5272,#5273));
#5265 = ORIENTED_EDGE('',*,*,#5266,.F.);
#5266 = EDGE_CURVE('',#2319,#3247,#5267,.T.);
#5267 = LINE('',#5268,#5269);
#5268 = CARTESIAN_POINT('',(28.44,-32.01,15.6505));
#5269 = VECTOR('',#5270,1.);
#5270 = DIRECTION('',(-0.149069358149,0.988826742388,6.6E-16));
#5271 = ORIENTED_EDGE('',*,*,#2318,.T.);
#5272 = ORIENTED_EDGE('',*,*,#5266,.T.);
#5273 = ORIENTED_EDGE('',*,*,#3254,.F.);
#5274 = CONICAL_SURFACE('',#5275,0.7,0.149627048213);
#5275 = AXIS2_PLACEMENT_3D('',#5276,#5277,#5278);
#5276 = CARTESIAN_POINT('',(27.74,-32.01,15.6505));
#5277 = DIRECTION('',(-2.22E-15,-1.,-6.7E-16));
#5278 = DIRECTION('',(1.,-2.22E-15,0.));
#5279 = ADVANCED_FACE('',(#5280),#5313,.F.);
#5280 = FACE_BOUND('',#5281,.F.);
#5281 = EDGE_LOOP('',(#5282,#5290,#5298,#5306,#5312));
#5282 = ORIENTED_EDGE('',*,*,#5283,.T.);
#5283 = EDGE_CURVE('',#2495,#5284,#5286,.T.);
#5284 = VERTEX_POINT('',#5285);
#5285 = CARTESIAN_POINT('',(73.4,-10.5,35.1));
#5286 = LINE('',#5287,#5288);
#5287 = CARTESIAN_POINT('',(73.,-10.5,35.1));
#5288 = VECTOR('',#5289,1.);
#5289 = DIRECTION('',(1.,-1.33E-15,-5.E-16));
#5290 = ORIENTED_EDGE('',*,*,#5291,.T.);
#5291 = EDGE_CURVE('',#5284,#5292,#5294,.T.);
#5292 = VERTEX_POINT('',#5293);
#5293 = CARTESIAN_POINT('',(74.4,-10.5,34.1));
#5294 = LINE('',#5295,#5296);
#5295 = CARTESIAN_POINT('',(73.55,-10.5,34.95));
#5296 = VECTOR('',#5297,1.);
#5297 = DIRECTION('',(0.707106781187,5.513203435596E-16,-0.707106781187)
  );
#5298 = ORIENTED_EDGE('',*,*,#5299,.T.);
#5299 = EDGE_CURVE('',#5292,#5300,#5302,.T.);
#5300 = VERTEX_POINT('',#5301);
#5301 = CARTESIAN_POINT('',(74.4,-10.5,32.6));
#5302 = LINE('',#5303,#5304);
#5303 = CARTESIAN_POINT('',(74.4,-10.5,35.1));
#5304 = VECTOR('',#5305,1.);
#5305 = DIRECTION('',(1.7E-16,2.11E-15,-1.));
#5306 = ORIENTED_EDGE('',*,*,#5307,.F.);
#5307 = EDGE_CURVE('',#2497,#5300,#5308,.T.);
#5308 = LINE('',#5309,#5310);
#5309 = CARTESIAN_POINT('',(73.,-10.5,32.6));
#5310 = VECTOR('',#5311,1.);
#5311 = DIRECTION('',(1.,-1.33E-15,-5.E-16));
#5312 = ORIENTED_EDGE('',*,*,#2494,.F.);
#5313 = PLANE('',#5314);
#5314 = AXIS2_PLACEMENT_3D('',#5315,#5316,#5317);
#5315 = CARTESIAN_POINT('',(73.,-10.5,35.1));
#5316 = DIRECTION('',(8.9E-16,1.,1.89E-15));
#5317 = DIRECTION('',(1.7E-16,1.89E-15,-1.));
#5318 = ADVANCED_FACE('',(#5319),#5337,.F.);
#5319 = FACE_BOUND('',#5320,.F.);
#5320 = EDGE_LOOP('',(#5321,#5322,#5330,#5336));
#5321 = ORIENTED_EDGE('',*,*,#5307,.T.);
#5322 = ORIENTED_EDGE('',*,*,#5323,.T.);
#5323 = EDGE_CURVE('',#5300,#5324,#5326,.T.);
#5324 = VERTEX_POINT('',#5325);
#5325 = CARTESIAN_POINT('',(74.4,-21.5,32.6));
#5326 = LINE('',#5327,#5328);
#5327 = CARTESIAN_POINT('',(74.4,-10.5,32.6));
#5328 = VECTOR('',#5329,1.);
#5329 = DIRECTION('',(-8.9E-16,-1.,-1.89E-15));
#5330 = ORIENTED_EDGE('',*,*,#5331,.F.);
#5331 = EDGE_CURVE('',#2513,#5324,#5332,.T.);
#5332 = LINE('',#5333,#5334);
#5333 = CARTESIAN_POINT('',(73.,-21.5,32.6));
#5334 = VECTOR('',#5335,1.);
#5335 = DIRECTION('',(1.,-1.33E-15,-5.E-16));
#5336 = ORIENTED_EDGE('',*,*,#2520,.F.);
#5337 = PLANE('',#5338);
#5338 = AXIS2_PLACEMENT_3D('',#5339,#5340,#5341);
#5339 = CARTESIAN_POINT('',(73.,-10.5,32.6));
#5340 = DIRECTION('',(1.7E-16,2.11E-15,-1.));
#5341 = DIRECTION('',(-8.9E-16,-1.,-2.11E-15));
#5342 = ADVANCED_FACE('',(#5343),#5369,.F.);
#5343 = FACE_BOUND('',#5344,.F.);
#5344 = EDGE_LOOP('',(#5345,#5353,#5354,#5355,#5363));
#5345 = ORIENTED_EDGE('',*,*,#5346,.F.);
#5346 = EDGE_CURVE('',#2505,#5347,#5349,.T.);
#5347 = VERTEX_POINT('',#5348);
#5348 = CARTESIAN_POINT('',(73.4,-21.5,35.1));
#5349 = LINE('',#5350,#5351);
#5350 = CARTESIAN_POINT('',(73.,-21.5,35.1));
#5351 = VECTOR('',#5352,1.);
#5352 = DIRECTION('',(1.,-1.33E-15,-5.E-16));
#5353 = ORIENTED_EDGE('',*,*,#2512,.F.);
#5354 = ORIENTED_EDGE('',*,*,#5331,.T.);
#5355 = ORIENTED_EDGE('',*,*,#5356,.T.);
#5356 = EDGE_CURVE('',#5324,#5357,#5359,.T.);
#5357 = VERTEX_POINT('',#5358);
#5358 = CARTESIAN_POINT('',(74.4,-21.5,34.1));
#5359 = LINE('',#5360,#5361);
#5360 = CARTESIAN_POINT('',(74.4,-21.5,32.6));
#5361 = VECTOR('',#5362,1.);
#5362 = DIRECTION('',(-1.7E-16,-2.11E-15,1.));
#5363 = ORIENTED_EDGE('',*,*,#5364,.F.);
#5364 = EDGE_CURVE('',#5347,#5357,#5365,.T.);
#5365 = LINE('',#5366,#5367);
#5366 = CARTESIAN_POINT('',(74.175,-21.5,34.325));
#5367 = VECTOR('',#5368,1.);
#5368 = DIRECTION('',(0.707106781187,5.513203435596E-16,-0.707106781187)
  );
#5369 = PLANE('',#5370);
#5370 = AXIS2_PLACEMENT_3D('',#5371,#5372,#5373);
#5371 = CARTESIAN_POINT('',(73.,-21.5,32.6));
#5372 = DIRECTION('',(-8.9E-16,-1.,-1.89E-15));
#5373 = DIRECTION('',(-1.7E-16,-1.89E-15,1.));
#5374 = ADVANCED_FACE('',(#5375),#5386,.F.);
#5375 = FACE_BOUND('',#5376,.F.);
#5376 = EDGE_LOOP('',(#5377,#5378,#5384,#5385));
#5377 = ORIENTED_EDGE('',*,*,#5346,.T.);
#5378 = ORIENTED_EDGE('',*,*,#5379,.T.);
#5379 = EDGE_CURVE('',#5347,#5284,#5380,.T.);
#5380 = LINE('',#5381,#5382);
#5381 = CARTESIAN_POINT('',(73.4,-21.5,35.1));
#5382 = VECTOR('',#5383,1.);
#5383 = DIRECTION('',(8.9E-16,1.,1.89E-15));
#5384 = ORIENTED_EDGE('',*,*,#5283,.F.);
#5385 = ORIENTED_EDGE('',*,*,#2504,.F.);
#5386 = PLANE('',#5387);
#5387 = AXIS2_PLACEMENT_3D('',#5388,#5389,#5390);
#5388 = CARTESIAN_POINT('',(73.,-21.5,35.1));
#5389 = DIRECTION('',(-1.7E-16,-2.11E-15,1.));
#5390 = DIRECTION('',(8.9E-16,1.,2.11E-15));
#5391 = ADVANCED_FACE('',(#5392),#5425,.F.);
#5392 = FACE_BOUND('',#5393,.F.);
#5393 = EDGE_LOOP('',(#5394,#5402,#5410,#5418,#5424));
#5394 = ORIENTED_EDGE('',*,*,#5395,.T.);
#5395 = EDGE_CURVE('',#2553,#5396,#5398,.T.);
#5396 = VERTEX_POINT('',#5397);
#5397 = CARTESIAN_POINT('',(0.6,-21.5,35.1));
#5398 = LINE('',#5399,#5400);
#5399 = CARTESIAN_POINT('',(1.,-21.5,35.1));
#5400 = VECTOR('',#5401,1.);
#5401 = DIRECTION('',(-1.,1.22E-15,6.1E-16));
#5402 = ORIENTED_EDGE('',*,*,#5403,.T.);
#5403 = EDGE_CURVE('',#5396,#5404,#5406,.T.);
#5404 = VERTEX_POINT('',#5405);
#5405 = CARTESIAN_POINT('',(-0.4,-21.5,34.1));
#5406 = LINE('',#5407,#5408);
#5407 = CARTESIAN_POINT('',(0.45,-21.5,34.95));
#5408 = VECTOR('',#5409,1.);
#5409 = DIRECTION('',(-0.707106781187,2.51132034356E-15,-0.707106781187)
  );
#5410 = ORIENTED_EDGE('',*,*,#5411,.T.);
#5411 = EDGE_CURVE('',#5404,#5412,#5414,.T.);
#5412 = VERTEX_POINT('',#5413);
#5413 = CARTESIAN_POINT('',(-0.4,-21.5,32.6));
#5414 = LINE('',#5415,#5416);
#5415 = CARTESIAN_POINT('',(-0.4,-21.5,35.1));
#5416 = VECTOR('',#5417,1.);
#5417 = DIRECTION('',(1.7E-16,2.78E-15,-1.));
#5418 = ORIENTED_EDGE('',*,*,#5419,.F.);
#5419 = EDGE_CURVE('',#2555,#5412,#5420,.T.);
#5420 = LINE('',#5421,#5422);
#5421 = CARTESIAN_POINT('',(1.,-21.5,32.6));
#5422 = VECTOR('',#5423,1.);
#5423 = DIRECTION('',(-1.,1.22E-15,6.1E-16));
#5424 = ORIENTED_EDGE('',*,*,#2552,.F.);
#5425 = PLANE('',#5426);
#5426 = AXIS2_PLACEMENT_3D('',#5427,#5428,#5429);
#5427 = CARTESIAN_POINT('',(1.,-21.5,35.1));
#5428 = DIRECTION('',(-7.8E-16,-1.,-2.11E-15));
#5429 = DIRECTION('',(-6.E-17,2.11E-15,-1.));
#5430 = ADVANCED_FACE('',(#5431),#5449,.F.);
#5431 = FACE_BOUND('',#5432,.F.);
#5432 = EDGE_LOOP('',(#5433,#5434,#5442,#5448));
#5433 = ORIENTED_EDGE('',*,*,#5419,.T.);
#5434 = ORIENTED_EDGE('',*,*,#5435,.T.);
#5435 = EDGE_CURVE('',#5412,#5436,#5438,.T.);
#5436 = VERTEX_POINT('',#5437);
#5437 = CARTESIAN_POINT('',(-0.4,-10.5,32.6));
#5438 = LINE('',#5439,#5440);
#5439 = CARTESIAN_POINT('',(-0.4,-21.5,32.6));
#5440 = VECTOR('',#5441,1.);
#5441 = DIRECTION('',(2.2E-16,1.,2.56E-15));
#5442 = ORIENTED_EDGE('',*,*,#5443,.F.);
#5443 = EDGE_CURVE('',#2571,#5436,#5444,.T.);
#5444 = LINE('',#5445,#5446);
#5445 = CARTESIAN_POINT('',(1.,-10.5,32.6));
#5446 = VECTOR('',#5447,1.);
#5447 = DIRECTION('',(-1.,1.22E-15,6.1E-16));
#5448 = ORIENTED_EDGE('',*,*,#2578,.F.);
#5449 = PLANE('',#5450);
#5450 = AXIS2_PLACEMENT_3D('',#5451,#5452,#5453);
#5451 = CARTESIAN_POINT('',(1.,-21.5,32.6));
#5452 = DIRECTION('',(6.E-17,2.33E-15,-1.));
#5453 = DIRECTION('',(4.4E-16,1.,2.33E-15));
#5454 = ADVANCED_FACE('',(#5455),#5481,.F.);
#5455 = FACE_BOUND('',#5456,.F.);
#5456 = EDGE_LOOP('',(#5457,#5465,#5466,#5467,#5475));
#5457 = ORIENTED_EDGE('',*,*,#5458,.F.);
#5458 = EDGE_CURVE('',#2563,#5459,#5461,.T.);
#5459 = VERTEX_POINT('',#5460);
#5460 = CARTESIAN_POINT('',(0.6,-10.5,35.1));
#5461 = LINE('',#5462,#5463);
#5462 = CARTESIAN_POINT('',(1.,-10.5,35.1));
#5463 = VECTOR('',#5464,1.);
#5464 = DIRECTION('',(-1.,1.22E-15,6.1E-16));
#5465 = ORIENTED_EDGE('',*,*,#2570,.F.);
#5466 = ORIENTED_EDGE('',*,*,#5443,.T.);
#5467 = ORIENTED_EDGE('',*,*,#5468,.T.);
#5468 = EDGE_CURVE('',#5436,#5469,#5471,.T.);
#5469 = VERTEX_POINT('',#5470);
#5470 = CARTESIAN_POINT('',(-0.4,-10.5,34.1));
#5471 = LINE('',#5472,#5473);
#5472 = CARTESIAN_POINT('',(-0.4,-10.5,32.6));
#5473 = VECTOR('',#5474,1.);
#5474 = DIRECTION('',(-1.7E-16,-2.78E-15,1.));
#5475 = ORIENTED_EDGE('',*,*,#5476,.F.);
#5476 = EDGE_CURVE('',#5459,#5469,#5477,.T.);
#5477 = LINE('',#5478,#5479);
#5478 = CARTESIAN_POINT('',(-0.175,-10.5,34.325));
#5479 = VECTOR('',#5480,1.);
#5480 = DIRECTION('',(-0.707106781187,2.51132034356E-15,-0.707106781187)
  );
#5481 = PLANE('',#5482);
#5482 = AXIS2_PLACEMENT_3D('',#5483,#5484,#5485);
#5483 = CARTESIAN_POINT('',(1.,-10.5,32.6));
#5484 = DIRECTION('',(7.8E-16,1.,2.11E-15));
#5485 = DIRECTION('',(6.E-17,-2.11E-15,1.));
#5486 = ADVANCED_FACE('',(#5487),#5498,.F.);
#5487 = FACE_BOUND('',#5488,.F.);
#5488 = EDGE_LOOP('',(#5489,#5490,#5496,#5497));
#5489 = ORIENTED_EDGE('',*,*,#5458,.T.);
#5490 = ORIENTED_EDGE('',*,*,#5491,.T.);
#5491 = EDGE_CURVE('',#5459,#5396,#5492,.T.);
#5492 = LINE('',#5493,#5494);
#5493 = CARTESIAN_POINT('',(0.6,-10.5,35.1));
#5494 = VECTOR('',#5495,1.);
#5495 = DIRECTION('',(-4.4E-16,-1.,-2.11E-15));
#5496 = ORIENTED_EDGE('',*,*,#5395,.F.);
#5497 = ORIENTED_EDGE('',*,*,#2562,.F.);
#5498 = PLANE('',#5499);
#5499 = AXIS2_PLACEMENT_3D('',#5500,#5501,#5502);
#5500 = CARTESIAN_POINT('',(1.,-10.5,35.1));
#5501 = DIRECTION('',(-6.E-17,-2.33E-15,1.));
#5502 = DIRECTION('',(-4.4E-16,-1.,-2.33E-15));
#5503 = ADVANCED_FACE('',(#5504,#5574),#5584,.F.);
#5504 = FACE_BOUND('',#5505,.F.);
#5505 = EDGE_LOOP('',(#5506,#5516,#5525,#5533,#5542,#5550,#5559,#5567));
#5506 = ORIENTED_EDGE('',*,*,#5507,.F.);
#5507 = EDGE_CURVE('',#5508,#5510,#5512,.T.);
#5508 = VERTEX_POINT('',#5509);
#5509 = CARTESIAN_POINT('',(11.400000000082,-33.2,18.64));
#5510 = VERTEX_POINT('',#5511);
#5511 = CARTESIAN_POINT('',(25.4,-33.2,18.64));
#5512 = LINE('',#5513,#5514);
#5513 = CARTESIAN_POINT('',(11.400000000082,-33.2,18.64));
#5514 = VECTOR('',#5515,1.);
#5515 = DIRECTION('',(1.,-1.44E-15,-6.7E-16));
#5516 = ORIENTED_EDGE('',*,*,#5517,.F.);
#5517 = EDGE_CURVE('',#5518,#5508,#5520,.T.);
#5518 = VERTEX_POINT('',#5519);
#5519 = CARTESIAN_POINT('',(10.19,-33.2,19.85));
#5520 = CIRCLE('',#5521,1.21);
#5521 = AXIS2_PLACEMENT_3D('',#5522,#5523,#5524);
#5522 = CARTESIAN_POINT('',(11.4,-33.2,19.85));
#5523 = DIRECTION('',(-1.44E-15,-1.,-5.5E-16));
#5524 = DIRECTION('',(-1.,1.44E-15,1.55E-15));
#5525 = ORIENTED_EDGE('',*,*,#5526,.F.);
#5526 = EDGE_CURVE('',#5527,#5518,#5529,.T.);
#5527 = VERTEX_POINT('',#5528);
#5528 = CARTESIAN_POINT('',(10.19,-33.2,23.853735909771));
#5529 = LINE('',#5530,#5531);
#5530 = CARTESIAN_POINT('',(10.19,-33.2,23.853735909771));
#5531 = VECTOR('',#5532,1.);
#5532 = DIRECTION('',(-5.E-16,7.2E-16,-1.));
#5533 = ORIENTED_EDGE('',*,*,#5534,.F.);
#5534 = EDGE_CURVE('',#5535,#5527,#5537,.T.);
#5535 = VERTEX_POINT('',#5536);
#5536 = CARTESIAN_POINT('',(11.277812921862,-33.2,25.06));
#5537 = CIRCLE('',#5538,1.21);
#5538 = AXIS2_PLACEMENT_3D('',#5539,#5540,#5541);
#5539 = CARTESIAN_POINT('',(11.4,-33.2,23.853735909771));
#5540 = DIRECTION('',(-1.44E-15,-1.,-5.5E-16));
#5541 = DIRECTION('',(-6.109353906906E-02,-4.609979285534E-16,
    0.998132045114));
#5542 = ORIENTED_EDGE('',*,*,#5543,.F.);
#5543 = EDGE_CURVE('',#5544,#5535,#5546,.T.);
#5544 = VERTEX_POINT('',#5545);
#5545 = CARTESIAN_POINT('',(25.4,-33.2,25.06));
#5546 = LINE('',#5547,#5548);
#5547 = CARTESIAN_POINT('',(25.4,-33.2,25.06));
#5548 = VECTOR('',#5549,1.);
#5549 = DIRECTION('',(-1.,1.44E-15,6.7E-16));
#5550 = ORIENTED_EDGE('',*,*,#5551,.F.);
#5551 = EDGE_CURVE('',#5552,#5544,#5554,.T.);
#5552 = VERTEX_POINT('',#5553);
#5553 = CARTESIAN_POINT('',(26.61,-33.2,23.85));
#5554 = CIRCLE('',#5555,1.21);
#5555 = AXIS2_PLACEMENT_3D('',#5556,#5557,#5558);
#5556 = CARTESIAN_POINT('',(25.4,-33.2,23.85));
#5557 = DIRECTION('',(-1.44E-15,-1.,-5.5E-16));
#5558 = DIRECTION('',(1.,-1.44E-15,-2.2E-16));
#5559 = ORIENTED_EDGE('',*,*,#5560,.F.);
#5560 = EDGE_CURVE('',#5561,#5552,#5563,.T.);
#5561 = VERTEX_POINT('',#5562);
#5562 = CARTESIAN_POINT('',(26.61,-33.2,19.85));
#5563 = LINE('',#5564,#5565);
#5564 = CARTESIAN_POINT('',(26.61,-33.2,19.85));
#5565 = VECTOR('',#5566,1.);
#5566 = DIRECTION('',(5.E-16,-7.2E-16,1.));
#5567 = ORIENTED_EDGE('',*,*,#5568,.F.);
#5568 = EDGE_CURVE('',#5510,#5561,#5569,.T.);
#5569 = CIRCLE('',#5570,1.21);
#5570 = AXIS2_PLACEMENT_3D('',#5571,#5572,#5573);
#5571 = CARTESIAN_POINT('',(25.4,-33.2,19.85));
#5572 = DIRECTION('',(-1.44E-15,-1.,-5.5E-16));
#5573 = DIRECTION('',(-6.E-17,5.5E-16,-1.));
#5574 = FACE_BOUND('',#5575,.F.);
#5575 = EDGE_LOOP('',(#5576,#5577,#5578,#5579,#5580,#5581,#5582,#5583));
#5576 = ORIENTED_EDGE('',*,*,#3084,.T.);
#5577 = ORIENTED_EDGE('',*,*,#3052,.T.);
#5578 = ORIENTED_EDGE('',*,*,#3108,.T.);
#5579 = ORIENTED_EDGE('',*,*,#3157,.T.);
#5580 = ORIENTED_EDGE('',*,*,#3205,.T.);
#5581 = ORIENTED_EDGE('',*,*,#3229,.T.);
#5582 = ORIENTED_EDGE('',*,*,#3181,.T.);
#5583 = ORIENTED_EDGE('',*,*,#3132,.T.);
#5584 = PLANE('',#5585);
#5585 = AXIS2_PLACEMENT_3D('',#5586,#5587,#5588);
#5586 = CARTESIAN_POINT('',(40.781419478592,-33.2,20.032429817254));
#5587 = DIRECTION('',(6.7E-16,1.,9.4E-16));
#5588 = DIRECTION('',(-2.2E-16,-9.4E-16,1.));
#5589 = ADVANCED_FACE('',(#5590),#5615,.F.);
#5590 = FACE_BOUND('',#5591,.T.);
#5591 = EDGE_LOOP('',(#5592,#5600,#5601,#5609));
#5592 = ORIENTED_EDGE('',*,*,#5593,.F.);
#5593 = EDGE_CURVE('',#3272,#5594,#5596,.T.);
#5594 = VERTEX_POINT('',#5595);
#5595 = CARTESIAN_POINT('',(39.11,-31.1,32.51));
#5596 = LINE('',#5597,#5598);
#5597 = CARTESIAN_POINT('',(37.87,-29.86,31.27));
#5598 = VECTOR('',#5599,1.);
#5599 = DIRECTION('',(-0.57735026919,0.57735026919,-0.57735026919));
#5600 = ORIENTED_EDGE('',*,*,#3279,.T.);
#5601 = ORIENTED_EDGE('',*,*,#5602,.T.);
#5602 = EDGE_CURVE('',#3280,#5603,#5605,.T.);
#5603 = VERTEX_POINT('',#5604);
#5604 = CARTESIAN_POINT('',(39.11,-31.1,15.29));
#5605 = LINE('',#5606,#5607);
#5606 = CARTESIAN_POINT('',(36.536666666667,-28.52666666666,
    17.863333333333));
#5607 = VECTOR('',#5608,1.);
#5608 = DIRECTION('',(-0.57735026919,0.57735026919,0.57735026919));
#5609 = ORIENTED_EDGE('',*,*,#5610,.F.);
#5610 = EDGE_CURVE('',#5594,#5603,#5611,.T.);
#5611 = LINE('',#5612,#5613);
#5612 = CARTESIAN_POINT('',(39.11,-31.1,33.4));
#5613 = VECTOR('',#5614,1.);
#5614 = DIRECTION('',(-7.2E-16,1.11E-15,-1.));
#5615 = PLANE('',#5616);
#5616 = AXIS2_PLACEMENT_3D('',#5617,#5618,#5619);
#5617 = CARTESIAN_POINT('',(39.555,-31.545,33.4));
#5618 = DIRECTION('',(-0.707106781187,-0.707106781187,
    -4.671067811865E-16));
#5619 = DIRECTION('',(5.897056274848E-16,-1.250294372515E-15,1.));
#5620 = ADVANCED_FACE('',(#5621),#5639,.F.);
#5621 = FACE_BOUND('',#5622,.T.);
#5622 = EDGE_LOOP('',(#5623,#5631,#5632,#5633));
#5623 = ORIENTED_EDGE('',*,*,#5624,.F.);
#5624 = EDGE_CURVE('',#3303,#5625,#5627,.T.);
#5625 = VERTEX_POINT('',#5626);
#5626 = CARTESIAN_POINT('',(29.89,-31.1,32.51));
#5627 = LINE('',#5628,#5629);
#5628 = CARTESIAN_POINT('',(32.463333333333,-28.52666666666,
    29.936666666667));
#5629 = VECTOR('',#5630,1.);
#5630 = DIRECTION('',(0.57735026919,0.57735026919,-0.57735026919));
#5631 = ORIENTED_EDGE('',*,*,#3310,.T.);
#5632 = ORIENTED_EDGE('',*,*,#5593,.T.);
#5633 = ORIENTED_EDGE('',*,*,#5634,.F.);
#5634 = EDGE_CURVE('',#5625,#5594,#5635,.T.);
#5635 = LINE('',#5636,#5637);
#5636 = CARTESIAN_POINT('',(29.,-31.1,32.51));
#5637 = VECTOR('',#5638,1.);
#5638 = DIRECTION('',(1.,-2.E-15,-8.9E-16));
#5639 = PLANE('',#5640);
#5640 = AXIS2_PLACEMENT_3D('',#5641,#5642,#5643);
#5641 = CARTESIAN_POINT('',(29.,-31.545,32.955));
#5642 = DIRECTION('',(-1.67E-15,-0.707106781187,-0.707106781187));
#5643 = DIRECTION('',(-1.,1.735868324582E-15,6.258683245815E-16));
#5644 = ADVANCED_FACE('',(#5645),#5663,.F.);
#5645 = FACE_BOUND('',#5646,.T.);
#5646 = EDGE_LOOP('',(#5647,#5648,#5649,#5657));
#5647 = ORIENTED_EDGE('',*,*,#5602,.F.);
#5648 = ORIENTED_EDGE('',*,*,#3327,.T.);
#5649 = ORIENTED_EDGE('',*,*,#5650,.T.);
#5650 = EDGE_CURVE('',#3328,#5651,#5653,.T.);
#5651 = VERTEX_POINT('',#5652);
#5652 = CARTESIAN_POINT('',(29.89,-31.1,15.29));
#5653 = LINE('',#5654,#5655);
#5654 = CARTESIAN_POINT('',(31.13,-29.86,16.53));
#5655 = VECTOR('',#5656,1.);
#5656 = DIRECTION('',(0.57735026919,0.57735026919,0.57735026919));
#5657 = ORIENTED_EDGE('',*,*,#5658,.F.);
#5658 = EDGE_CURVE('',#5603,#5651,#5659,.T.);
#5659 = LINE('',#5660,#5661);
#5660 = CARTESIAN_POINT('',(40.,-31.1,15.29));
#5661 = VECTOR('',#5662,1.);
#5662 = DIRECTION('',(-1.,2.E-15,8.9E-16));
#5663 = PLANE('',#5664);
#5664 = AXIS2_PLACEMENT_3D('',#5665,#5666,#5667);
#5665 = CARTESIAN_POINT('',(40.,-31.545,14.845));
#5666 = DIRECTION('',(-6.3E-16,-0.707106781187,0.707106781187));
#5667 = DIRECTION('',(1.,-1.890477272148E-15,-9.995227278525E-16));
#5668 = ADVANCED_FACE('',(#5669),#5680,.F.);
#5669 = FACE_BOUND('',#5670,.T.);
#5670 = EDGE_LOOP('',(#5671,#5672,#5673,#5674));
#5671 = ORIENTED_EDGE('',*,*,#5650,.F.);
#5672 = ORIENTED_EDGE('',*,*,#3351,.T.);
#5673 = ORIENTED_EDGE('',*,*,#5624,.T.);
#5674 = ORIENTED_EDGE('',*,*,#5675,.F.);
#5675 = EDGE_CURVE('',#5651,#5625,#5676,.T.);
#5676 = LINE('',#5677,#5678);
#5677 = CARTESIAN_POINT('',(29.89,-31.1,14.4));
#5678 = VECTOR('',#5679,1.);
#5679 = DIRECTION('',(7.2E-16,-1.11E-15,1.));
#5680 = PLANE('',#5681);
#5681 = AXIS2_PLACEMENT_3D('',#5682,#5683,#5684);
#5682 = CARTESIAN_POINT('',(29.445,-31.545,14.4));
#5683 = DIRECTION('',(0.707106781187,-0.707106781187,-1.287106781187E-15
    ));
#5684 = DIRECTION('',(-7.151219330882E-16,1.105121933088E-15,-1.));
#5685 = ADVANCED_FACE('',(#5686,#5773,#5783,#5853),#5863,.F.);
#5686 = FACE_BOUND('',#5687,.F.);
#5687 = EDGE_LOOP('',(#5688,#5698,#5707,#5715,#5724,#5732,#5741,#5749,
    #5758,#5766));
#5688 = ORIENTED_EDGE('',*,*,#5689,.T.);
#5689 = EDGE_CURVE('',#5690,#5692,#5694,.T.);
#5690 = VERTEX_POINT('',#5691);
#5691 = CARTESIAN_POINT('',(67.2,-33.2,23.843844092218));
#5692 = VERTEX_POINT('',#5693);
#5693 = CARTESIAN_POINT('',(67.2,-33.2,11.8));
#5694 = LINE('',#5695,#5696);
#5695 = CARTESIAN_POINT('',(67.2,-33.2,23.843844092218));
#5696 = VECTOR('',#5697,1.);
#5697 = DIRECTION('',(0.,1.28E-15,-1.));
#5698 = ORIENTED_EDGE('',*,*,#5699,.F.);
#5699 = EDGE_CURVE('',#5700,#5692,#5702,.T.);
#5700 = VERTEX_POINT('',#5701);
#5701 = CARTESIAN_POINT('',(65.2,-33.2,9.8));
#5702 = CIRCLE('',#5703,2.);
#5703 = AXIS2_PLACEMENT_3D('',#5704,#5705,#5706);
#5704 = CARTESIAN_POINT('',(65.2,-33.2,11.8));
#5705 = DIRECTION('',(-1.E-15,-1.,-1.28E-15));
#5706 = DIRECTION('',(1.,-1.E-15,-5.E-16));
#5707 = ORIENTED_EDGE('',*,*,#5708,.T.);
#5708 = EDGE_CURVE('',#5700,#5709,#5711,.T.);
#5709 = VERTEX_POINT('',#5710);
#5710 = CARTESIAN_POINT('',(56.899816545375,-33.2,9.8));
#5711 = LINE('',#5712,#5713);
#5712 = CARTESIAN_POINT('',(65.2,-33.2,9.8));
#5713 = VECTOR('',#5714,1.);
#5714 = DIRECTION('',(-1.,1.E-15,5.E-16));
#5715 = ORIENTED_EDGE('',*,*,#5716,.F.);
#5716 = EDGE_CURVE('',#5717,#5709,#5719,.T.);
#5717 = VERTEX_POINT('',#5718);
#5718 = CARTESIAN_POINT('',(52.720365053562,-33.2,10.978549624341));
#5719 = CIRCLE('',#5720,8.);
#5720 = AXIS2_PLACEMENT_3D('',#5721,#5722,#5723);
#5721 = CARTESIAN_POINT('',(56.899816545375,-33.2,17.8));
#5722 = DIRECTION('',(-1.E-15,-1.,-1.28E-15));
#5723 = DIRECTION('',(1.,-1.E-15,-5.E-16));
#5724 = ORIENTED_EDGE('',*,*,#5725,.T.);
#5725 = EDGE_CURVE('',#5717,#5726,#5728,.T.);
#5726 = VERTEX_POINT('',#5727);
#5727 = CARTESIAN_POINT('',(41.296727994126,-33.2,17.977726385981));
#5728 = LINE('',#5729,#5730);
#5729 = CARTESIAN_POINT('',(52.720365053562,-33.2,10.978549624341));
#5730 = VECTOR('',#5731,1.);
#5731 = DIRECTION('',(-0.852681296957,1.851371270467E-16,0.522431436477)
  );
#5732 = ORIENTED_EDGE('',*,*,#5733,.F.);
#5733 = EDGE_CURVE('',#5734,#5726,#5736,.T.);
#5734 = VERTEX_POINT('',#5735);
#5735 = CARTESIAN_POINT('',(40.,-33.2,19.85));
#5736 = CIRCLE('',#5737,2.);
#5737 = AXIS2_PLACEMENT_3D('',#5738,#5739,#5740);
#5738 = CARTESIAN_POINT('',(42.,-33.2,19.85));
#5739 = DIRECTION('',(-1.E-15,-1.,-1.28E-15));
#5740 = DIRECTION('',(1.,-1.E-15,-5.E-16));
#5741 = ORIENTED_EDGE('',*,*,#5742,.T.);
#5742 = EDGE_CURVE('',#5734,#5743,#5745,.T.);
#5743 = VERTEX_POINT('',#5744);
#5744 = CARTESIAN_POINT('',(40.,-33.2,23.842337929272));
#5745 = LINE('',#5746,#5747);
#5746 = CARTESIAN_POINT('',(40.,-33.2,19.85));
#5747 = VECTOR('',#5748,1.);
#5748 = DIRECTION('',(0.,-1.28E-15,1.));
#5749 = ORIENTED_EDGE('',*,*,#5750,.F.);
#5750 = EDGE_CURVE('',#5751,#5743,#5753,.T.);
#5751 = VERTEX_POINT('',#5752);
#5752 = CARTESIAN_POINT('',(42.,-33.2,25.842337929272));
#5753 = CIRCLE('',#5754,2.);
#5754 = AXIS2_PLACEMENT_3D('',#5755,#5756,#5757);
#5755 = CARTESIAN_POINT('',(42.,-33.2,23.842337929272));
#5756 = DIRECTION('',(-1.E-15,-1.,-1.28E-15));
#5757 = DIRECTION('',(1.,-1.E-15,-5.E-16));
#5758 = ORIENTED_EDGE('',*,*,#5759,.T.);
#5759 = EDGE_CURVE('',#5751,#5760,#5762,.T.);
#5760 = VERTEX_POINT('',#5761);
#5761 = CARTESIAN_POINT('',(65.122395984261,-33.2,25.842337929272));
#5762 = LINE('',#5763,#5764);
#5763 = CARTESIAN_POINT('',(42.,-33.2,25.842337929272));
#5764 = VECTOR('',#5765,1.);
#5765 = DIRECTION('',(1.,-1.E-15,-5.E-16));
#5766 = ORIENTED_EDGE('',*,*,#5767,.F.);
#5767 = EDGE_CURVE('',#5690,#5760,#5768,.T.);
#5768 = CIRCLE('',#5769,2.);
#5769 = AXIS2_PLACEMENT_3D('',#5770,#5771,#5772);
#5770 = CARTESIAN_POINT('',(65.2,-33.2,23.843844092218));
#5771 = DIRECTION('',(-1.E-15,-1.,-1.28E-15));
#5772 = DIRECTION('',(1.,-1.E-15,-5.E-16));
#5773 = FACE_BOUND('',#5774,.F.);
#5774 = EDGE_LOOP('',(#5775,#5776,#5777,#5778,#5779,#5780,#5781,#5782));
#5775 = ORIENTED_EDGE('',*,*,#3399,.T.);
#5776 = ORIENTED_EDGE('',*,*,#3367,.T.);
#5777 = ORIENTED_EDGE('',*,*,#3423,.T.);
#5778 = ORIENTED_EDGE('',*,*,#3472,.T.);
#5779 = ORIENTED_EDGE('',*,*,#3520,.T.);
#5780 = ORIENTED_EDGE('',*,*,#3544,.T.);
#5781 = ORIENTED_EDGE('',*,*,#3496,.T.);
#5782 = ORIENTED_EDGE('',*,*,#3447,.T.);
#5783 = FACE_BOUND('',#5784,.F.);
#5784 = EDGE_LOOP('',(#5785,#5795,#5804,#5812,#5821,#5829,#5838,#5846));
#5785 = ORIENTED_EDGE('',*,*,#5786,.T.);
#5786 = EDGE_CURVE('',#5787,#5789,#5791,.T.);
#5787 = VERTEX_POINT('',#5788);
#5788 = CARTESIAN_POINT('',(62.8,-33.2,16.2));
#5789 = VERTEX_POINT('',#5790);
#5790 = CARTESIAN_POINT('',(55.4,-33.2,16.2));
#5791 = LINE('',#5792,#5793);
#5792 = CARTESIAN_POINT('',(51.790709739296,-33.2,16.2));
#5793 = VECTOR('',#5794,1.);
#5794 = DIRECTION('',(-1.,1.11E-15,8.9E-16));
#5795 = ORIENTED_EDGE('',*,*,#5796,.T.);
#5796 = EDGE_CURVE('',#5789,#5797,#5799,.T.);
#5797 = VERTEX_POINT('',#5798);
#5798 = CARTESIAN_POINT('',(54.4,-33.2,15.2));
#5799 = CIRCLE('',#5800,1.);
#5800 = AXIS2_PLACEMENT_3D('',#5801,#5802,#5803);
#5801 = CARTESIAN_POINT('',(55.4,-33.2,15.2));
#5802 = DIRECTION('',(-1.55E-15,-1.,-1.E-15));
#5803 = DIRECTION('',(1.,-1.55E-15,-8.9E-16));
#5804 = ORIENTED_EDGE('',*,*,#5805,.T.);
#5805 = EDGE_CURVE('',#5797,#5806,#5808,.T.);
#5806 = VERTEX_POINT('',#5807);
#5807 = CARTESIAN_POINT('',(54.4,-33.2,14.));
#5808 = LINE('',#5809,#5810);
#5809 = CARTESIAN_POINT('',(54.4,-33.2,17.616214908627));
#5810 = VECTOR('',#5811,1.);
#5811 = DIRECTION('',(-5.6E-16,8.3E-16,-1.));
#5812 = ORIENTED_EDGE('',*,*,#5813,.T.);
#5813 = EDGE_CURVE('',#5806,#5814,#5816,.T.);
#5814 = VERTEX_POINT('',#5815);
#5815 = CARTESIAN_POINT('',(55.4,-33.2,13.));
#5816 = CIRCLE('',#5817,1.);
#5817 = AXIS2_PLACEMENT_3D('',#5818,#5819,#5820);
#5818 = CARTESIAN_POINT('',(55.4,-33.2,14.));
#5819 = DIRECTION('',(-1.55E-15,-1.,-1.E-15));
#5820 = DIRECTION('',(1.,-1.55E-15,-8.9E-16));
#5821 = ORIENTED_EDGE('',*,*,#5822,.T.);
#5822 = EDGE_CURVE('',#5814,#5823,#5825,.T.);
#5823 = VERTEX_POINT('',#5824);
#5824 = CARTESIAN_POINT('',(62.8,-33.2,13.));
#5825 = LINE('',#5826,#5827);
#5826 = CARTESIAN_POINT('',(48.090709739296,-33.2,13.));
#5827 = VECTOR('',#5828,1.);
#5828 = DIRECTION('',(1.,-1.11E-15,-8.9E-16));
#5829 = ORIENTED_EDGE('',*,*,#5830,.T.);
#5830 = EDGE_CURVE('',#5823,#5831,#5833,.T.);
#5831 = VERTEX_POINT('',#5832);
#5832 = CARTESIAN_POINT('',(63.8,-33.2,14.));
#5833 = CIRCLE('',#5834,1.);
#5834 = AXIS2_PLACEMENT_3D('',#5835,#5836,#5837);
#5835 = CARTESIAN_POINT('',(62.8,-33.2,14.));
#5836 = DIRECTION('',(-1.55E-15,-1.,-1.E-15));
#5837 = DIRECTION('',(1.,-1.55E-15,-8.9E-16));
#5838 = ORIENTED_EDGE('',*,*,#5839,.T.);
#5839 = EDGE_CURVE('',#5831,#5840,#5842,.T.);
#5840 = VERTEX_POINT('',#5841);
#5841 = CARTESIAN_POINT('',(63.8,-33.2,15.2));
#5842 = LINE('',#5843,#5844);
#5843 = CARTESIAN_POINT('',(63.8,-33.2,17.016214908627));
#5844 = VECTOR('',#5845,1.);
#5845 = DIRECTION('',(5.6E-16,-8.3E-16,1.));
#5846 = ORIENTED_EDGE('',*,*,#5847,.T.);
#5847 = EDGE_CURVE('',#5840,#5787,#5848,.T.);
#5848 = CIRCLE('',#5849,1.);
#5849 = AXIS2_PLACEMENT_3D('',#5850,#5851,#5852);
#5850 = CARTESIAN_POINT('',(62.8,-33.2,15.2));
#5851 = DIRECTION('',(-1.55E-15,-1.,-1.E-15));
#5852 = DIRECTION('',(1.,-1.55E-15,-8.9E-16));
#5853 = FACE_BOUND('',#5854,.F.);
#5854 = EDGE_LOOP('',(#5855,#5856,#5857,#5858,#5859,#5860,#5861,#5862));
#5855 = ORIENTED_EDGE('',*,*,#3789,.T.);
#5856 = ORIENTED_EDGE('',*,*,#3757,.T.);
#5857 = ORIENTED_EDGE('',*,*,#3813,.T.);
#5858 = ORIENTED_EDGE('',*,*,#3862,.T.);
#5859 = ORIENTED_EDGE('',*,*,#3910,.T.);
#5860 = ORIENTED_EDGE('',*,*,#3934,.T.);
#5861 = ORIENTED_EDGE('',*,*,#3886,.T.);
#5862 = ORIENTED_EDGE('',*,*,#3837,.T.);
#5863 = PLANE('',#5864);
#5864 = AXIS2_PLACEMENT_3D('',#5865,#5866,#5867);
#5865 = CARTESIAN_POINT('',(40.781419478592,-33.2,20.032429817254));
#5866 = DIRECTION('',(6.7E-16,1.,9.4E-16));
#5867 = DIRECTION('',(-2.2E-16,-9.4E-16,1.));
#5868 = ADVANCED_FACE('',(#5869),#5885,.F.);
#5869 = FACE_BOUND('',#5870,.F.);
#5870 = EDGE_LOOP('',(#5871,#5877,#5878,#5884));
#5871 = ORIENTED_EDGE('',*,*,#5872,.F.);
#5872 = EDGE_CURVE('',#5787,#3571,#5873,.T.);
#5873 = LINE('',#5874,#5875);
#5874 = CARTESIAN_POINT('',(62.8,-34.,16.2));
#5875 = VECTOR('',#5876,1.);
#5876 = DIRECTION('',(8.9E-16,1.,1.67E-15));
#5877 = ORIENTED_EDGE('',*,*,#5847,.F.);
#5878 = ORIENTED_EDGE('',*,*,#5879,.T.);
#5879 = EDGE_CURVE('',#5840,#3562,#5880,.T.);
#5880 = LINE('',#5881,#5882);
#5881 = CARTESIAN_POINT('',(63.8,-34.,15.2));
#5882 = VECTOR('',#5883,1.);
#5883 = DIRECTION('',(8.9E-16,1.,1.67E-15));
#5884 = ORIENTED_EDGE('',*,*,#3578,.T.);
#5885 = CYLINDRICAL_SURFACE('',#5886,1.);
#5886 = AXIS2_PLACEMENT_3D('',#5887,#5888,#5889);
#5887 = CARTESIAN_POINT('',(62.8,-34.,15.2));
#5888 = DIRECTION('',(-8.9E-16,-1.,-1.67E-15));
#5889 = DIRECTION('',(1.,-8.9E-16,-5.E-16));
#5890 = ADVANCED_FACE('',(#5891),#5902,.F.);
#5891 = FACE_BOUND('',#5892,.F.);
#5892 = EDGE_LOOP('',(#5893,#5894,#5895,#5901));
#5893 = ORIENTED_EDGE('',*,*,#5879,.F.);
#5894 = ORIENTED_EDGE('',*,*,#5839,.F.);
#5895 = ORIENTED_EDGE('',*,*,#5896,.T.);
#5896 = EDGE_CURVE('',#5831,#3594,#5897,.T.);
#5897 = LINE('',#5898,#5899);
#5898 = CARTESIAN_POINT('',(63.8,-34.,14.));
#5899 = VECTOR('',#5900,1.);
#5900 = DIRECTION('',(8.9E-16,1.,1.67E-15));
#5901 = ORIENTED_EDGE('',*,*,#3603,.T.);
#5902 = PLANE('',#5903);
#5903 = AXIS2_PLACEMENT_3D('',#5904,#5905,#5906);
#5904 = CARTESIAN_POINT('',(63.8,-34.,14.));
#5905 = DIRECTION('',(1.,-1.33E-15,-5.E-16));
#5906 = DIRECTION('',(5.E-16,-1.89E-15,1.));
#5907 = ADVANCED_FACE('',(#5908),#5919,.F.);
#5908 = FACE_BOUND('',#5909,.F.);
#5909 = EDGE_LOOP('',(#5910,#5916,#5917,#5918));
#5910 = ORIENTED_EDGE('',*,*,#5911,.F.);
#5911 = EDGE_CURVE('',#5789,#3620,#5912,.T.);
#5912 = LINE('',#5913,#5914);
#5913 = CARTESIAN_POINT('',(55.4,-34.,16.2));
#5914 = VECTOR('',#5915,1.);
#5915 = DIRECTION('',(8.9E-16,1.,1.67E-15));
#5916 = ORIENTED_EDGE('',*,*,#5786,.F.);
#5917 = ORIENTED_EDGE('',*,*,#5872,.T.);
#5918 = ORIENTED_EDGE('',*,*,#3627,.T.);
#5919 = PLANE('',#5920);
#5920 = AXIS2_PLACEMENT_3D('',#5921,#5922,#5923);
#5921 = CARTESIAN_POINT('',(62.8,-34.,16.2));
#5922 = DIRECTION('',(-1.7E-16,-1.89E-15,1.));
#5923 = DIRECTION('',(-1.,1.33E-15,-1.7E-16));
#5924 = ADVANCED_FACE('',(#5925),#5936,.F.);
#5925 = FACE_BOUND('',#5926,.F.);
#5926 = EDGE_LOOP('',(#5927,#5928,#5929,#5935));
#5927 = ORIENTED_EDGE('',*,*,#5896,.F.);
#5928 = ORIENTED_EDGE('',*,*,#5830,.F.);
#5929 = ORIENTED_EDGE('',*,*,#5930,.T.);
#5930 = EDGE_CURVE('',#5823,#3642,#5931,.T.);
#5931 = LINE('',#5932,#5933);
#5932 = CARTESIAN_POINT('',(62.8,-34.,13.));
#5933 = VECTOR('',#5934,1.);
#5934 = DIRECTION('',(8.9E-16,1.,1.67E-15));
#5935 = ORIENTED_EDGE('',*,*,#3651,.T.);
#5936 = CYLINDRICAL_SURFACE('',#5937,1.);
#5937 = AXIS2_PLACEMENT_3D('',#5938,#5939,#5940);
#5938 = CARTESIAN_POINT('',(62.8,-34.,14.));
#5939 = DIRECTION('',(-8.9E-16,-1.,-1.67E-15));
#5940 = DIRECTION('',(1.,-8.9E-16,-5.E-16));
#5941 = ADVANCED_FACE('',(#5942),#5953,.F.);
#5942 = FACE_BOUND('',#5943,.F.);
#5943 = EDGE_LOOP('',(#5944,#5950,#5951,#5952));
#5944 = ORIENTED_EDGE('',*,*,#5945,.F.);
#5945 = EDGE_CURVE('',#5797,#3669,#5946,.T.);
#5946 = LINE('',#5947,#5948);
#5947 = CARTESIAN_POINT('',(54.4,-34.,15.2));
#5948 = VECTOR('',#5949,1.);
#5949 = DIRECTION('',(8.9E-16,1.,1.67E-15));
#5950 = ORIENTED_EDGE('',*,*,#5796,.F.);
#5951 = ORIENTED_EDGE('',*,*,#5911,.T.);
#5952 = ORIENTED_EDGE('',*,*,#3676,.T.);
#5953 = CYLINDRICAL_SURFACE('',#5954,1.);
#5954 = AXIS2_PLACEMENT_3D('',#5955,#5956,#5957);
#5955 = CARTESIAN_POINT('',(55.4,-34.,15.2));
#5956 = DIRECTION('',(-8.9E-16,-1.,-1.67E-15));
#5957 = DIRECTION('',(1.,-8.9E-16,-5.E-16));
#5958 = ADVANCED_FACE('',(#5959),#5970,.F.);
#5959 = FACE_BOUND('',#5960,.F.);
#5960 = EDGE_LOOP('',(#5961,#5962,#5963,#5969));
#5961 = ORIENTED_EDGE('',*,*,#5930,.F.);
#5962 = ORIENTED_EDGE('',*,*,#5822,.F.);
#5963 = ORIENTED_EDGE('',*,*,#5964,.T.);
#5964 = EDGE_CURVE('',#5814,#3692,#5965,.T.);
#5965 = LINE('',#5966,#5967);
#5966 = CARTESIAN_POINT('',(55.4,-34.,13.));
#5967 = VECTOR('',#5968,1.);
#5968 = DIRECTION('',(8.9E-16,1.,1.67E-15));
#5969 = ORIENTED_EDGE('',*,*,#3701,.T.);
#5970 = PLANE('',#5971);
#5971 = AXIS2_PLACEMENT_3D('',#5972,#5973,#5974);
#5972 = CARTESIAN_POINT('',(55.4,-34.,13.));
#5973 = DIRECTION('',(1.7E-16,1.89E-15,-1.));
#5974 = DIRECTION('',(1.,-1.33E-15,1.7E-16));
#5975 = ADVANCED_FACE('',(#5976),#5987,.F.);
#5976 = FACE_BOUND('',#5977,.F.);
#5977 = EDGE_LOOP('',(#5978,#5984,#5985,#5986));
#5978 = ORIENTED_EDGE('',*,*,#5979,.F.);
#5979 = EDGE_CURVE('',#5806,#3718,#5980,.T.);
#5980 = LINE('',#5981,#5982);
#5981 = CARTESIAN_POINT('',(54.4,-34.,14.));
#5982 = VECTOR('',#5983,1.);
#5983 = DIRECTION('',(8.9E-16,1.,1.67E-15));
#5984 = ORIENTED_EDGE('',*,*,#5805,.F.);
#5985 = ORIENTED_EDGE('',*,*,#5945,.T.);
#5986 = ORIENTED_EDGE('',*,*,#3725,.T.);
#5987 = PLANE('',#5988);
#5988 = AXIS2_PLACEMENT_3D('',#5989,#5990,#5991);
#5989 = CARTESIAN_POINT('',(54.4,-34.,15.2));
#5990 = DIRECTION('',(-1.,1.33E-15,5.E-16));
#5991 = DIRECTION('',(-5.E-16,1.89E-15,-1.));
#5992 = ADVANCED_FACE('',(#5993),#5999,.F.);
#5993 = FACE_BOUND('',#5994,.F.);
#5994 = EDGE_LOOP('',(#5995,#5996,#5997,#5998));
#5995 = ORIENTED_EDGE('',*,*,#5964,.F.);
#5996 = ORIENTED_EDGE('',*,*,#5813,.F.);
#5997 = ORIENTED_EDGE('',*,*,#5979,.T.);
#5998 = ORIENTED_EDGE('',*,*,#3742,.T.);
#5999 = CYLINDRICAL_SURFACE('',#6000,1.);
#6000 = AXIS2_PLACEMENT_3D('',#6001,#6002,#6003);
#6001 = CARTESIAN_POINT('',(55.4,-34.,14.));
#6002 = DIRECTION('',(-8.9E-16,-1.,-1.67E-15));
#6003 = DIRECTION('',(1.,-8.9E-16,-5.E-16));
#6004 = ADVANCED_FACE('',(#6005),#6016,.F.);
#6005 = FACE_BOUND('',#6006,.F.);
#6006 = EDGE_LOOP('',(#6007,#6008,#6014,#6015));
#6007 = ORIENTED_EDGE('',*,*,#3984,.F.);
#6008 = ORIENTED_EDGE('',*,*,#6009,.T.);
#6009 = EDGE_CURVE('',#3977,#4040,#6010,.T.);
#6010 = LINE('',#6011,#6012);
#6011 = CARTESIAN_POINT('',(7.4,-25.,18.45));
#6012 = VECTOR('',#6013,1.);
#6013 = DIRECTION('',(1.7E-16,2.11E-15,-1.));
#6014 = ORIENTED_EDGE('',*,*,#4039,.T.);
#6015 = ORIENTED_EDGE('',*,*,#4007,.F.);
#6016 = PLANE('',#6017);
#6017 = AXIS2_PLACEMENT_3D('',#6018,#6019,#6020);
#6018 = CARTESIAN_POINT('',(7.4,-25.,18.45));
#6019 = DIRECTION('',(8.9E-16,1.,1.89E-15));
#6020 = DIRECTION('',(-1.,8.9E-16,5.E-16));
#6021 = ADVANCED_FACE('',(#6022),#6033,.T.);
#6022 = FACE_BOUND('',#6023,.T.);
#6023 = EDGE_LOOP('',(#6024,#6025,#6026,#6027));
#6024 = ORIENTED_EDGE('',*,*,#3976,.T.);
#6025 = ORIENTED_EDGE('',*,*,#6009,.T.);
#6026 = ORIENTED_EDGE('',*,*,#4047,.T.);
#6027 = ORIENTED_EDGE('',*,*,#6028,.F.);
#6028 = EDGE_CURVE('',#3969,#4048,#6029,.T.);
#6029 = LINE('',#6030,#6031);
#6030 = CARTESIAN_POINT('',(7.4,-7.,18.45));
#6031 = VECTOR('',#6032,1.);
#6032 = DIRECTION('',(1.7E-16,2.11E-15,-1.));
#6033 = PLANE('',#6034);
#6034 = AXIS2_PLACEMENT_3D('',#6035,#6036,#6037);
#6035 = CARTESIAN_POINT('',(7.4,-16.,17.8));
#6036 = DIRECTION('',(1.,-1.33E-15,-5.E-16));
#6037 = DIRECTION('',(5.E-16,-2.11E-15,1.));
#6038 = ADVANCED_FACE('',(#6039),#6045,.F.);
#6039 = FACE_BOUND('',#6040,.F.);
#6040 = EDGE_LOOP('',(#6041,#6042,#6043,#6044));
#6041 = ORIENTED_EDGE('',*,*,#3968,.F.);
#6042 = ORIENTED_EDGE('',*,*,#4501,.T.);
#6043 = ORIENTED_EDGE('',*,*,#4055,.T.);
#6044 = ORIENTED_EDGE('',*,*,#6028,.F.);
#6045 = PLANE('',#6046);
#6046 = AXIS2_PLACEMENT_3D('',#6047,#6048,#6049);
#6047 = CARTESIAN_POINT('',(5.6,-7.,18.45));
#6048 = DIRECTION('',(-8.9E-16,-1.,-1.89E-15));
#6049 = DIRECTION('',(1.,-8.9E-16,-5.E-16));
#6050 = ADVANCED_FACE('',(#6051),#6062,.T.);
#6051 = FACE_BOUND('',#6052,.T.);
#6052 = EDGE_LOOP('',(#6053,#6054,#6055,#6056));
#6053 = ORIENTED_EDGE('',*,*,#4117,.F.);
#6054 = ORIENTED_EDGE('',*,*,#4462,.T.);
#6055 = ORIENTED_EDGE('',*,*,#4172,.T.);
#6056 = ORIENTED_EDGE('',*,*,#6057,.F.);
#6057 = EDGE_CURVE('',#4110,#4173,#6058,.T.);
#6058 = LINE('',#6059,#6060);
#6059 = CARTESIAN_POINT('',(69.6,-8.79,18.45));
#6060 = VECTOR('',#6061,1.);
#6061 = DIRECTION('',(1.7E-16,2.11E-15,-1.));
#6062 = PLANE('',#6063);
#6063 = AXIS2_PLACEMENT_3D('',#6064,#6065,#6066);
#6064 = CARTESIAN_POINT('',(70.495,-7.895,18.45));
#6065 = DIRECTION('',(-0.707106781187,0.707106781187,1.69132034356E-15)
  );
#6066 = DIRECTION('',(-5.594408408979E-17,2.33594408409E-15,-1.));
#6067 = ADVANCED_FACE('',(#6068),#6079,.F.);
#6068 = FACE_BOUND('',#6069,.F.);
#6069 = EDGE_LOOP('',(#6070,#6071,#6072,#6073));
#6070 = ORIENTED_EDGE('',*,*,#4180,.F.);
#6071 = ORIENTED_EDGE('',*,*,#6057,.F.);
#6072 = ORIENTED_EDGE('',*,*,#4109,.F.);
#6073 = ORIENTED_EDGE('',*,*,#6074,.T.);
#6074 = EDGE_CURVE('',#4102,#4181,#6075,.T.);
#6075 = LINE('',#6076,#6077);
#6076 = CARTESIAN_POINT('',(69.6,-23.21,18.45));
#6077 = VECTOR('',#6078,1.);
#6078 = DIRECTION('',(1.7E-16,2.11E-15,-1.));
#6079 = PLANE('',#6080);
#6080 = AXIS2_PLACEMENT_3D('',#6081,#6082,#6083);
#6081 = CARTESIAN_POINT('',(69.6,-16.,17.8));
#6082 = DIRECTION('',(1.,-1.33E-15,-5.E-16));
#6083 = DIRECTION('',(5.E-16,-2.11E-15,1.));
#6084 = ADVANCED_FACE('',(#6085),#6091,.T.);
#6085 = FACE_BOUND('',#6086,.F.);
#6086 = EDGE_LOOP('',(#6087,#6088,#6089,#6090));
#6087 = ORIENTED_EDGE('',*,*,#4101,.F.);
#6088 = ORIENTED_EDGE('',*,*,#4141,.T.);
#6089 = ORIENTED_EDGE('',*,*,#4188,.T.);
#6090 = ORIENTED_EDGE('',*,*,#6074,.F.);
#6091 = PLANE('',#6092);
#6092 = AXIS2_PLACEMENT_3D('',#6093,#6094,#6095);
#6093 = CARTESIAN_POINT('',(70.495,-24.105,18.45));
#6094 = DIRECTION('',(-0.707106781187,-0.707106781187,
    -9.813203435596E-16));
#6095 = DIRECTION('',(2.761017305527E-16,-1.663898269447E-15,1.));
#6096 = ADVANCED_FACE('',(#6097),#6108,.F.);
#6097 = FACE_BOUND('',#6098,.T.);
#6098 = EDGE_LOOP('',(#6099,#6100,#6101,#6102));
#6099 = ORIENTED_EDGE('',*,*,#4262,.F.);
#6100 = ORIENTED_EDGE('',*,*,#4277,.T.);
#6101 = ORIENTED_EDGE('',*,*,#4301,.T.);
#6102 = ORIENTED_EDGE('',*,*,#6103,.F.);
#6103 = EDGE_CURVE('',#4255,#4302,#6104,.T.);
#6104 = LINE('',#6105,#6106);
#6105 = CARTESIAN_POINT('',(74.4,-10.5,1.9));
#6106 = VECTOR('',#6107,1.);
#6107 = DIRECTION('',(-8.9E-16,-1.,-1.89E-15));
#6108 = PLANE('',#6109);
#6109 = AXIS2_PLACEMENT_3D('',#6110,#6111,#6112);
#6110 = CARTESIAN_POINT('',(73.9,-10.5,1.4));
#6111 = DIRECTION('',(0.707106781187,5.513203435596E-16,-0.707106781187)
  );
#6112 = DIRECTION('',(1.000157646463E-15,1.,1.779842353537E-15));
#6113 = ADVANCED_FACE('',(#6114),#6120,.F.);
#6114 = FACE_BOUND('',#6115,.F.);
#6115 = EDGE_LOOP('',(#6116,#6117,#6118,#6119));
#6116 = ORIENTED_EDGE('',*,*,#4254,.F.);
#6117 = ORIENTED_EDGE('',*,*,#4333,.F.);
#6118 = ORIENTED_EDGE('',*,*,#4309,.F.);
#6119 = ORIENTED_EDGE('',*,*,#6103,.F.);
#6120 = PLANE('',#6121);
#6121 = AXIS2_PLACEMENT_3D('',#6122,#6123,#6124);
#6122 = CARTESIAN_POINT('',(74.4,-16.,18.));
#6123 = DIRECTION('',(1.,-1.33E-15,-5.E-16));
#6124 = DIRECTION('',(5.E-16,-2.11E-15,1.));
#6125 = ADVANCED_FACE('',(#6126),#6137,.T.);
#6126 = FACE_BOUND('',#6127,.T.);
#6127 = EDGE_LOOP('',(#6128,#6129,#6130,#6131));
#6128 = ORIENTED_EDGE('',*,*,#4374,.F.);
#6129 = ORIENTED_EDGE('',*,*,#4413,.T.);
#6130 = ORIENTED_EDGE('',*,*,#4437,.T.);
#6131 = ORIENTED_EDGE('',*,*,#6132,.F.);
#6132 = EDGE_CURVE('',#4367,#4438,#6133,.T.);
#6133 = LINE('',#6134,#6135);
#6134 = CARTESIAN_POINT('',(-0.4,-21.5,1.9));
#6135 = VECTOR('',#6136,1.);
#6136 = DIRECTION('',(4.4E-16,1.,2.11E-15));
#6137 = PLANE('',#6138);
#6138 = AXIS2_PLACEMENT_3D('',#6139,#6140,#6141);
#6139 = CARTESIAN_POINT('',(9.999999999998E-02,-21.5,1.4));
#6140 = DIRECTION('',(0.707106781187,-2.27132034356E-15,0.707106781187)
  );
#6141 = DIRECTION('',(7.76066017178E-16,1.,2.436066017178E-15));
#6142 = ADVANCED_FACE('',(#6143),#6149,.T.);
#6143 = FACE_BOUND('',#6144,.T.);
#6144 = EDGE_LOOP('',(#6145,#6146,#6147,#6148));
#6145 = ORIENTED_EDGE('',*,*,#4366,.T.);
#6146 = ORIENTED_EDGE('',*,*,#6132,.T.);
#6147 = ORIENTED_EDGE('',*,*,#4445,.T.);
#6148 = ORIENTED_EDGE('',*,*,#4396,.T.);
#6149 = PLANE('',#6150);
#6150 = AXIS2_PLACEMENT_3D('',#6151,#6152,#6153);
#6151 = CARTESIAN_POINT('',(-0.4,-16.,18.));
#6152 = DIRECTION('',(1.,-8.9E-16,-7.2E-16));
#6153 = DIRECTION('',(8.9E-16,1.,1.89E-15));
#6154 = ADVANCED_FACE('',(#6155),#6166,.T.);
#6155 = FACE_BOUND('',#6156,.T.);
#6156 = EDGE_LOOP('',(#6157,#6158,#6159,#6160));
#6157 = ORIENTED_EDGE('',*,*,#4612,.F.);
#6158 = ORIENTED_EDGE('',*,*,#4572,.T.);
#6159 = ORIENTED_EDGE('',*,*,#4525,.T.);
#6160 = ORIENTED_EDGE('',*,*,#6161,.F.);
#6161 = EDGE_CURVE('',#4605,#4526,#6162,.T.);
#6162 = LINE('',#6163,#6164);
#6163 = CARTESIAN_POINT('',(56.,-0.6,22.5));
#6164 = VECTOR('',#6165,1.);
#6165 = DIRECTION('',(-1.,2.E-15,8.9E-16));
#6166 = PLANE('',#6167);
#6167 = AXIS2_PLACEMENT_3D('',#6168,#6169,#6170);
#6168 = CARTESIAN_POINT('',(56.,-0.35,22.75));
#6169 = DIRECTION('',(-5.8E-16,-0.707106781187,0.707106781187));
#6170 = DIRECTION('',(-1.,1.855121933088E-15,1.034878066912E-15));
#6171 = ADVANCED_FACE('',(#6172),#6183,.F.);
#6172 = FACE_BOUND('',#6173,.F.);
#6173 = EDGE_LOOP('',(#6174,#6175,#6176,#6177));
#6174 = ORIENTED_EDGE('',*,*,#4533,.F.);
#6175 = ORIENTED_EDGE('',*,*,#6161,.F.);
#6176 = ORIENTED_EDGE('',*,*,#4604,.F.);
#6177 = ORIENTED_EDGE('',*,*,#6178,.F.);
#6178 = EDGE_CURVE('',#4534,#4597,#6179,.T.);
#6179 = LINE('',#6180,#6181);
#6180 = CARTESIAN_POINT('',(54.4,-0.6,13.5));
#6181 = VECTOR('',#6182,1.);
#6182 = DIRECTION('',(1.,-2.E-15,-8.9E-16));
#6183 = PLANE('',#6184);
#6184 = AXIS2_PLACEMENT_3D('',#6185,#6186,#6187);
#6185 = CARTESIAN_POINT('',(37.,-0.6,18.));
#6186 = DIRECTION('',(8.9E-16,1.,1.89E-15));
#6187 = DIRECTION('',(-1.7E-16,-1.89E-15,1.));
#6188 = ADVANCED_FACE('',(#6189),#6195,.T.);
#6189 = FACE_BOUND('',#6190,.T.);
#6190 = EDGE_LOOP('',(#6191,#6192,#6193,#6194));
#6191 = ORIENTED_EDGE('',*,*,#4541,.F.);
#6192 = ORIENTED_EDGE('',*,*,#4629,.T.);
#6193 = ORIENTED_EDGE('',*,*,#4596,.T.);
#6194 = ORIENTED_EDGE('',*,*,#6178,.F.);
#6195 = PLANE('',#6196);
#6196 = AXIS2_PLACEMENT_3D('',#6197,#6198,#6199);
#6197 = CARTESIAN_POINT('',(54.4,-0.35,13.25));
#6198 = DIRECTION('',(-1.67E-15,-0.707106781187,-0.707106781187));
#6199 = DIRECTION('',(1.,-1.735868324582E-15,-6.258683245815E-16));
#6200 = ADVANCED_FACE('',(#6201),#6212,.T.);
#6201 = FACE_BOUND('',#6202,.T.);
#6202 = EDGE_LOOP('',(#6203,#6204,#6205,#6206));
#6203 = ORIENTED_EDGE('',*,*,#4740,.F.);
#6204 = ORIENTED_EDGE('',*,*,#4700,.T.);
#6205 = ORIENTED_EDGE('',*,*,#4653,.T.);
#6206 = ORIENTED_EDGE('',*,*,#6207,.F.);
#6207 = EDGE_CURVE('',#4733,#4654,#6208,.T.);
#6208 = LINE('',#6209,#6210);
#6209 = CARTESIAN_POINT('',(19.6,-0.6,22.5));
#6210 = VECTOR('',#6211,1.);
#6211 = DIRECTION('',(-1.,2.E-15,8.9E-16));
#6212 = PLANE('',#6213);
#6213 = AXIS2_PLACEMENT_3D('',#6214,#6215,#6216);
#6214 = CARTESIAN_POINT('',(19.6,-0.35,22.75));
#6215 = DIRECTION('',(-5.9E-16,-0.707106781187,0.707106781187));
#6216 = DIRECTION('',(-1.,1.8571930009E-15,1.0228069991E-15));
#6217 = ADVANCED_FACE('',(#6218),#6229,.F.);
#6218 = FACE_BOUND('',#6219,.F.);
#6219 = EDGE_LOOP('',(#6220,#6221,#6222,#6223));
#6220 = ORIENTED_EDGE('',*,*,#4661,.F.);
#6221 = ORIENTED_EDGE('',*,*,#6207,.F.);
#6222 = ORIENTED_EDGE('',*,*,#4732,.F.);
#6223 = ORIENTED_EDGE('',*,*,#6224,.F.);
#6224 = EDGE_CURVE('',#4662,#4725,#6225,.T.);
#6225 = LINE('',#6226,#6227);
#6226 = CARTESIAN_POINT('',(18.,-0.6,13.5));
#6227 = VECTOR('',#6228,1.);
#6228 = DIRECTION('',(1.,-2.E-15,-8.9E-16));
#6229 = PLANE('',#6230);
#6230 = AXIS2_PLACEMENT_3D('',#6231,#6232,#6233);
#6231 = CARTESIAN_POINT('',(37.,-0.6,18.));
#6232 = DIRECTION('',(8.9E-16,1.,1.89E-15));
#6233 = DIRECTION('',(-1.7E-16,-1.89E-15,1.));
#6234 = ADVANCED_FACE('',(#6235),#6241,.T.);
#6235 = FACE_BOUND('',#6236,.T.);
#6236 = EDGE_LOOP('',(#6237,#6238,#6239,#6240));
#6237 = ORIENTED_EDGE('',*,*,#4669,.F.);
#6238 = ORIENTED_EDGE('',*,*,#4757,.T.);
#6239 = ORIENTED_EDGE('',*,*,#4724,.T.);
#6240 = ORIENTED_EDGE('',*,*,#6224,.F.);
#6241 = PLANE('',#6242);
#6242 = AXIS2_PLACEMENT_3D('',#6243,#6244,#6245);
#6243 = CARTESIAN_POINT('',(18.,-0.35,13.25));
#6244 = DIRECTION('',(-1.67E-15,-0.707106781187,-0.707106781187));
#6245 = DIRECTION('',(1.,-1.735868324582E-15,-6.258683245815E-16));
#6246 = ADVANCED_FACE('',(#6247),#6263,.F.);
#6247 = FACE_BOUND('',#6248,.T.);
#6248 = EDGE_LOOP('',(#6249,#6255,#6256,#6262));
#6249 = ORIENTED_EDGE('',*,*,#6250,.F.);
#6250 = EDGE_CURVE('',#4791,#5518,#6251,.T.);
#6251 = LINE('',#6252,#6253);
#6252 = CARTESIAN_POINT('',(9.795,-33.595,19.85));
#6253 = VECTOR('',#6254,1.);
#6254 = DIRECTION('',(0.707106781187,0.707106781187,-2.893218813454E-18)
  );
#6255 = ORIENTED_EDGE('',*,*,#4798,.T.);
#6256 = ORIENTED_EDGE('',*,*,#6257,.T.);
#6257 = EDGE_CURVE('',#4799,#5508,#6258,.T.);
#6258 = LINE('',#6259,#6260);
#6259 = CARTESIAN_POINT('',(11.400000000082,-33.595,18.245));
#6260 = VECTOR('',#6261,1.);
#6261 = DIRECTION('',(1.3E-15,0.707106781187,0.707106781187));
#6262 = ORIENTED_EDGE('',*,*,#5517,.F.);
#6263 = CONICAL_SURFACE('',#6264,2.,0.785398163397);
#6264 = AXIS2_PLACEMENT_3D('',#6265,#6266,#6267);
#6265 = CARTESIAN_POINT('',(11.4,-33.99,19.85));
#6266 = DIRECTION('',(-1.33E-15,-1.,-5.E-16));
#6267 = DIRECTION('',(-1.,1.33E-15,1.55E-15));
#6268 = ADVANCED_FACE('',(#6269),#6280,.T.);
#6269 = FACE_BOUND('',#6270,.T.);
#6270 = EDGE_LOOP('',(#6271,#6277,#6278,#6279));
#6271 = ORIENTED_EDGE('',*,*,#6272,.F.);
#6272 = EDGE_CURVE('',#4824,#5527,#6273,.T.);
#6273 = LINE('',#6274,#6275);
#6274 = CARTESIAN_POINT('',(9.4,-33.99,23.853735909771));
#6275 = VECTOR('',#6276,1.);
#6276 = DIRECTION('',(0.707106781187,0.707106781187,-1.792893218813E-15)
  );
#6277 = ORIENTED_EDGE('',*,*,#4823,.T.);
#6278 = ORIENTED_EDGE('',*,*,#6250,.T.);
#6279 = ORIENTED_EDGE('',*,*,#5526,.F.);
#6280 = PLANE('',#6281);
#6281 = AXIS2_PLACEMENT_3D('',#6282,#6283,#6284);
#6282 = CARTESIAN_POINT('',(9.795,-33.595,23.853735909771));
#6283 = DIRECTION('',(0.707106781187,-0.707106781187,-5.271067811865E-16
    ));
#6284 = DIRECTION('',(-2.627207793864E-16,4.827207793864E-16,-1.));
#6285 = ADVANCED_FACE('',(#6286),#6297,.F.);
#6286 = FACE_BOUND('',#6287,.T.);
#6287 = EDGE_LOOP('',(#6288,#6289,#6290,#6296));
#6288 = ORIENTED_EDGE('',*,*,#6257,.F.);
#6289 = ORIENTED_EDGE('',*,*,#4847,.T.);
#6290 = ORIENTED_EDGE('',*,*,#6291,.T.);
#6291 = EDGE_CURVE('',#4848,#5510,#6292,.T.);
#6292 = LINE('',#6293,#6294);
#6293 = CARTESIAN_POINT('',(25.4,-33.595,18.245));
#6294 = VECTOR('',#6295,1.);
#6295 = DIRECTION('',(1.3E-15,0.707106781187,0.707106781187));
#6296 = ORIENTED_EDGE('',*,*,#5507,.F.);
#6297 = PLANE('',#6298);
#6298 = AXIS2_PLACEMENT_3D('',#6299,#6300,#6301);
#6299 = CARTESIAN_POINT('',(11.400000000082,-33.595,18.245));
#6300 = DIRECTION('',(5.3E-16,0.707106781187,-0.707106781187));
#6301 = DIRECTION('',(-1.,1.429766594029E-15,6.802334059711E-16));
#6302 = ADVANCED_FACE('',(#6303),#6314,.F.);
#6303 = FACE_BOUND('',#6304,.T.);
#6304 = EDGE_LOOP('',(#6305,#6311,#6312,#6313));
#6305 = ORIENTED_EDGE('',*,*,#6306,.F.);
#6306 = EDGE_CURVE('',#4871,#5535,#6307,.T.);
#6307 = LINE('',#6308,#6309);
#6308 = CARTESIAN_POINT('',(11.277812921862,-33.595,25.455));
#6309 = VECTOR('',#6310,1.);
#6310 = DIRECTION('',(5.9E-16,0.707106781187,-0.707106781187));
#6311 = ORIENTED_EDGE('',*,*,#4878,.T.);
#6312 = ORIENTED_EDGE('',*,*,#6272,.T.);
#6313 = ORIENTED_EDGE('',*,*,#5534,.F.);
#6314 = CONICAL_SURFACE('',#6315,2.,0.785398163397);
#6315 = AXIS2_PLACEMENT_3D('',#6316,#6317,#6318);
#6316 = CARTESIAN_POINT('',(11.4,-33.99,23.853735909771));
#6317 = DIRECTION('',(-1.33E-15,-1.,-5.E-16));
#6318 = DIRECTION('',(-6.109353906906E-02,-4.178116155953E-16,
    0.998132045114));
#6319 = ADVANCED_FACE('',(#6320),#6331,.F.);
#6320 = FACE_BOUND('',#6321,.T.);
#6321 = EDGE_LOOP('',(#6322,#6323,#6324,#6330));
#6322 = ORIENTED_EDGE('',*,*,#6291,.F.);
#6323 = ORIENTED_EDGE('',*,*,#4896,.T.);
#6324 = ORIENTED_EDGE('',*,*,#6325,.T.);
#6325 = EDGE_CURVE('',#4897,#5561,#6326,.T.);
#6326 = LINE('',#6327,#6328);
#6327 = CARTESIAN_POINT('',(27.4,-33.99,19.85));
#6328 = VECTOR('',#6329,1.);
#6329 = DIRECTION('',(-0.707106781187,0.707106781187,-7.289321881345E-17
    ));
#6330 = ORIENTED_EDGE('',*,*,#5568,.F.);
#6331 = CONICAL_SURFACE('',#6332,2.,0.785398163397);
#6332 = AXIS2_PLACEMENT_3D('',#6333,#6334,#6335);
#6333 = CARTESIAN_POINT('',(25.4,-33.99,19.85));
#6334 = DIRECTION('',(-1.33E-15,-1.,-5.E-16));
#6335 = DIRECTION('',(-6.E-17,5.E-16,-1.));
#6336 = ADVANCED_FACE('',(#6337),#6348,.T.);
#6337 = FACE_BOUND('',#6338,.T.);
#6338 = EDGE_LOOP('',(#6339,#6345,#6346,#6347));
#6339 = ORIENTED_EDGE('',*,*,#6340,.F.);
#6340 = EDGE_CURVE('',#4922,#5544,#6341,.T.);
#6341 = LINE('',#6342,#6343);
#6342 = CARTESIAN_POINT('',(25.4,-33.99,25.85));
#6343 = VECTOR('',#6344,1.);
#6344 = DIRECTION('',(8.6E-16,0.707106781187,-0.707106781187));
#6345 = ORIENTED_EDGE('',*,*,#4921,.T.);
#6346 = ORIENTED_EDGE('',*,*,#6306,.T.);
#6347 = ORIENTED_EDGE('',*,*,#5543,.F.);
#6348 = PLANE('',#6349);
#6349 = AXIS2_PLACEMENT_3D('',#6350,#6351,#6352);
#6350 = CARTESIAN_POINT('',(25.4,-33.595,25.455));
#6351 = DIRECTION('',(-1.17E-15,-0.707106781187,-0.707106781187));
#6352 = DIRECTION('',(-1.,1.212314933988E-15,4.423149339883E-16));
#6353 = ADVANCED_FACE('',(#6354),#6365,.T.);
#6354 = FACE_BOUND('',#6355,.T.);
#6355 = EDGE_LOOP('',(#6356,#6357,#6358,#6364));
#6356 = ORIENTED_EDGE('',*,*,#6325,.F.);
#6357 = ORIENTED_EDGE('',*,*,#4952,.T.);
#6358 = ORIENTED_EDGE('',*,*,#6359,.T.);
#6359 = EDGE_CURVE('',#4945,#5552,#6360,.T.);
#6360 = LINE('',#6361,#6362);
#6361 = CARTESIAN_POINT('',(27.005,-33.595,23.85));
#6362 = VECTOR('',#6363,1.);
#6363 = DIRECTION('',(-0.707106781187,0.707106781187,9.471067811865E-16)
  );
#6364 = ORIENTED_EDGE('',*,*,#5560,.F.);
#6365 = PLANE('',#6366);
#6366 = AXIS2_PLACEMENT_3D('',#6367,#6368,#6369);
#6367 = CARTESIAN_POINT('',(27.005,-33.595,19.85));
#6368 = DIRECTION('',(-0.707106781187,-0.707106781187,5.428932188135E-16
    ));
#6369 = DIRECTION('',(9.938834764832E-16,-2.261165235168E-16,1.));
#6370 = ADVANCED_FACE('',(#6371),#6377,.F.);
#6371 = FACE_BOUND('',#6372,.T.);
#6372 = EDGE_LOOP('',(#6373,#6374,#6375,#6376));
#6373 = ORIENTED_EDGE('',*,*,#6359,.F.);
#6374 = ORIENTED_EDGE('',*,*,#4969,.T.);
#6375 = ORIENTED_EDGE('',*,*,#6340,.T.);
#6376 = ORIENTED_EDGE('',*,*,#5551,.F.);
#6377 = CONICAL_SURFACE('',#6378,2.,0.785398163397);
#6378 = AXIS2_PLACEMENT_3D('',#6379,#6380,#6381);
#6379 = CARTESIAN_POINT('',(25.4,-33.99,23.85));
#6380 = DIRECTION('',(-1.33E-15,-1.,-5.E-16));
#6381 = DIRECTION('',(1.,-1.33E-15,-2.2E-16));
#6382 = ADVANCED_FACE('',(#6383),#6399,.F.);
#6383 = FACE_BOUND('',#6384,.F.);
#6384 = EDGE_LOOP('',(#6385,#6391,#6392,#6398));
#6385 = ORIENTED_EDGE('',*,*,#6386,.T.);
#6386 = EDGE_CURVE('',#4997,#5734,#6387,.T.);
#6387 = LINE('',#6388,#6389);
#6388 = CARTESIAN_POINT('',(40.,-34.,19.85));
#6389 = VECTOR('',#6390,1.);
#6390 = DIRECTION('',(8.9E-16,1.,8.9E-16));
#6391 = ORIENTED_EDGE('',*,*,#5733,.T.);
#6392 = ORIENTED_EDGE('',*,*,#6393,.F.);
#6393 = EDGE_CURVE('',#4987,#5726,#6394,.T.);
#6394 = LINE('',#6395,#6396);
#6395 = CARTESIAN_POINT('',(41.296727994126,-34.,17.977726385981));
#6396 = VECTOR('',#6397,1.);
#6397 = DIRECTION('',(8.9E-16,1.,8.9E-16));
#6398 = ORIENTED_EDGE('',*,*,#5004,.T.);
#6399 = CYLINDRICAL_SURFACE('',#6400,2.);
#6400 = AXIS2_PLACEMENT_3D('',#6401,#6402,#6403);
#6401 = CARTESIAN_POINT('',(42.,-34.,19.85));
#6402 = DIRECTION('',(-1.E-15,-1.,-1.06E-15));
#6403 = DIRECTION('',(1.,-1.E-15,-6.7E-16));
#6404 = ADVANCED_FACE('',(#6405),#6416,.T.);
#6405 = FACE_BOUND('',#6406,.T.);
#6406 = EDGE_LOOP('',(#6407,#6413,#6414,#6415));
#6407 = ORIENTED_EDGE('',*,*,#6408,.T.);
#6408 = EDGE_CURVE('',#5020,#5717,#6409,.T.);
#6409 = LINE('',#6410,#6411);
#6410 = CARTESIAN_POINT('',(52.720365053562,-34.,10.978549624341));
#6411 = VECTOR('',#6412,1.);
#6412 = DIRECTION('',(8.9E-16,1.,8.9E-16));
#6413 = ORIENTED_EDGE('',*,*,#5725,.T.);
#6414 = ORIENTED_EDGE('',*,*,#6393,.F.);
#6415 = ORIENTED_EDGE('',*,*,#5029,.F.);
#6416 = PLANE('',#6417);
#6417 = AXIS2_PLACEMENT_3D('',#6418,#6419,#6420);
#6418 = CARTESIAN_POINT('',(52.720365053562,-34.,10.978549624341));
#6419 = DIRECTION('',(0.522431436477,-1.435362593915E-15,0.852681296957)
  );
#6420 = DIRECTION('',(-0.852681296957,4.351371270467E-16,0.522431436477)
  );
#6421 = ADVANCED_FACE('',(#6422),#6433,.T.);
#6422 = FACE_BOUND('',#6423,.T.);
#6423 = EDGE_LOOP('',(#6424,#6425,#6426,#6432));
#6424 = ORIENTED_EDGE('',*,*,#6386,.T.);
#6425 = ORIENTED_EDGE('',*,*,#5742,.T.);
#6426 = ORIENTED_EDGE('',*,*,#6427,.F.);
#6427 = EDGE_CURVE('',#5046,#5743,#6428,.T.);
#6428 = LINE('',#6429,#6430);
#6429 = CARTESIAN_POINT('',(40.,-34.,23.842337929272));
#6430 = VECTOR('',#6431,1.);
#6431 = DIRECTION('',(8.9E-16,1.,8.9E-16));
#6432 = ORIENTED_EDGE('',*,*,#5053,.F.);
#6433 = PLANE('',#6434);
#6434 = AXIS2_PLACEMENT_3D('',#6435,#6436,#6437);
#6435 = CARTESIAN_POINT('',(40.,-34.,19.85));
#6436 = DIRECTION('',(1.,-1.11E-15,-6.7E-16));
#6437 = DIRECTION('',(6.7E-16,-1.17E-15,1.));
#6438 = ADVANCED_FACE('',(#6439),#6450,.F.);
#6439 = FACE_BOUND('',#6440,.F.);
#6440 = EDGE_LOOP('',(#6441,#6442,#6443,#6449));
#6441 = ORIENTED_EDGE('',*,*,#6408,.T.);
#6442 = ORIENTED_EDGE('',*,*,#5716,.T.);
#6443 = ORIENTED_EDGE('',*,*,#6444,.F.);
#6444 = EDGE_CURVE('',#5068,#5709,#6445,.T.);
#6445 = LINE('',#6446,#6447);
#6446 = CARTESIAN_POINT('',(56.899816545375,-34.,9.8));
#6447 = VECTOR('',#6448,1.);
#6448 = DIRECTION('',(8.9E-16,1.,8.9E-16));
#6449 = ORIENTED_EDGE('',*,*,#5077,.T.);
#6450 = CYLINDRICAL_SURFACE('',#6451,8.);
#6451 = AXIS2_PLACEMENT_3D('',#6452,#6453,#6454);
#6452 = CARTESIAN_POINT('',(56.899816545375,-34.,17.8));
#6453 = DIRECTION('',(-1.E-15,-1.,-1.06E-15));
#6454 = DIRECTION('',(1.,-1.E-15,-6.7E-16));
#6455 = ADVANCED_FACE('',(#6456),#6467,.F.);
#6456 = FACE_BOUND('',#6457,.F.);
#6457 = EDGE_LOOP('',(#6458,#6464,#6465,#6466));
#6458 = ORIENTED_EDGE('',*,*,#6459,.T.);
#6459 = EDGE_CURVE('',#5095,#5751,#6460,.T.);
#6460 = LINE('',#6461,#6462);
#6461 = CARTESIAN_POINT('',(42.,-34.,25.842337929272));
#6462 = VECTOR('',#6463,1.);
#6463 = DIRECTION('',(8.9E-16,1.,8.9E-16));
#6464 = ORIENTED_EDGE('',*,*,#5750,.T.);
#6465 = ORIENTED_EDGE('',*,*,#6427,.F.);
#6466 = ORIENTED_EDGE('',*,*,#5102,.T.);
#6467 = CYLINDRICAL_SURFACE('',#6468,2.);
#6468 = AXIS2_PLACEMENT_3D('',#6469,#6470,#6471);
#6469 = CARTESIAN_POINT('',(42.,-34.,23.842337929272));
#6470 = DIRECTION('',(-1.E-15,-1.,-1.06E-15));
#6471 = DIRECTION('',(1.,-1.E-15,-6.7E-16));
#6472 = ADVANCED_FACE('',(#6473),#6484,.T.);
#6473 = FACE_BOUND('',#6474,.T.);
#6474 = EDGE_LOOP('',(#6475,#6481,#6482,#6483));
#6475 = ORIENTED_EDGE('',*,*,#6476,.T.);
#6476 = EDGE_CURVE('',#5118,#5700,#6477,.T.);
#6477 = LINE('',#6478,#6479);
#6478 = CARTESIAN_POINT('',(65.2,-34.,9.8));
#6479 = VECTOR('',#6480,1.);
#6480 = DIRECTION('',(8.9E-16,1.,8.9E-16));
#6481 = ORIENTED_EDGE('',*,*,#5708,.T.);
#6482 = ORIENTED_EDGE('',*,*,#6444,.F.);
#6483 = ORIENTED_EDGE('',*,*,#5127,.F.);
#6484 = PLANE('',#6485);
#6485 = AXIS2_PLACEMENT_3D('',#6486,#6487,#6488);
#6486 = CARTESIAN_POINT('',(65.2,-34.,9.8));
#6487 = DIRECTION('',(3.3E-16,-1.E-15,1.));
#6488 = DIRECTION('',(-1.,1.22E-15,3.3E-16));
#6489 = ADVANCED_FACE('',(#6490),#6501,.T.);
#6490 = FACE_BOUND('',#6491,.T.);
#6491 = EDGE_LOOP('',(#6492,#6493,#6494,#6500));
#6492 = ORIENTED_EDGE('',*,*,#6459,.T.);
#6493 = ORIENTED_EDGE('',*,*,#5759,.T.);
#6494 = ORIENTED_EDGE('',*,*,#6495,.F.);
#6495 = EDGE_CURVE('',#5144,#5760,#6496,.T.);
#6496 = LINE('',#6497,#6498);
#6497 = CARTESIAN_POINT('',(65.122395984261,-34.,25.842337929272));
#6498 = VECTOR('',#6499,1.);
#6499 = DIRECTION('',(8.9E-16,1.,8.9E-16));
#6500 = ORIENTED_EDGE('',*,*,#5151,.F.);
#6501 = PLANE('',#6502);
#6502 = AXIS2_PLACEMENT_3D('',#6503,#6504,#6505);
#6503 = CARTESIAN_POINT('',(42.,-34.,25.842337929272));
#6504 = DIRECTION('',(-3.3E-16,1.E-15,-1.));
#6505 = DIRECTION('',(1.,-1.22E-15,-3.3E-16));
#6506 = ADVANCED_FACE('',(#6507),#6518,.F.);
#6507 = FACE_BOUND('',#6508,.F.);
#6508 = EDGE_LOOP('',(#6509,#6510,#6511,#6517));
#6509 = ORIENTED_EDGE('',*,*,#6476,.T.);
#6510 = ORIENTED_EDGE('',*,*,#5699,.T.);
#6511 = ORIENTED_EDGE('',*,*,#6512,.F.);
#6512 = EDGE_CURVE('',#5166,#5692,#6513,.T.);
#6513 = LINE('',#6514,#6515);
#6514 = CARTESIAN_POINT('',(67.2,-34.,11.8));
#6515 = VECTOR('',#6516,1.);
#6516 = DIRECTION('',(8.9E-16,1.,8.9E-16));
#6517 = ORIENTED_EDGE('',*,*,#5175,.T.);
#6518 = CYLINDRICAL_SURFACE('',#6519,2.);
#6519 = AXIS2_PLACEMENT_3D('',#6520,#6521,#6522);
#6520 = CARTESIAN_POINT('',(65.2,-34.,11.8));
#6521 = DIRECTION('',(-1.E-15,-1.,-1.06E-15));
#6522 = DIRECTION('',(1.,-1.E-15,-6.7E-16));
#6523 = ADVANCED_FACE('',(#6524),#6535,.F.);
#6524 = FACE_BOUND('',#6525,.F.);
#6525 = EDGE_LOOP('',(#6526,#6532,#6533,#6534));
#6526 = ORIENTED_EDGE('',*,*,#6527,.T.);
#6527 = EDGE_CURVE('',#5193,#5690,#6528,.T.);
#6528 = LINE('',#6529,#6530);
#6529 = CARTESIAN_POINT('',(67.2,-34.,23.843844092218));
#6530 = VECTOR('',#6531,1.);
#6531 = DIRECTION('',(8.9E-16,1.,8.9E-16));
#6532 = ORIENTED_EDGE('',*,*,#5767,.T.);
#6533 = ORIENTED_EDGE('',*,*,#6495,.F.);
#6534 = ORIENTED_EDGE('',*,*,#5200,.T.);
#6535 = CYLINDRICAL_SURFACE('',#6536,2.);
#6536 = AXIS2_PLACEMENT_3D('',#6537,#6538,#6539);
#6537 = CARTESIAN_POINT('',(65.2,-34.,23.843844092218));
#6538 = DIRECTION('',(-1.E-15,-1.,-1.06E-15));
#6539 = DIRECTION('',(1.,-1.E-15,-6.7E-16));
#6540 = ADVANCED_FACE('',(#6541),#6547,.T.);
#6541 = FACE_BOUND('',#6542,.T.);
#6542 = EDGE_LOOP('',(#6543,#6544,#6545,#6546));
#6543 = ORIENTED_EDGE('',*,*,#6527,.T.);
#6544 = ORIENTED_EDGE('',*,*,#5689,.T.);
#6545 = ORIENTED_EDGE('',*,*,#6512,.F.);
#6546 = ORIENTED_EDGE('',*,*,#5218,.F.);
#6547 = PLANE('',#6548);
#6548 = AXIS2_PLACEMENT_3D('',#6549,#6550,#6551);
#6549 = CARTESIAN_POINT('',(67.2,-34.,23.843844092218));
#6550 = DIRECTION('',(-1.,1.11E-15,6.7E-16));
#6551 = DIRECTION('',(-6.7E-16,1.17E-15,-1.));
#6552 = ADVANCED_FACE('',(#6553),#6564,.F.);
#6553 = FACE_BOUND('',#6554,.T.);
#6554 = EDGE_LOOP('',(#6555,#6556,#6557,#6558));
#6555 = ORIENTED_EDGE('',*,*,#5364,.F.);
#6556 = ORIENTED_EDGE('',*,*,#5379,.T.);
#6557 = ORIENTED_EDGE('',*,*,#5291,.T.);
#6558 = ORIENTED_EDGE('',*,*,#6559,.F.);
#6559 = EDGE_CURVE('',#5357,#5292,#6560,.T.);
#6560 = LINE('',#6561,#6562);
#6561 = CARTESIAN_POINT('',(74.4,-21.5,34.1));
#6562 = VECTOR('',#6563,1.);
#6563 = DIRECTION('',(8.9E-16,1.,1.89E-15));
#6564 = PLANE('',#6565);
#6565 = AXIS2_PLACEMENT_3D('',#6566,#6567,#6568);
#6566 = CARTESIAN_POINT('',(73.9,-21.5,34.6));
#6567 = DIRECTION('',(0.707106781187,-2.43132034356E-15,0.707106781187)
  );
#6568 = DIRECTION('',(-1.219203102168E-15,-1.,-2.219203102168E-15));
#6569 = ADVANCED_FACE('',(#6570),#6576,.F.);
#6570 = FACE_BOUND('',#6571,.F.);
#6571 = EDGE_LOOP('',(#6572,#6573,#6574,#6575));
#6572 = ORIENTED_EDGE('',*,*,#5299,.F.);
#6573 = ORIENTED_EDGE('',*,*,#6559,.F.);
#6574 = ORIENTED_EDGE('',*,*,#5356,.F.);
#6575 = ORIENTED_EDGE('',*,*,#5323,.F.);
#6576 = PLANE('',#6577);
#6577 = AXIS2_PLACEMENT_3D('',#6578,#6579,#6580);
#6578 = CARTESIAN_POINT('',(74.4,-16.,18.));
#6579 = DIRECTION('',(1.,-1.33E-15,-5.E-16));
#6580 = DIRECTION('',(5.E-16,-2.11E-15,1.));
#6581 = ADVANCED_FACE('',(#6582),#6593,.T.);
#6582 = FACE_BOUND('',#6583,.T.);
#6583 = EDGE_LOOP('',(#6584,#6585,#6586,#6587));
#6584 = ORIENTED_EDGE('',*,*,#5476,.F.);
#6585 = ORIENTED_EDGE('',*,*,#5491,.T.);
#6586 = ORIENTED_EDGE('',*,*,#5403,.T.);
#6587 = ORIENTED_EDGE('',*,*,#6588,.F.);
#6588 = EDGE_CURVE('',#5469,#5404,#6589,.T.);
#6589 = LINE('',#6590,#6591);
#6590 = CARTESIAN_POINT('',(-0.4,-10.5,34.1));
#6591 = VECTOR('',#6592,1.);
#6592 = DIRECTION('',(-4.4E-16,-1.,-2.11E-15));
#6593 = PLANE('',#6594);
#6594 = AXIS2_PLACEMENT_3D('',#6595,#6596,#6597);
#6595 = CARTESIAN_POINT('',(9.999999999999E-02,-10.5,34.6));
#6596 = DIRECTION('',(0.707106781187,8.613203435596E-16,-0.707106781187)
  );
#6597 = DIRECTION('',(-6.70954544295E-16,-1.,-1.889045455705E-15));
#6598 = ADVANCED_FACE('',(#6599),#6605,.T.);
#6599 = FACE_BOUND('',#6600,.T.);
#6600 = EDGE_LOOP('',(#6601,#6602,#6603,#6604));
#6601 = ORIENTED_EDGE('',*,*,#5411,.T.);
#6602 = ORIENTED_EDGE('',*,*,#5435,.T.);
#6603 = ORIENTED_EDGE('',*,*,#5468,.T.);
#6604 = ORIENTED_EDGE('',*,*,#6588,.T.);
#6605 = PLANE('',#6606);
#6606 = AXIS2_PLACEMENT_3D('',#6607,#6608,#6609);
#6607 = CARTESIAN_POINT('',(-0.4,-16.,18.));
#6608 = DIRECTION('',(1.,-8.9E-16,-7.2E-16));
#6609 = DIRECTION('',(8.9E-16,1.,1.89E-15));
#6610 = ADVANCED_FACE('',(#6611),#6617,.T.);
#6611 = FACE_BOUND('',#6612,.T.);
#6612 = EDGE_LOOP('',(#6613,#6614,#6615,#6616));
#6613 = ORIENTED_EDGE('',*,*,#5610,.T.);
#6614 = ORIENTED_EDGE('',*,*,#5658,.T.);
#6615 = ORIENTED_EDGE('',*,*,#5675,.T.);
#6616 = ORIENTED_EDGE('',*,*,#5634,.T.);
#6617 = PLANE('',#6618);
#6618 = AXIS2_PLACEMENT_3D('',#6619,#6620,#6621);
#6619 = CARTESIAN_POINT('',(34.5,-31.1,23.9));
#6620 = DIRECTION('',(8.9E-16,1.,1.89E-15));
#6621 = DIRECTION('',(-1.7E-16,-1.89E-15,1.));
#6622 = ( GEOMETRIC_REPRESENTATION_CONTEXT(3) 
GLOBAL_UNCERTAINTY_ASSIGNED_CONTEXT((#6626)) 
GLOBAL_UNIT_ASSIGNED_CONTEXT((#6623,#6624,#6625)) REPRESENTATION_CONTEXT
('Context #1','3D Context with UNIT and UNCERTAINTY') );
#6623 = ( LENGTH_UNIT() NAMED_UNIT(*) SI_UNIT(.MILLI.,.METRE.) );
#6624 = ( NAMED_UNIT(*) PLANE_ANGLE_UNIT() SI_UNIT($,.RADIAN.) );
#6625 = ( NAMED_UNIT(*) SI_UNIT($,.STERADIAN.) SOLID_ANGLE_UNIT() );
#6626 = UNCERTAINTY_MEASURE_WITH_UNIT(LENGTH_MEASURE(5.E-04),#6623,
  'distance_accuracy_value','confusion accuracy');
#6627 = PRODUCT_RELATED_PRODUCT_CATEGORY('part',$,(#7));
#6628 = MECHANICAL_DESIGN_GEOMETRIC_PRESENTATION_REPRESENTATION('',(
    #6629),#6622);
#6629 = STYLED_ITEM('color',(#6630),#15);
#6630 = PRESENTATION_STYLE_ASSIGNMENT((#6631,#6637));
#6631 = SURFACE_STYLE_USAGE(.BOTH.,#6632);
#6632 = SURFACE_SIDE_STYLE('',(#6633));
#6633 = SURFACE_STYLE_FILL_AREA(#6634);
#6634 = FILL_AREA_STYLE('',(#6635));
#6635 = FILL_AREA_STYLE_COLOUR('',#6636);
#6636 = COLOUR_RGB('',0.447058818107,0.474509808674,0.501960817233);
#6637 = CURVE_STYLE('',#6638,POSITIVE_LENGTH_MEASURE(0.1),#6639);
#6638 = DRAUGHTING_PRE_DEFINED_CURVE_FONT('continuous');
#6639 = COLOUR_RGB('',9.803921802644E-02,9.803921802644E-02,
  9.803921802644E-02);
ENDSEC;
END-ISO-10303-21;
