ISO-10303-21;
HEADER;
FILE_DESCRIPTION(('FreeCAD Model'),'2;1');
FILE_NAME('Open CASCADE Shape Model','2026-07-24T16:24:05',(''),(''),
  'Open CASCADE STEP processor 7.8','FreeCAD','Unknown');
FILE_SCHEMA(('AUTOMOTIVE_DESIGN { 1 0 10303 214 1 1 1 1 }'));
ENDSEC;
DATA;
#1 = APPLICATION_PROTOCOL_DEFINITION('international standard',
  'automotive_design',2000,#2);
#2 = APPLICATION_CONTEXT(
  'core data for automotive mechanical design processes');
#3 = SHAPE_DEFINITION_REPRESENTATION(#4,#10);
#4 = PRODUCT_DEFINITION_SHAPE('','',#5);
#5 = PRODUCT_DEFINITION('design','',#6,#9);
#6 = PRODUCT_DEFINITION_FORMATION('','',#7);
#7 = PRODUCT('main-box-top-cap','main-box-top-cap','',(#8));
#8 = PRODUCT_CONTEXT('',#2,'mechanical');
#9 = PRODUCT_DEFINITION_CONTEXT('part definition',#2,'design');
#10 = ADVANCED_BREP_SHAPE_REPRESENTATION('',(#11,#15),#5705);
#11 = AXIS2_PLACEMENT_3D('',#12,#13,#14);
#12 = CARTESIAN_POINT('',(0.,0.,0.));
#13 = DIRECTION('',(0.,0.,1.));
#14 = DIRECTION('',(1.,0.,-0.));
#15 = MANIFOLD_SOLID_BREP('',#16);
#16 = CLOSED_SHELL('',(#17,#74,#105,#129,#154,#178,#202,#1276,#1290,
    #1340,#1364,#1388,#1424,#1455,#1480,#1505,#1529,#1553,#1578,#1603,
    #1627,#1651,#1676,#1701,#1718,#1749,#1774,#1798,#1822,#1846,#1870,
    #1895,#1912,#1944,#1968,#1992,#2016,#2041,#2065,#2090,#2114,#2138,
    #2162,#2195,#2219,#2252,#2276,#2301,#2318,#2343,#2374,#2398,#2423,
    #2447,#2471,#2495,#2528,#2552,#2585,#2609,#2634,#2658,#2691,#2715,
    #2748,#2765,#2790,#2821,#2846,#2871,#2895,#2919,#2944,#2969,#2986,
    #3017,#3041,#3065,#3082,#3113,#3205,#3229,#3253,#3277,#3301,#3326,
    #3350,#3442,#3460,#3485,#3516,#3540,#3564,#3588,#3621,#3645,#3678,
    #3702,#3735,#3759,#3792,#3809,#3859,#3883,#3907,#3943,#3993,#4017,
    #4041,#4077,#4127,#4151,#4175,#4211,#4261,#4285,#4309,#4345,#4395,
    #4419,#4443,#4479,#4496,#4513,#4525,#4556,#4581,#4606,#4630,#4654,
    #4679,#4704,#4728,#4752,#4777,#4802,#4819,#4835,#4864,#4876,#4902,
    #4936,#4948,#4960,#4986,#5019,#5045,#5071,#5096,#5121,#5147,#5173,
    #5190,#5202,#5222,#5239,#5256,#5273,#5290,#5310,#5327,#5344,#5356,
    #5382,#5412,#5424,#5436,#5453,#5470,#5482,#5499,#5516,#5528,#5545,
    #5562,#5574,#5591,#5608,#5620,#5637,#5654,#5666));
#17 = ADVANCED_FACE('',(#18),#69,.F.);
#18 = FACE_BOUND('',#19,.F.);
#19 = EDGE_LOOP('',(#20,#30,#39,#47,#55,#63));
#20 = ORIENTED_EDGE('',*,*,#21,.T.);
#21 = EDGE_CURVE('',#22,#24,#26,.T.);
#22 = VERTEX_POINT('',#23);
#23 = CARTESIAN_POINT('',(10.4,-48.5,-2.));
#24 = VERTEX_POINT('',#25);
#25 = CARTESIAN_POINT('',(10.4,-49.,-2.));
#26 = LINE('',#27,#28);
#27 = CARTESIAN_POINT('',(10.4,-47.5,-2.));
#28 = VECTOR('',#29,1.);
#29 = DIRECTION('',(0.,-1.,0.));
#30 = ORIENTED_EDGE('',*,*,#31,.F.);
#31 = EDGE_CURVE('',#32,#24,#34,.T.);
#32 = VERTEX_POINT('',#33);
#33 = CARTESIAN_POINT('',(10.4,-49.5,-1.5));
#34 = CIRCLE('',#35,0.5);
#35 = AXIS2_PLACEMENT_3D('',#36,#37,#38);
#36 = CARTESIAN_POINT('',(10.4,-49.,-1.5));
#37 = DIRECTION('',(1.,-0.,0.));
#38 = DIRECTION('',(0.,0.,-1.));
#39 = ORIENTED_EDGE('',*,*,#40,.F.);
#40 = EDGE_CURVE('',#41,#32,#43,.T.);
#41 = VERTEX_POINT('',#42);
#42 = CARTESIAN_POINT('',(10.4,-49.5,0.));
#43 = LINE('',#44,#45);
#44 = CARTESIAN_POINT('',(10.4,-49.5,0.));
#45 = VECTOR('',#46,1.);
#46 = DIRECTION('',(0.,0.,-1.));
#47 = ORIENTED_EDGE('',*,*,#48,.F.);
#48 = EDGE_CURVE('',#49,#41,#51,.T.);
#49 = VERTEX_POINT('',#50);
#50 = CARTESIAN_POINT('',(10.4,-47.5,0.));
#51 = LINE('',#52,#53);
#52 = CARTESIAN_POINT('',(10.4,-47.5,0.));
#53 = VECTOR('',#54,1.);
#54 = DIRECTION('',(0.,-1.,0.));
#55 = ORIENTED_EDGE('',*,*,#56,.T.);
#56 = EDGE_CURVE('',#49,#57,#59,.T.);
#57 = VERTEX_POINT('',#58);
#58 = CARTESIAN_POINT('',(10.4,-47.5,-0.11));
#59 = LINE('',#60,#61);
#60 = CARTESIAN_POINT('',(10.4,-47.5,0.));
#61 = VECTOR('',#62,1.);
#62 = DIRECTION('',(0.,0.,-1.));
#63 = ORIENTED_EDGE('',*,*,#64,.T.);
#64 = EDGE_CURVE('',#57,#22,#65,.T.);
#65 = LINE('',#66,#67);
#66 = CARTESIAN_POINT('',(10.4,-47.7272642768,-0.53952948317));
#67 = VECTOR('',#68,1.);
#68 = DIRECTION('',(0.,-0.467672829884,-0.883901648481));
#69 = PLANE('',#70);
#70 = AXIS2_PLACEMENT_3D('',#71,#72,#73);
#71 = CARTESIAN_POINT('',(10.4,-47.5,0.));
#72 = DIRECTION('',(-1.,-0.,-0.));
#73 = DIRECTION('',(0.,-1.,0.));
#74 = ADVANCED_FACE('',(#75),#100,.F.);
#75 = FACE_BOUND('',#76,.F.);
#76 = EDGE_LOOP('',(#77,#78,#86,#94));
#77 = ORIENTED_EDGE('',*,*,#21,.F.);
#78 = ORIENTED_EDGE('',*,*,#79,.F.);
#79 = EDGE_CURVE('',#80,#22,#82,.T.);
#80 = VERTEX_POINT('',#81);
#81 = CARTESIAN_POINT('',(8.4,-48.5,-2.));
#82 = LINE('',#83,#84);
#83 = CARTESIAN_POINT('',(8.4,-48.5,-2.));
#84 = VECTOR('',#85,1.);
#85 = DIRECTION('',(1.,0.,0.));
#86 = ORIENTED_EDGE('',*,*,#87,.F.);
#87 = EDGE_CURVE('',#88,#80,#90,.T.);
#88 = VERTEX_POINT('',#89);
#89 = CARTESIAN_POINT('',(8.4,-49.,-2.));
#90 = LINE('',#91,#92);
#91 = CARTESIAN_POINT('',(8.4,-49.5,-2.));
#92 = VECTOR('',#93,1.);
#93 = DIRECTION('',(0.,1.,0.));
#94 = ORIENTED_EDGE('',*,*,#95,.F.);
#95 = EDGE_CURVE('',#24,#88,#96,.T.);
#96 = LINE('',#97,#98);
#97 = CARTESIAN_POINT('',(10.4,-49.,-2.));
#98 = VECTOR('',#99,1.);
#99 = DIRECTION('',(-1.,0.,0.));
#100 = PLANE('',#101);
#101 = AXIS2_PLACEMENT_3D('',#102,#103,#104);
#102 = CARTESIAN_POINT('',(10.599189189189,-92.18027027027,-2.));
#103 = DIRECTION('',(0.,0.,1.));
#104 = DIRECTION('',(1.,0.,0.));
#105 = ADVANCED_FACE('',(#106),#124,.T.);
#106 = FACE_BOUND('',#107,.T.);
#107 = EDGE_LOOP('',(#108,#116,#122,#123));
#108 = ORIENTED_EDGE('',*,*,#109,.F.);
#109 = EDGE_CURVE('',#110,#80,#112,.T.);
#110 = VERTEX_POINT('',#111);
#111 = CARTESIAN_POINT('',(8.4,-47.5,-0.11));
#112 = LINE('',#113,#114);
#113 = CARTESIAN_POINT('',(8.4,-47.94598215262,-0.952906268454));
#114 = VECTOR('',#115,1.);
#115 = DIRECTION('',(0.,-0.467672829884,-0.883901648481));
#116 = ORIENTED_EDGE('',*,*,#117,.T.);
#117 = EDGE_CURVE('',#110,#57,#118,.T.);
#118 = LINE('',#119,#120);
#119 = CARTESIAN_POINT('',(8.4,-47.5,-0.11));
#120 = VECTOR('',#121,1.);
#121 = DIRECTION('',(1.,0.,0.));
#122 = ORIENTED_EDGE('',*,*,#64,.T.);
#123 = ORIENTED_EDGE('',*,*,#79,.F.);
#124 = PLANE('',#125);
#125 = AXIS2_PLACEMENT_3D('',#126,#127,#128);
#126 = CARTESIAN_POINT('',(8.4,-48.,-1.055));
#127 = DIRECTION('',(-1.E-17,0.883901648481,-0.467672829884));
#128 = DIRECTION('',(1.,6.892427390087E-18,-8.355781687876E-18));
#129 = ADVANCED_FACE('',(#130),#149,.T.);
#130 = FACE_BOUND('',#131,.F.);
#131 = EDGE_LOOP('',(#132,#133,#134,#143));
#132 = ORIENTED_EDGE('',*,*,#31,.T.);
#133 = ORIENTED_EDGE('',*,*,#95,.T.);
#134 = ORIENTED_EDGE('',*,*,#135,.F.);
#135 = EDGE_CURVE('',#136,#88,#138,.T.);
#136 = VERTEX_POINT('',#137);
#137 = CARTESIAN_POINT('',(8.4,-49.5,-1.5));
#138 = CIRCLE('',#139,0.5);
#139 = AXIS2_PLACEMENT_3D('',#140,#141,#142);
#140 = CARTESIAN_POINT('',(8.4,-49.,-1.5));
#141 = DIRECTION('',(1.,-0.,0.));
#142 = DIRECTION('',(0.,0.,-1.));
#143 = ORIENTED_EDGE('',*,*,#144,.F.);
#144 = EDGE_CURVE('',#32,#136,#145,.T.);
#145 = LINE('',#146,#147);
#146 = CARTESIAN_POINT('',(10.4,-49.5,-1.5));
#147 = VECTOR('',#148,1.);
#148 = DIRECTION('',(-1.,0.,0.));
#149 = CYLINDRICAL_SURFACE('',#150,0.5);
#150 = AXIS2_PLACEMENT_3D('',#151,#152,#153);
#151 = CARTESIAN_POINT('',(10.4,-49.,-1.5));
#152 = DIRECTION('',(-1.,0.,0.));
#153 = DIRECTION('',(0.,-1.,0.));
#154 = ADVANCED_FACE('',(#155),#173,.F.);
#155 = FACE_BOUND('',#156,.F.);
#156 = EDGE_LOOP('',(#157,#165,#166,#167));
#157 = ORIENTED_EDGE('',*,*,#158,.T.);
#158 = EDGE_CURVE('',#159,#110,#161,.T.);
#159 = VERTEX_POINT('',#160);
#160 = CARTESIAN_POINT('',(8.4,-47.5,0.));
#161 = LINE('',#162,#163);
#162 = CARTESIAN_POINT('',(8.4,-47.5,0.));
#163 = VECTOR('',#164,1.);
#164 = DIRECTION('',(0.,0.,-1.));
#165 = ORIENTED_EDGE('',*,*,#117,.T.);
#166 = ORIENTED_EDGE('',*,*,#56,.F.);
#167 = ORIENTED_EDGE('',*,*,#168,.F.);
#168 = EDGE_CURVE('',#159,#49,#169,.T.);
#169 = LINE('',#170,#171);
#170 = CARTESIAN_POINT('',(8.4,-47.5,0.));
#171 = VECTOR('',#172,1.);
#172 = DIRECTION('',(1.,0.,0.));
#173 = PLANE('',#174);
#174 = AXIS2_PLACEMENT_3D('',#175,#176,#177);
#175 = CARTESIAN_POINT('',(8.4,-47.5,0.));
#176 = DIRECTION('',(0.,-1.,0.));
#177 = DIRECTION('',(1.,0.,0.));
#178 = ADVANCED_FACE('',(#179),#197,.F.);
#179 = FACE_BOUND('',#180,.F.);
#180 = EDGE_LOOP('',(#181,#182,#183,#191));
#181 = ORIENTED_EDGE('',*,*,#40,.T.);
#182 = ORIENTED_EDGE('',*,*,#144,.T.);
#183 = ORIENTED_EDGE('',*,*,#184,.F.);
#184 = EDGE_CURVE('',#185,#136,#187,.T.);
#185 = VERTEX_POINT('',#186);
#186 = CARTESIAN_POINT('',(8.4,-49.5,0.));
#187 = LINE('',#188,#189);
#188 = CARTESIAN_POINT('',(8.4,-49.5,0.));
#189 = VECTOR('',#190,1.);
#190 = DIRECTION('',(0.,0.,-1.));
#191 = ORIENTED_EDGE('',*,*,#192,.F.);
#192 = EDGE_CURVE('',#41,#185,#193,.T.);
#193 = LINE('',#194,#195);
#194 = CARTESIAN_POINT('',(10.4,-49.5,0.));
#195 = VECTOR('',#196,1.);
#196 = DIRECTION('',(-1.,0.,0.));
#197 = PLANE('',#198);
#198 = AXIS2_PLACEMENT_3D('',#199,#200,#201);
#199 = CARTESIAN_POINT('',(10.4,-49.5,0.));
#200 = DIRECTION('',(0.,1.,0.));
#201 = DIRECTION('',(-1.,0.,0.));
#202 = ADVANCED_FACE('',(#203,#253,#357,#425,#559,#570,#702,#713,#783,
    #817,#901,#912,#1010,#1021,#1071,#1121,#1171,#1221),#1271,.T.);
#203 = FACE_BOUND('',#204,.T.);
#204 = EDGE_LOOP('',(#205,#215,#223,#231,#239,#247));
#205 = ORIENTED_EDGE('',*,*,#206,.T.);
#206 = EDGE_CURVE('',#207,#209,#211,.T.);
#207 = VERTEX_POINT('',#208);
#208 = CARTESIAN_POINT('',(3.4,-30.1,0.));
#209 = VERTEX_POINT('',#210);
#210 = CARTESIAN_POINT('',(4.2,-30.1,0.));
#211 = LINE('',#212,#213);
#212 = CARTESIAN_POINT('',(21.504570141802,-30.1,0.));
#213 = VECTOR('',#214,1.);
#214 = DIRECTION('',(1.,0.,0.));
#215 = ORIENTED_EDGE('',*,*,#216,.T.);
#216 = EDGE_CURVE('',#209,#217,#219,.T.);
#217 = VERTEX_POINT('',#218);
#218 = CARTESIAN_POINT('',(4.2,-14.1,0.));
#219 = LINE('',#220,#221);
#220 = CARTESIAN_POINT('',(4.2,-30.1,0.));
#221 = VECTOR('',#222,1.);
#222 = DIRECTION('',(0.,1.,0.));
#223 = ORIENTED_EDGE('',*,*,#224,.F.);
#224 = EDGE_CURVE('',#225,#217,#227,.T.);
#225 = VERTEX_POINT('',#226);
#226 = CARTESIAN_POINT('',(3.4,-14.1,0.));
#227 = LINE('',#228,#229);
#228 = CARTESIAN_POINT('',(21.504570141802,-14.1,0.));
#229 = VECTOR('',#230,1.);
#230 = DIRECTION('',(1.,9.E-16,0.));
#231 = ORIENTED_EDGE('',*,*,#232,.T.);
#232 = EDGE_CURVE('',#225,#233,#235,.T.);
#233 = VERTEX_POINT('',#234);
#234 = CARTESIAN_POINT('',(2.6,-14.1,0.));
#235 = LINE('',#236,#237);
#236 = CARTESIAN_POINT('',(3.4,-14.1,0.));
#237 = VECTOR('',#238,1.);
#238 = DIRECTION('',(-1.,0.,0.));
#239 = ORIENTED_EDGE('',*,*,#240,.F.);
#240 = EDGE_CURVE('',#241,#233,#243,.T.);
#241 = VERTEX_POINT('',#242);
#242 = CARTESIAN_POINT('',(2.6,-30.1,0.));
#243 = LINE('',#244,#245);
#244 = CARTESIAN_POINT('',(2.6,-129.4,0.));
#245 = VECTOR('',#246,1.);
#246 = DIRECTION('',(0.,1.,0.));
#247 = ORIENTED_EDGE('',*,*,#248,.T.);
#248 = EDGE_CURVE('',#241,#207,#249,.T.);
#249 = LINE('',#250,#251);
#250 = CARTESIAN_POINT('',(2.6,-30.1,0.));
#251 = VECTOR('',#252,1.);
#252 = DIRECTION('',(1.,0.,0.));
#253 = FACE_BOUND('',#254,.T.);
#254 = EDGE_LOOP('',(#255,#265,#274,#282,#291,#299,#308,#316,#325,#333,
    #342,#350));
#255 = ORIENTED_EDGE('',*,*,#256,.F.);
#256 = EDGE_CURVE('',#257,#259,#261,.T.);
#257 = VERTEX_POINT('',#258);
#258 = CARTESIAN_POINT('',(43.4,-125.,0.));
#259 = VERTEX_POINT('',#260);
#260 = CARTESIAN_POINT('',(43.4,-96.,0.));
#261 = LINE('',#262,#263);
#262 = CARTESIAN_POINT('',(43.4,-132.,0.));
#263 = VECTOR('',#264,1.);
#264 = DIRECTION('',(0.,1.,0.));
#265 = ORIENTED_EDGE('',*,*,#266,.F.);
#266 = EDGE_CURVE('',#267,#257,#269,.T.);
#267 = VERTEX_POINT('',#268);
#268 = CARTESIAN_POINT('',(36.4,-132.,0.));
#269 = CIRCLE('',#270,7.);
#270 = AXIS2_PLACEMENT_3D('',#271,#272,#273);
#271 = CARTESIAN_POINT('',(36.4,-125.,0.));
#272 = DIRECTION('',(-0.,0.,1.));
#273 = DIRECTION('',(0.,-1.,0.));
#274 = ORIENTED_EDGE('',*,*,#275,.F.);
#275 = EDGE_CURVE('',#276,#267,#278,.T.);
#276 = VERTEX_POINT('',#277);
#277 = CARTESIAN_POINT('',(7.,-132.,0.));
#278 = LINE('',#279,#280);
#279 = CARTESIAN_POINT('',(0.,-132.,0.));
#280 = VECTOR('',#281,1.);
#281 = DIRECTION('',(1.,0.,0.));
#282 = ORIENTED_EDGE('',*,*,#283,.F.);
#283 = EDGE_CURVE('',#284,#276,#286,.T.);
#284 = VERTEX_POINT('',#285);
#285 = CARTESIAN_POINT('',(-1.E-15,-125.,0.));
#286 = CIRCLE('',#287,7.);
#287 = AXIS2_PLACEMENT_3D('',#288,#289,#290);
#288 = CARTESIAN_POINT('',(7.,-125.,0.));
#289 = DIRECTION('',(-0.,0.,1.));
#290 = DIRECTION('',(0.,-1.,0.));
#291 = ORIENTED_EDGE('',*,*,#292,.F.);
#292 = EDGE_CURVE('',#293,#284,#295,.T.);
#293 = VERTEX_POINT('',#294);
#294 = CARTESIAN_POINT('',(0.,-3.,0.));
#295 = LINE('',#296,#297);
#296 = CARTESIAN_POINT('',(0.,0.,0.));
#297 = VECTOR('',#298,1.);
#298 = DIRECTION('',(0.,-1.,0.));
#299 = ORIENTED_EDGE('',*,*,#300,.T.);
#300 = EDGE_CURVE('',#293,#301,#303,.T.);
#301 = VERTEX_POINT('',#302);
#302 = CARTESIAN_POINT('',(3.,0.,0.));
#303 = CIRCLE('',#304,3.);
#304 = AXIS2_PLACEMENT_3D('',#305,#306,#307);
#305 = CARTESIAN_POINT('',(3.,-3.,0.));
#306 = DIRECTION('',(-0.,-0.,-1.));
#307 = DIRECTION('',(0.,-1.,0.));
#308 = ORIENTED_EDGE('',*,*,#309,.F.);
#309 = EDGE_CURVE('',#310,#301,#312,.T.);
#310 = VERTEX_POINT('',#311);
#311 = CARTESIAN_POINT('',(86.,0.,0.));
#312 = LINE('',#313,#314);
#313 = CARTESIAN_POINT('',(89.,0.,0.));
#314 = VECTOR('',#315,1.);
#315 = DIRECTION('',(-1.,0.,0.));
#316 = ORIENTED_EDGE('',*,*,#317,.T.);
#317 = EDGE_CURVE('',#310,#318,#320,.T.);
#318 = VERTEX_POINT('',#319);
#319 = CARTESIAN_POINT('',(89.,-3.,0.));
#320 = CIRCLE('',#321,3.);
#321 = AXIS2_PLACEMENT_3D('',#322,#323,#324);
#322 = CARTESIAN_POINT('',(86.,-3.,0.));
#323 = DIRECTION('',(-0.,-0.,-1.));
#324 = DIRECTION('',(0.,-1.,0.));
#325 = ORIENTED_EDGE('',*,*,#326,.F.);
#326 = EDGE_CURVE('',#327,#318,#329,.T.);
#327 = VERTEX_POINT('',#328);
#328 = CARTESIAN_POINT('',(89.,-84.,0.));
#329 = LINE('',#330,#331);
#330 = CARTESIAN_POINT('',(89.,-91.,0.));
#331 = VECTOR('',#332,1.);
#332 = DIRECTION('',(0.,1.,0.));
#333 = ORIENTED_EDGE('',*,*,#334,.T.);
#334 = EDGE_CURVE('',#327,#335,#337,.T.);
#335 = VERTEX_POINT('',#336);
#336 = CARTESIAN_POINT('',(82.,-91.,0.));
#337 = CIRCLE('',#338,7.);
#338 = AXIS2_PLACEMENT_3D('',#339,#340,#341);
#339 = CARTESIAN_POINT('',(82.,-84.,0.));
#340 = DIRECTION('',(-0.,-0.,-1.));
#341 = DIRECTION('',(0.,-1.,0.));
#342 = ORIENTED_EDGE('',*,*,#343,.F.);
#343 = EDGE_CURVE('',#344,#335,#346,.T.);
#344 = VERTEX_POINT('',#345);
#345 = CARTESIAN_POINT('',(48.4,-91.,0.));
#346 = LINE('',#347,#348);
#347 = CARTESIAN_POINT('',(43.4,-91.,0.));
#348 = VECTOR('',#349,1.);
#349 = DIRECTION('',(1.,0.,0.));
#350 = ORIENTED_EDGE('',*,*,#351,.F.);
#351 = EDGE_CURVE('',#259,#344,#352,.T.);
#352 = CIRCLE('',#353,5.);
#353 = AXIS2_PLACEMENT_3D('',#354,#355,#356);
#354 = CARTESIAN_POINT('',(48.4,-96.,0.));
#355 = DIRECTION('',(-0.,-0.,-1.));
#356 = DIRECTION('',(0.,-1.,0.));
#357 = FACE_BOUND('',#358,.T.);
#358 = EDGE_LOOP('',(#359,#369,#377,#385,#394,#402,#410,#418));
#359 = ORIENTED_EDGE('',*,*,#360,.T.);
#360 = EDGE_CURVE('',#361,#363,#365,.T.);
#361 = VERTEX_POINT('',#362);
#362 = CARTESIAN_POINT('',(81.4,-87.6,0.));
#363 = VERTEX_POINT('',#364);
#364 = CARTESIAN_POINT('',(74.2,-87.6,0.));
#365 = LINE('',#366,#367);
#366 = CARTESIAN_POINT('',(85.6,-87.6,0.));
#367 = VECTOR('',#368,1.);
#368 = DIRECTION('',(-1.,0.,0.));
#369 = ORIENTED_EDGE('',*,*,#370,.T.);
#370 = EDGE_CURVE('',#363,#371,#373,.T.);
#371 = VERTEX_POINT('',#372);
#372 = CARTESIAN_POINT('',(74.2,-88.4,0.));
#373 = LINE('',#374,#375);
#374 = CARTESIAN_POINT('',(74.2,-87.6,0.));
#375 = VECTOR('',#376,1.);
#376 = DIRECTION('',(0.,-1.,0.));
#377 = ORIENTED_EDGE('',*,*,#378,.F.);
#378 = EDGE_CURVE('',#379,#371,#381,.T.);
#379 = VERTEX_POINT('',#380);
#380 = CARTESIAN_POINT('',(81.4,-88.4,0.));
#381 = LINE('',#382,#383);
#382 = CARTESIAN_POINT('',(86.4,-88.4,0.));
#383 = VECTOR('',#384,1.);
#384 = DIRECTION('',(-1.,0.,0.));
#385 = ORIENTED_EDGE('',*,*,#386,.F.);
#386 = EDGE_CURVE('',#387,#379,#389,.T.);
#387 = VERTEX_POINT('',#388);
#388 = CARTESIAN_POINT('',(86.4,-83.4,0.));
#389 = CIRCLE('',#390,5.);
#390 = AXIS2_PLACEMENT_3D('',#391,#392,#393);
#391 = CARTESIAN_POINT('',(81.4,-83.4,0.));
#392 = DIRECTION('',(0.,0.,-1.));
#393 = DIRECTION('',(0.,1.,0.));
#394 = ORIENTED_EDGE('',*,*,#395,.F.);
#395 = EDGE_CURVE('',#396,#387,#398,.T.);
#396 = VERTEX_POINT('',#397);
#397 = CARTESIAN_POINT('',(86.4,-73.4,0.));
#398 = LINE('',#399,#400);
#399 = CARTESIAN_POINT('',(86.4,-2.1,0.));
#400 = VECTOR('',#401,1.);
#401 = DIRECTION('',(0.,-1.,0.));
#402 = ORIENTED_EDGE('',*,*,#403,.T.);
#403 = EDGE_CURVE('',#396,#404,#406,.T.);
#404 = VERTEX_POINT('',#405);
#405 = CARTESIAN_POINT('',(85.6,-73.4,0.));
#406 = LINE('',#407,#408);
#407 = CARTESIAN_POINT('',(86.4,-73.4,0.));
#408 = VECTOR('',#409,1.);
#409 = DIRECTION('',(-1.,0.,0.));
#410 = ORIENTED_EDGE('',*,*,#411,.T.);
#411 = EDGE_CURVE('',#404,#412,#414,.T.);
#412 = VERTEX_POINT('',#413);
#413 = CARTESIAN_POINT('',(85.6,-83.4,0.));
#414 = LINE('',#415,#416);
#415 = CARTESIAN_POINT('',(85.6,-2.9,0.));
#416 = VECTOR('',#417,1.);
#417 = DIRECTION('',(0.,-1.,0.));
#418 = ORIENTED_EDGE('',*,*,#419,.T.);
#419 = EDGE_CURVE('',#412,#361,#420,.T.);
#420 = CIRCLE('',#421,4.2);
#421 = AXIS2_PLACEMENT_3D('',#422,#423,#424);
#422 = CARTESIAN_POINT('',(81.4,-83.4,0.));
#423 = DIRECTION('',(0.,0.,-1.));
#424 = DIRECTION('',(0.,1.,0.));
#425 = FACE_BOUND('',#426,.T.);
#426 = EDGE_LOOP('',(#427,#438,#446,#455,#463,#471,#479,#487,#495,#503,
    #511,#520,#528,#537,#545,#553));
#427 = ORIENTED_EDGE('',*,*,#428,.F.);
#428 = EDGE_CURVE('',#429,#431,#433,.T.);
#429 = VERTEX_POINT('',#430);
#430 = CARTESIAN_POINT('',(40.5,-95.4,0.));
#431 = VERTEX_POINT('',#432);
#432 = CARTESIAN_POINT('',(48.3,-87.6,0.));
#433 = CIRCLE('',#434,7.8);
#434 = AXIS2_PLACEMENT_3D('',#435,#436,#437);
#435 = CARTESIAN_POINT('',(48.3,-95.4,0.));
#436 = DIRECTION('',(0.,0.,-1.));
#437 = DIRECTION('',(0.,1.,0.));
#438 = ORIENTED_EDGE('',*,*,#439,.T.);
#439 = EDGE_CURVE('',#429,#440,#442,.T.);
#440 = VERTEX_POINT('',#441);
#441 = CARTESIAN_POINT('',(40.5,-124.4,0.));
#442 = LINE('',#443,#444);
#443 = CARTESIAN_POINT('',(40.5,-87.6,0.));
#444 = VECTOR('',#445,1.);
#445 = DIRECTION('',(0.,-1.,0.));
#446 = ORIENTED_EDGE('',*,*,#447,.T.);
#447 = EDGE_CURVE('',#440,#448,#450,.T.);
#448 = VERTEX_POINT('',#449);
#449 = CARTESIAN_POINT('',(36.3,-128.6,0.));
#450 = CIRCLE('',#451,4.2);
#451 = AXIS2_PLACEMENT_3D('',#452,#453,#454);
#452 = CARTESIAN_POINT('',(36.3,-124.4,0.));
#453 = DIRECTION('',(0.,0.,-1.));
#454 = DIRECTION('',(0.,1.,0.));
#455 = ORIENTED_EDGE('',*,*,#456,.T.);
#456 = EDGE_CURVE('',#448,#457,#459,.T.);
#457 = VERTEX_POINT('',#458);
#458 = CARTESIAN_POINT('',(34.05,-128.6,0.));
#459 = LINE('',#460,#461);
#460 = CARTESIAN_POINT('',(40.5,-128.6,0.));
#461 = VECTOR('',#462,1.);
#462 = DIRECTION('',(-1.,0.,0.));
#463 = ORIENTED_EDGE('',*,*,#464,.F.);
#464 = EDGE_CURVE('',#465,#457,#467,.T.);
#465 = VERTEX_POINT('',#466);
#466 = CARTESIAN_POINT('',(34.05,-127.7,0.));
#467 = LINE('',#468,#469);
#468 = CARTESIAN_POINT('',(34.05,-127.7,0.));
#469 = VECTOR('',#470,1.);
#470 = DIRECTION('',(0.,-1.,0.));
#471 = ORIENTED_EDGE('',*,*,#472,.F.);
#472 = EDGE_CURVE('',#473,#465,#475,.T.);
#473 = VERTEX_POINT('',#474);
#474 = CARTESIAN_POINT('',(32.05,-127.7,0.));
#475 = LINE('',#476,#477);
#476 = CARTESIAN_POINT('',(32.05,-127.7,0.));
#477 = VECTOR('',#478,1.);
#478 = DIRECTION('',(1.,0.,0.));
#479 = ORIENTED_EDGE('',*,*,#480,.F.);
#480 = EDGE_CURVE('',#481,#473,#483,.T.);
#481 = VERTEX_POINT('',#482);
#482 = CARTESIAN_POINT('',(32.05,-128.6,0.));
#483 = LINE('',#484,#485);
#484 = CARTESIAN_POINT('',(32.05,-128.6,0.));
#485 = VECTOR('',#486,1.);
#486 = DIRECTION('',(0.,1.,0.));
#487 = ORIENTED_EDGE('',*,*,#488,.T.);
#488 = EDGE_CURVE('',#481,#489,#491,.T.);
#489 = VERTEX_POINT('',#490);
#490 = CARTESIAN_POINT('',(30.55,-128.6,0.));
#491 = LINE('',#492,#493);
#492 = CARTESIAN_POINT('',(40.5,-128.6,0.));
#493 = VECTOR('',#494,1.);
#494 = DIRECTION('',(-1.,0.,0.));
#495 = ORIENTED_EDGE('',*,*,#496,.T.);
#496 = EDGE_CURVE('',#489,#497,#499,.T.);
#497 = VERTEX_POINT('',#498);
#498 = CARTESIAN_POINT('',(30.55,-129.4,0.));
#499 = LINE('',#500,#501);
#500 = CARTESIAN_POINT('',(30.55,-128.6,0.));
#501 = VECTOR('',#502,1.);
#502 = DIRECTION('',(0.,-1.,0.));
#503 = ORIENTED_EDGE('',*,*,#504,.F.);
#504 = EDGE_CURVE('',#505,#497,#507,.T.);
#505 = VERTEX_POINT('',#506);
#506 = CARTESIAN_POINT('',(36.3,-129.4,0.));
#507 = LINE('',#508,#509);
#508 = CARTESIAN_POINT('',(41.3,-129.4,0.));
#509 = VECTOR('',#510,1.);
#510 = DIRECTION('',(-1.,0.,0.));
#511 = ORIENTED_EDGE('',*,*,#512,.F.);
#512 = EDGE_CURVE('',#513,#505,#515,.T.);
#513 = VERTEX_POINT('',#514);
#514 = CARTESIAN_POINT('',(41.3,-124.4,0.));
#515 = CIRCLE('',#516,5.);
#516 = AXIS2_PLACEMENT_3D('',#517,#518,#519);
#517 = CARTESIAN_POINT('',(36.3,-124.4,0.));
#518 = DIRECTION('',(0.,0.,-1.));
#519 = DIRECTION('',(0.,1.,0.));
#520 = ORIENTED_EDGE('',*,*,#521,.F.);
#521 = EDGE_CURVE('',#522,#513,#524,.T.);
#522 = VERTEX_POINT('',#523);
#523 = CARTESIAN_POINT('',(41.3,-95.4,0.));
#524 = LINE('',#525,#526);
#525 = CARTESIAN_POINT('',(41.3,-88.4,0.));
#526 = VECTOR('',#527,1.);
#527 = DIRECTION('',(0.,-1.,0.));
#528 = ORIENTED_EDGE('',*,*,#529,.T.);
#529 = EDGE_CURVE('',#522,#530,#532,.T.);
#530 = VERTEX_POINT('',#531);
#531 = CARTESIAN_POINT('',(48.3,-88.4,0.));
#532 = CIRCLE('',#533,7.);
#533 = AXIS2_PLACEMENT_3D('',#534,#535,#536);
#534 = CARTESIAN_POINT('',(48.3,-95.4,0.));
#535 = DIRECTION('',(0.,0.,-1.));
#536 = DIRECTION('',(0.,1.,0.));
#537 = ORIENTED_EDGE('',*,*,#538,.F.);
#538 = EDGE_CURVE('',#539,#530,#541,.T.);
#539 = VERTEX_POINT('',#540);
#540 = CARTESIAN_POINT('',(56.2,-88.4,0.));
#541 = LINE('',#542,#543);
#542 = CARTESIAN_POINT('',(86.4,-88.4,0.));
#543 = VECTOR('',#544,1.);
#544 = DIRECTION('',(-1.,0.,0.));
#545 = ORIENTED_EDGE('',*,*,#546,.T.);
#546 = EDGE_CURVE('',#539,#547,#549,.T.);
#547 = VERTEX_POINT('',#548);
#548 = CARTESIAN_POINT('',(56.2,-87.6,0.));
#549 = LINE('',#550,#551);
#550 = CARTESIAN_POINT('',(56.2,-88.4,0.));
#551 = VECTOR('',#552,1.);
#552 = DIRECTION('',(0.,1.,0.));
#553 = ORIENTED_EDGE('',*,*,#554,.T.);
#554 = EDGE_CURVE('',#547,#431,#555,.T.);
#555 = LINE('',#556,#557);
#556 = CARTESIAN_POINT('',(85.6,-87.6,0.));
#557 = VECTOR('',#558,1.);
#558 = DIRECTION('',(-1.,0.,0.));
#559 = FACE_BOUND('',#560,.T.);
#560 = EDGE_LOOP('',(#561));
#561 = ORIENTED_EDGE('',*,*,#562,.T.);
#562 = EDGE_CURVE('',#563,#563,#565,.T.);
#563 = VERTEX_POINT('',#564);
#564 = CARTESIAN_POINT('',(29.05,-111.5,0.));
#565 = CIRCLE('',#566,5.);
#566 = AXIS2_PLACEMENT_3D('',#567,#568,#569);
#567 = CARTESIAN_POINT('',(24.05,-111.5,0.));
#568 = DIRECTION('',(0.,0.,1.));
#569 = DIRECTION('',(1.,0.,0.));
#570 = FACE_BOUND('',#571,.T.);
#571 = EDGE_LOOP('',(#572,#582,#590,#598,#606,#614,#622,#631,#639,#647,
    #655,#663,#671,#679,#687,#696));
#572 = ORIENTED_EDGE('',*,*,#573,.T.);
#573 = EDGE_CURVE('',#574,#576,#578,.T.);
#574 = VERTEX_POINT('',#575);
#575 = CARTESIAN_POINT('',(12.55,-129.4,0.));
#576 = VERTEX_POINT('',#577);
#577 = CARTESIAN_POINT('',(12.55,-128.6,0.));
#578 = LINE('',#579,#580);
#579 = CARTESIAN_POINT('',(12.55,-129.4,0.));
#580 = VECTOR('',#581,1.);
#581 = DIRECTION('',(0.,1.,0.));
#582 = ORIENTED_EDGE('',*,*,#583,.T.);
#583 = EDGE_CURVE('',#576,#584,#586,.T.);
#584 = VERTEX_POINT('',#585);
#585 = CARTESIAN_POINT('',(11.05,-128.6,0.));
#586 = LINE('',#587,#588);
#587 = CARTESIAN_POINT('',(40.5,-128.6,0.));
#588 = VECTOR('',#589,1.);
#589 = DIRECTION('',(-1.,0.,0.));
#590 = ORIENTED_EDGE('',*,*,#591,.F.);
#591 = EDGE_CURVE('',#592,#584,#594,.T.);
#592 = VERTEX_POINT('',#593);
#593 = CARTESIAN_POINT('',(11.05,-127.7,0.));
#594 = LINE('',#595,#596);
#595 = CARTESIAN_POINT('',(11.05,-127.7,0.));
#596 = VECTOR('',#597,1.);
#597 = DIRECTION('',(0.,-1.,0.));
#598 = ORIENTED_EDGE('',*,*,#599,.F.);
#599 = EDGE_CURVE('',#600,#592,#602,.T.);
#600 = VERTEX_POINT('',#601);
#601 = CARTESIAN_POINT('',(9.05,-127.7,0.));
#602 = LINE('',#603,#604);
#603 = CARTESIAN_POINT('',(9.05,-127.7,0.));
#604 = VECTOR('',#605,1.);
#605 = DIRECTION('',(1.,0.,0.));
#606 = ORIENTED_EDGE('',*,*,#607,.F.);
#607 = EDGE_CURVE('',#608,#600,#610,.T.);
#608 = VERTEX_POINT('',#609);
#609 = CARTESIAN_POINT('',(9.05,-128.6,0.));
#610 = LINE('',#611,#612);
#611 = CARTESIAN_POINT('',(9.05,-128.6,0.));
#612 = VECTOR('',#613,1.);
#613 = DIRECTION('',(0.,1.,0.));
#614 = ORIENTED_EDGE('',*,*,#615,.T.);
#615 = EDGE_CURVE('',#608,#616,#618,.T.);
#616 = VERTEX_POINT('',#617);
#617 = CARTESIAN_POINT('',(7.6,-128.6,0.));
#618 = LINE('',#619,#620);
#619 = CARTESIAN_POINT('',(40.5,-128.6,0.));
#620 = VECTOR('',#621,1.);
#621 = DIRECTION('',(-1.,0.,0.));
#622 = ORIENTED_EDGE('',*,*,#623,.F.);
#623 = EDGE_CURVE('',#624,#616,#626,.T.);
#624 = VERTEX_POINT('',#625);
#625 = CARTESIAN_POINT('',(3.4,-124.4,0.));
#626 = CIRCLE('',#627,4.2);
#627 = AXIS2_PLACEMENT_3D('',#628,#629,#630);
#628 = CARTESIAN_POINT('',(7.6,-124.4,0.));
#629 = DIRECTION('',(0.,-0.,1.));
#630 = DIRECTION('',(0.,1.,0.));
#631 = ORIENTED_EDGE('',*,*,#632,.T.);
#632 = EDGE_CURVE('',#624,#633,#635,.T.);
#633 = VERTEX_POINT('',#634);
#634 = CARTESIAN_POINT('',(3.4,-122.4,0.));
#635 = LINE('',#636,#637);
#636 = CARTESIAN_POINT('',(3.4,-128.6,0.));
#637 = VECTOR('',#638,1.);
#638 = DIRECTION('',(0.,1.,0.));
#639 = ORIENTED_EDGE('',*,*,#640,.T.);
#640 = EDGE_CURVE('',#633,#641,#643,.T.);
#641 = VERTEX_POINT('',#642);
#642 = CARTESIAN_POINT('',(4.3,-122.4,0.));
#643 = LINE('',#644,#645);
#644 = CARTESIAN_POINT('',(3.4,-122.4,0.));
#645 = VECTOR('',#646,1.);
#646 = DIRECTION('',(1.,0.,0.));
#647 = ORIENTED_EDGE('',*,*,#648,.T.);
#648 = EDGE_CURVE('',#641,#649,#651,.T.);
#649 = VERTEX_POINT('',#650);
#650 = CARTESIAN_POINT('',(4.3,-120.4,0.));
#651 = LINE('',#652,#653);
#652 = CARTESIAN_POINT('',(4.3,-122.4,0.));
#653 = VECTOR('',#654,1.);
#654 = DIRECTION('',(0.,1.,0.));
#655 = ORIENTED_EDGE('',*,*,#656,.T.);
#656 = EDGE_CURVE('',#649,#657,#659,.T.);
#657 = VERTEX_POINT('',#658);
#658 = CARTESIAN_POINT('',(3.4,-120.4,0.));
#659 = LINE('',#660,#661);
#660 = CARTESIAN_POINT('',(4.3,-120.4,0.));
#661 = VECTOR('',#662,1.);
#662 = DIRECTION('',(-1.,0.,0.));
#663 = ORIENTED_EDGE('',*,*,#664,.T.);
#664 = EDGE_CURVE('',#657,#665,#667,.T.);
#665 = VERTEX_POINT('',#666);
#666 = CARTESIAN_POINT('',(3.4,-115.4,0.));
#667 = LINE('',#668,#669);
#668 = CARTESIAN_POINT('',(3.4,-128.6,0.));
#669 = VECTOR('',#670,1.);
#670 = DIRECTION('',(0.,1.,0.));
#671 = ORIENTED_EDGE('',*,*,#672,.T.);
#672 = EDGE_CURVE('',#665,#673,#675,.T.);
#673 = VERTEX_POINT('',#674);
#674 = CARTESIAN_POINT('',(2.6,-115.4,0.));
#675 = LINE('',#676,#677);
#676 = CARTESIAN_POINT('',(3.4,-115.4,0.));
#677 = VECTOR('',#678,1.);
#678 = DIRECTION('',(-1.,0.,0.));
#679 = ORIENTED_EDGE('',*,*,#680,.F.);
#680 = EDGE_CURVE('',#681,#673,#683,.T.);
#681 = VERTEX_POINT('',#682);
#682 = CARTESIAN_POINT('',(2.6,-124.4,0.));
#683 = LINE('',#684,#685);
#684 = CARTESIAN_POINT('',(2.6,-129.4,0.));
#685 = VECTOR('',#686,1.);
#686 = DIRECTION('',(0.,1.,0.));
#687 = ORIENTED_EDGE('',*,*,#688,.T.);
#688 = EDGE_CURVE('',#681,#689,#691,.T.);
#689 = VERTEX_POINT('',#690);
#690 = CARTESIAN_POINT('',(7.6,-129.4,0.));
#691 = CIRCLE('',#692,5.);
#692 = AXIS2_PLACEMENT_3D('',#693,#694,#695);
#693 = CARTESIAN_POINT('',(7.6,-124.4,0.));
#694 = DIRECTION('',(0.,-0.,1.));
#695 = DIRECTION('',(0.,1.,0.));
#696 = ORIENTED_EDGE('',*,*,#697,.F.);
#697 = EDGE_CURVE('',#574,#689,#698,.T.);
#698 = LINE('',#699,#700);
#699 = CARTESIAN_POINT('',(41.3,-129.4,0.));
#700 = VECTOR('',#701,1.);
#701 = DIRECTION('',(-1.,0.,0.));
#702 = FACE_BOUND('',#703,.T.);
#703 = EDGE_LOOP('',(#704));
#704 = ORIENTED_EDGE('',*,*,#705,.T.);
#705 = EDGE_CURVE('',#706,#706,#708,.T.);
#706 = VERTEX_POINT('',#707);
#707 = CARTESIAN_POINT('',(31.6487883,-65.8261061,0.));
#708 = CIRCLE('',#709,3.5);
#709 = AXIS2_PLACEMENT_3D('',#710,#711,#712);
#710 = CARTESIAN_POINT('',(28.1487883,-65.8261061,0.));
#711 = DIRECTION('',(0.,0.,1.));
#712 = DIRECTION('',(1.,0.,0.));
#713 = FACE_BOUND('',#714,.T.);
#714 = EDGE_LOOP('',(#715,#725,#734,#742,#751,#759,#768,#776));
#715 = ORIENTED_EDGE('',*,*,#716,.T.);
#716 = EDGE_CURVE('',#717,#719,#721,.T.);
#717 = VERTEX_POINT('',#718);
#718 = CARTESIAN_POINT('',(31.8395,-97.124,0.));
#719 = VERTEX_POINT('',#720);
#720 = CARTESIAN_POINT('',(31.8395,-77.124,0.));
#721 = LINE('',#722,#723);
#722 = CARTESIAN_POINT('',(31.8395,-98.124,0.));
#723 = VECTOR('',#724,1.);
#724 = DIRECTION('',(0.,1.,0.));
#725 = ORIENTED_EDGE('',*,*,#726,.T.);
#726 = EDGE_CURVE('',#719,#727,#729,.T.);
#727 = VERTEX_POINT('',#728);
#728 = CARTESIAN_POINT('',(30.8395,-76.124,0.));
#729 = CIRCLE('',#730,1.);
#730 = AXIS2_PLACEMENT_3D('',#731,#732,#733);
#731 = CARTESIAN_POINT('',(30.8395,-77.124,0.));
#732 = DIRECTION('',(-0.,0.,1.));
#733 = DIRECTION('',(0.,-1.,0.));
#734 = ORIENTED_EDGE('',*,*,#735,.T.);
#735 = EDGE_CURVE('',#727,#736,#738,.T.);
#736 = VERTEX_POINT('',#737);
#737 = CARTESIAN_POINT('',(10.8395,-76.124,0.));
#738 = LINE('',#739,#740);
#739 = CARTESIAN_POINT('',(31.8395,-76.124,0.));
#740 = VECTOR('',#741,1.);
#741 = DIRECTION('',(-1.,0.,0.));
#742 = ORIENTED_EDGE('',*,*,#743,.T.);
#743 = EDGE_CURVE('',#736,#744,#746,.T.);
#744 = VERTEX_POINT('',#745);
#745 = CARTESIAN_POINT('',(9.8395,-77.124,0.));
#746 = CIRCLE('',#747,1.);
#747 = AXIS2_PLACEMENT_3D('',#748,#749,#750);
#748 = CARTESIAN_POINT('',(10.8395,-77.124,0.));
#749 = DIRECTION('',(-0.,0.,1.));
#750 = DIRECTION('',(0.,-1.,0.));
#751 = ORIENTED_EDGE('',*,*,#752,.T.);
#752 = EDGE_CURVE('',#744,#753,#755,.T.);
#753 = VERTEX_POINT('',#754);
#754 = CARTESIAN_POINT('',(9.8395,-97.124,0.));
#755 = LINE('',#756,#757);
#756 = CARTESIAN_POINT('',(9.8395,-76.124,0.));
#757 = VECTOR('',#758,1.);
#758 = DIRECTION('',(0.,-1.,0.));
#759 = ORIENTED_EDGE('',*,*,#760,.T.);
#760 = EDGE_CURVE('',#753,#761,#763,.T.);
#761 = VERTEX_POINT('',#762);
#762 = CARTESIAN_POINT('',(10.8395,-98.124,0.));
#763 = CIRCLE('',#764,1.);
#764 = AXIS2_PLACEMENT_3D('',#765,#766,#767);
#765 = CARTESIAN_POINT('',(10.8395,-97.124,0.));
#766 = DIRECTION('',(-0.,0.,1.));
#767 = DIRECTION('',(0.,-1.,0.));
#768 = ORIENTED_EDGE('',*,*,#769,.T.);
#769 = EDGE_CURVE('',#761,#770,#772,.T.);
#770 = VERTEX_POINT('',#771);
#771 = CARTESIAN_POINT('',(30.8395,-98.124,0.));
#772 = LINE('',#773,#774);
#773 = CARTESIAN_POINT('',(9.8395,-98.124,0.));
#774 = VECTOR('',#775,1.);
#775 = DIRECTION('',(1.,0.,0.));
#776 = ORIENTED_EDGE('',*,*,#777,.F.);
#777 = EDGE_CURVE('',#717,#770,#778,.T.);
#778 = CIRCLE('',#779,1.);
#779 = AXIS2_PLACEMENT_3D('',#780,#781,#782);
#780 = CARTESIAN_POINT('',(30.8395,-97.124,0.));
#781 = DIRECTION('',(-0.,-0.,-1.));
#782 = DIRECTION('',(0.,-1.,0.));
#783 = FACE_BOUND('',#784,.T.);
#784 = EDGE_LOOP('',(#785,#795,#803,#811));
#785 = ORIENTED_EDGE('',*,*,#786,.T.);
#786 = EDGE_CURVE('',#787,#789,#791,.T.);
#787 = VERTEX_POINT('',#788);
#788 = CARTESIAN_POINT('',(85.6,-31.1,0.));
#789 = VERTEX_POINT('',#790);
#790 = CARTESIAN_POINT('',(85.6,-55.39999999999,0.));
#791 = LINE('',#792,#793);
#792 = CARTESIAN_POINT('',(85.6,-2.9,0.));
#793 = VECTOR('',#794,1.);
#794 = DIRECTION('',(0.,-1.,0.));
#795 = ORIENTED_EDGE('',*,*,#796,.T.);
#796 = EDGE_CURVE('',#789,#797,#799,.T.);
#797 = VERTEX_POINT('',#798);
#798 = CARTESIAN_POINT('',(86.4,-55.39999999999,0.));
#799 = LINE('',#800,#801);
#800 = CARTESIAN_POINT('',(85.6,-55.39999999999,0.));
#801 = VECTOR('',#802,1.);
#802 = DIRECTION('',(1.,0.,0.));
#803 = ORIENTED_EDGE('',*,*,#804,.F.);
#804 = EDGE_CURVE('',#805,#797,#807,.T.);
#805 = VERTEX_POINT('',#806);
#806 = CARTESIAN_POINT('',(86.4,-31.1,0.));
#807 = LINE('',#808,#809);
#808 = CARTESIAN_POINT('',(86.4,-2.1,0.));
#809 = VECTOR('',#810,1.);
#810 = DIRECTION('',(0.,-1.,0.));
#811 = ORIENTED_EDGE('',*,*,#812,.T.);
#812 = EDGE_CURVE('',#805,#787,#813,.T.);
#813 = LINE('',#814,#815);
#814 = CARTESIAN_POINT('',(86.4,-31.1,0.));
#815 = VECTOR('',#816,1.);
#816 = DIRECTION('',(-1.,0.,0.));
#817 = FACE_BOUND('',#818,.T.);
#818 = EDGE_LOOP('',(#819,#829,#837,#845,#854,#862,#871,#879,#887,#895)
  );
#819 = ORIENTED_EDGE('',*,*,#820,.T.);
#820 = EDGE_CURVE('',#821,#823,#825,.T.);
#821 = VERTEX_POINT('',#822);
#822 = CARTESIAN_POINT('',(85.6,-2.9,0.));
#823 = VERTEX_POINT('',#824);
#824 = CARTESIAN_POINT('',(85.6,-13.1,0.));
#825 = LINE('',#826,#827);
#826 = CARTESIAN_POINT('',(85.6,-2.9,0.));
#827 = VECTOR('',#828,1.);
#828 = DIRECTION('',(0.,-1.,0.));
#829 = ORIENTED_EDGE('',*,*,#830,.T.);
#830 = EDGE_CURVE('',#823,#831,#833,.T.);
#831 = VERTEX_POINT('',#832);
#832 = CARTESIAN_POINT('',(86.4,-13.1,0.));
#833 = LINE('',#834,#835);
#834 = CARTESIAN_POINT('',(85.6,-13.1,0.));
#835 = VECTOR('',#836,1.);
#836 = DIRECTION('',(1.,0.,0.));
#837 = ORIENTED_EDGE('',*,*,#838,.F.);
#838 = EDGE_CURVE('',#839,#831,#841,.T.);
#839 = VERTEX_POINT('',#840);
#840 = CARTESIAN_POINT('',(86.4,-3.1,0.));
#841 = LINE('',#842,#843);
#842 = CARTESIAN_POINT('',(86.4,-2.1,0.));
#843 = VECTOR('',#844,1.);
#844 = DIRECTION('',(0.,-1.,0.));
#845 = ORIENTED_EDGE('',*,*,#846,.T.);
#846 = EDGE_CURVE('',#839,#847,#849,.T.);
#847 = VERTEX_POINT('',#848);
#848 = CARTESIAN_POINT('',(85.4,-2.1,0.));
#849 = CIRCLE('',#850,1.);
#850 = AXIS2_PLACEMENT_3D('',#851,#852,#853);
#851 = CARTESIAN_POINT('',(85.4,-3.1,0.));
#852 = DIRECTION('',(0.,-0.,1.));
#853 = DIRECTION('',(0.,1.,0.));
#854 = ORIENTED_EDGE('',*,*,#855,.F.);
#855 = EDGE_CURVE('',#856,#847,#858,.T.);
#856 = VERTEX_POINT('',#857);
#857 = CARTESIAN_POINT('',(3.6,-2.1,0.));
#858 = LINE('',#859,#860);
#859 = CARTESIAN_POINT('',(2.6,-2.1,0.));
#860 = VECTOR('',#861,1.);
#861 = DIRECTION('',(1.,0.,0.));
#862 = ORIENTED_EDGE('',*,*,#863,.F.);
#863 = EDGE_CURVE('',#864,#856,#866,.T.);
#864 = VERTEX_POINT('',#865);
#865 = CARTESIAN_POINT('',(2.6,-3.1,0.));
#866 = CIRCLE('',#867,1.);
#867 = AXIS2_PLACEMENT_3D('',#868,#869,#870);
#868 = CARTESIAN_POINT('',(3.6,-3.1,0.));
#869 = DIRECTION('',(0.,0.,-1.));
#870 = DIRECTION('',(0.,1.,0.));
#871 = ORIENTED_EDGE('',*,*,#872,.F.);
#872 = EDGE_CURVE('',#873,#864,#875,.T.);
#873 = VERTEX_POINT('',#874);
#874 = CARTESIAN_POINT('',(2.6,-13.1,0.));
#875 = LINE('',#876,#877);
#876 = CARTESIAN_POINT('',(2.6,-129.4,0.));
#877 = VECTOR('',#878,1.);
#878 = DIRECTION('',(0.,1.,0.));
#879 = ORIENTED_EDGE('',*,*,#880,.T.);
#880 = EDGE_CURVE('',#873,#881,#883,.T.);
#881 = VERTEX_POINT('',#882);
#882 = CARTESIAN_POINT('',(3.4,-13.1,0.));
#883 = LINE('',#884,#885);
#884 = CARTESIAN_POINT('',(2.6,-13.1,0.));
#885 = VECTOR('',#886,1.);
#886 = DIRECTION('',(1.,0.,0.));
#887 = ORIENTED_EDGE('',*,*,#888,.T.);
#888 = EDGE_CURVE('',#881,#889,#891,.T.);
#889 = VERTEX_POINT('',#890);
#890 = CARTESIAN_POINT('',(3.4,-2.9,0.));
#891 = LINE('',#892,#893);
#892 = CARTESIAN_POINT('',(3.4,-128.6,0.));
#893 = VECTOR('',#894,1.);
#894 = DIRECTION('',(0.,1.,0.));
#895 = ORIENTED_EDGE('',*,*,#896,.T.);
#896 = EDGE_CURVE('',#889,#821,#897,.T.);
#897 = LINE('',#898,#899);
#898 = CARTESIAN_POINT('',(3.4,-2.9,0.));
#899 = VECTOR('',#900,1.);
#900 = DIRECTION('',(1.,0.,0.));
#901 = FACE_BOUND('',#902,.T.);
#902 = EDGE_LOOP('',(#903));
#903 = ORIENTED_EDGE('',*,*,#904,.T.);
#904 = EDGE_CURVE('',#905,#905,#907,.T.);
#905 = VERTEX_POINT('',#906);
#906 = CARTESIAN_POINT('',(25.2000003,-58.5794611,0.));
#907 = CIRCLE('',#908,3.5);
#908 = AXIS2_PLACEMENT_3D('',#909,#910,#911);
#909 = CARTESIAN_POINT('',(21.7000003,-58.5794611,0.));
#910 = DIRECTION('',(0.,0.,1.));
#911 = DIRECTION('',(1.,0.,0.));
#912 = FACE_BOUND('',#913,.T.);
#913 = EDGE_LOOP('',(#914,#924,#932,#940,#948,#956,#964,#972,#980,#988,
    #996,#1004));
#914 = ORIENTED_EDGE('',*,*,#915,.T.);
#915 = EDGE_CURVE('',#916,#918,#920,.T.);
#916 = VERTEX_POINT('',#917);
#917 = CARTESIAN_POINT('',(2.6,-97.4,0.));
#918 = VERTEX_POINT('',#919);
#919 = CARTESIAN_POINT('',(3.4,-97.4,0.));
#920 = LINE('',#921,#922);
#921 = CARTESIAN_POINT('',(2.6,-97.4,0.));
#922 = VECTOR('',#923,1.);
#923 = DIRECTION('',(1.,0.,0.));
#924 = ORIENTED_EDGE('',*,*,#925,.T.);
#925 = EDGE_CURVE('',#918,#926,#928,.T.);
#926 = VERTEX_POINT('',#927);
#927 = CARTESIAN_POINT('',(3.4,-88.95,0.));
#928 = LINE('',#929,#930);
#929 = CARTESIAN_POINT('',(3.4,-128.6,0.));
#930 = VECTOR('',#931,1.);
#931 = DIRECTION('',(0.,1.,0.));
#932 = ORIENTED_EDGE('',*,*,#933,.T.);
#933 = EDGE_CURVE('',#926,#934,#936,.T.);
#934 = VERTEX_POINT('',#935);
#935 = CARTESIAN_POINT('',(4.3,-88.95,0.));
#936 = LINE('',#937,#938);
#937 = CARTESIAN_POINT('',(3.4,-88.95,0.));
#938 = VECTOR('',#939,1.);
#939 = DIRECTION('',(1.,0.,0.));
#940 = ORIENTED_EDGE('',*,*,#941,.T.);
#941 = EDGE_CURVE('',#934,#942,#944,.T.);
#942 = VERTEX_POINT('',#943);
#943 = CARTESIAN_POINT('',(4.3,-86.95,0.));
#944 = LINE('',#945,#946);
#945 = CARTESIAN_POINT('',(4.3,-88.95,0.));
#946 = VECTOR('',#947,1.);
#947 = DIRECTION('',(0.,1.,0.));
#948 = ORIENTED_EDGE('',*,*,#949,.T.);
#949 = EDGE_CURVE('',#942,#950,#952,.T.);
#950 = VERTEX_POINT('',#951);
#951 = CARTESIAN_POINT('',(3.4,-86.95,0.));
#952 = LINE('',#953,#954);
#953 = CARTESIAN_POINT('',(4.3,-86.95,0.));
#954 = VECTOR('',#955,1.);
#955 = DIRECTION('',(-1.,0.,0.));
#956 = ORIENTED_EDGE('',*,*,#957,.T.);
#957 = EDGE_CURVE('',#950,#958,#960,.T.);
#958 = VERTEX_POINT('',#959);
#959 = CARTESIAN_POINT('',(3.4,-56.5,0.));
#960 = LINE('',#961,#962);
#961 = CARTESIAN_POINT('',(3.4,-128.6,0.));
#962 = VECTOR('',#963,1.);
#963 = DIRECTION('',(0.,1.,0.));
#964 = ORIENTED_EDGE('',*,*,#965,.F.);
#965 = EDGE_CURVE('',#966,#958,#968,.T.);
#966 = VERTEX_POINT('',#967);
#967 = CARTESIAN_POINT('',(4.3,-56.5,0.));
#968 = LINE('',#969,#970);
#969 = CARTESIAN_POINT('',(4.3,-56.5,0.));
#970 = VECTOR('',#971,1.);
#971 = DIRECTION('',(-1.,0.,0.));
#972 = ORIENTED_EDGE('',*,*,#973,.F.);
#973 = EDGE_CURVE('',#974,#966,#976,.T.);
#974 = VERTEX_POINT('',#975);
#975 = CARTESIAN_POINT('',(4.3,-54.5,0.));
#976 = LINE('',#977,#978);
#977 = CARTESIAN_POINT('',(4.3,-54.5,0.));
#978 = VECTOR('',#979,1.);
#979 = DIRECTION('',(0.,-1.,0.));
#980 = ORIENTED_EDGE('',*,*,#981,.F.);
#981 = EDGE_CURVE('',#982,#974,#984,.T.);
#982 = VERTEX_POINT('',#983);
#983 = CARTESIAN_POINT('',(3.4,-54.5,0.));
#984 = LINE('',#985,#986);
#985 = CARTESIAN_POINT('',(3.4,-54.5,0.));
#986 = VECTOR('',#987,1.);
#987 = DIRECTION('',(1.,0.,0.));
#988 = ORIENTED_EDGE('',*,*,#989,.T.);
#989 = EDGE_CURVE('',#982,#990,#992,.T.);
#990 = VERTEX_POINT('',#991);
#991 = CARTESIAN_POINT('',(3.4,-31.1,0.));
#992 = LINE('',#993,#994);
#993 = CARTESIAN_POINT('',(3.4,-128.6,0.));
#994 = VECTOR('',#995,1.);
#995 = DIRECTION('',(0.,1.,0.));
#996 = ORIENTED_EDGE('',*,*,#997,.T.);
#997 = EDGE_CURVE('',#990,#998,#1000,.T.);
#998 = VERTEX_POINT('',#999);
#999 = CARTESIAN_POINT('',(2.6,-31.1,0.));
#1000 = LINE('',#1001,#1002);
#1001 = CARTESIAN_POINT('',(3.4,-31.1,0.));
#1002 = VECTOR('',#1003,1.);
#1003 = DIRECTION('',(-1.,0.,0.));
#1004 = ORIENTED_EDGE('',*,*,#1005,.F.);
#1005 = EDGE_CURVE('',#916,#998,#1006,.T.);
#1006 = LINE('',#1007,#1008);
#1007 = CARTESIAN_POINT('',(2.6,-129.4,0.));
#1008 = VECTOR('',#1009,1.);
#1009 = DIRECTION('',(0.,1.,0.));
#1010 = FACE_BOUND('',#1011,.T.);
#1011 = EDGE_LOOP('',(#1012,#1013,#1014,#1020));
#1012 = ORIENTED_EDGE('',*,*,#48,.F.);
#1013 = ORIENTED_EDGE('',*,*,#168,.F.);
#1014 = ORIENTED_EDGE('',*,*,#1015,.F.);
#1015 = EDGE_CURVE('',#185,#159,#1016,.T.);
#1016 = LINE('',#1017,#1018);
#1017 = CARTESIAN_POINT('',(8.4,-49.5,0.));
#1018 = VECTOR('',#1019,1.);
#1019 = DIRECTION('',(0.,1.,0.));
#1020 = ORIENTED_EDGE('',*,*,#192,.F.);
#1021 = FACE_BOUND('',#1022,.T.);
#1022 = EDGE_LOOP('',(#1023,#1033,#1041,#1049,#1057,#1065));
#1023 = ORIENTED_EDGE('',*,*,#1024,.T.);
#1024 = EDGE_CURVE('',#1025,#1027,#1029,.T.);
#1025 = VERTEX_POINT('',#1026);
#1026 = CARTESIAN_POINT('',(3.4,-114.4,0.));
#1027 = VERTEX_POINT('',#1028);
#1028 = CARTESIAN_POINT('',(4.2,-114.4,0.));
#1029 = LINE('',#1030,#1031);
#1030 = CARTESIAN_POINT('',(21.504570146074,-114.4,0.));
#1031 = VECTOR('',#1032,1.);
#1032 = DIRECTION('',(1.,-1.081E-14,0.));
#1033 = ORIENTED_EDGE('',*,*,#1034,.T.);
#1034 = EDGE_CURVE('',#1027,#1035,#1037,.T.);
#1035 = VERTEX_POINT('',#1036);
#1036 = CARTESIAN_POINT('',(4.2,-98.4,0.));
#1037 = LINE('',#1038,#1039);
#1038 = CARTESIAN_POINT('',(4.2,-114.4,0.));
#1039 = VECTOR('',#1040,1.);
#1040 = DIRECTION('',(0.,1.,0.));
#1041 = ORIENTED_EDGE('',*,*,#1042,.F.);
#1042 = EDGE_CURVE('',#1043,#1035,#1045,.T.);
#1043 = VERTEX_POINT('',#1044);
#1044 = CARTESIAN_POINT('',(3.4,-98.4,0.));
#1045 = LINE('',#1046,#1047);
#1046 = CARTESIAN_POINT('',(21.504570146074,-98.4,0.));
#1047 = VECTOR('',#1048,1.);
#1048 = DIRECTION('',(1.,0.,0.));
#1049 = ORIENTED_EDGE('',*,*,#1050,.T.);
#1050 = EDGE_CURVE('',#1043,#1051,#1053,.T.);
#1051 = VERTEX_POINT('',#1052);
#1052 = CARTESIAN_POINT('',(2.6,-98.4,0.));
#1053 = LINE('',#1054,#1055);
#1054 = CARTESIAN_POINT('',(3.4,-98.4,0.));
#1055 = VECTOR('',#1056,1.);
#1056 = DIRECTION('',(-1.,0.,0.));
#1057 = ORIENTED_EDGE('',*,*,#1058,.F.);
#1058 = EDGE_CURVE('',#1059,#1051,#1061,.T.);
#1059 = VERTEX_POINT('',#1060);
#1060 = CARTESIAN_POINT('',(2.6,-114.4,0.));
#1061 = LINE('',#1062,#1063);
#1062 = CARTESIAN_POINT('',(2.6,-129.4,0.));
#1063 = VECTOR('',#1064,1.);
#1064 = DIRECTION('',(0.,1.,0.));
#1065 = ORIENTED_EDGE('',*,*,#1066,.T.);
#1066 = EDGE_CURVE('',#1059,#1025,#1067,.T.);
#1067 = LINE('',#1068,#1069);
#1068 = CARTESIAN_POINT('',(2.6,-114.4,0.));
#1069 = VECTOR('',#1070,1.);
#1070 = DIRECTION('',(1.,0.,0.));
#1071 = FACE_BOUND('',#1072,.T.);
#1072 = EDGE_LOOP('',(#1073,#1083,#1091,#1099,#1107,#1115));
#1073 = ORIENTED_EDGE('',*,*,#1074,.T.);
#1074 = EDGE_CURVE('',#1075,#1077,#1079,.T.);
#1075 = VERTEX_POINT('',#1076);
#1076 = CARTESIAN_POINT('',(29.55,-128.6,0.));
#1077 = VERTEX_POINT('',#1078);
#1078 = CARTESIAN_POINT('',(29.55,-127.8,0.));
#1079 = LINE('',#1080,#1081);
#1080 = CARTESIAN_POINT('',(29.55,-94.93518336832,0.));
#1081 = VECTOR('',#1082,1.);
#1082 = DIRECTION('',(9.01E-15,1.,0.));
#1083 = ORIENTED_EDGE('',*,*,#1084,.T.);
#1084 = EDGE_CURVE('',#1077,#1085,#1087,.T.);
#1085 = VERTEX_POINT('',#1086);
#1086 = CARTESIAN_POINT('',(13.55,-127.8,0.));
#1087 = LINE('',#1088,#1089);
#1088 = CARTESIAN_POINT('',(29.55,-127.8,0.));
#1089 = VECTOR('',#1090,1.);
#1090 = DIRECTION('',(-1.,0.,0.));
#1091 = ORIENTED_EDGE('',*,*,#1092,.F.);
#1092 = EDGE_CURVE('',#1093,#1085,#1095,.T.);
#1093 = VERTEX_POINT('',#1094);
#1094 = CARTESIAN_POINT('',(13.55,-128.6,0.));
#1095 = LINE('',#1096,#1097);
#1096 = CARTESIAN_POINT('',(13.55,-94.93518336832,0.));
#1097 = VECTOR('',#1098,1.);
#1098 = DIRECTION('',(0.,1.,0.));
#1099 = ORIENTED_EDGE('',*,*,#1100,.T.);
#1100 = EDGE_CURVE('',#1093,#1101,#1103,.T.);
#1101 = VERTEX_POINT('',#1102);
#1102 = CARTESIAN_POINT('',(13.55,-129.4,0.));
#1103 = LINE('',#1104,#1105);
#1104 = CARTESIAN_POINT('',(13.55,-128.6,0.));
#1105 = VECTOR('',#1106,1.);
#1106 = DIRECTION('',(0.,-1.,0.));
#1107 = ORIENTED_EDGE('',*,*,#1108,.F.);
#1108 = EDGE_CURVE('',#1109,#1101,#1111,.T.);
#1109 = VERTEX_POINT('',#1110);
#1110 = CARTESIAN_POINT('',(29.55,-129.4,0.));
#1111 = LINE('',#1112,#1113);
#1112 = CARTESIAN_POINT('',(41.3,-129.4,0.));
#1113 = VECTOR('',#1114,1.);
#1114 = DIRECTION('',(-1.,0.,0.));
#1115 = ORIENTED_EDGE('',*,*,#1116,.T.);
#1116 = EDGE_CURVE('',#1109,#1075,#1117,.T.);
#1117 = LINE('',#1118,#1119);
#1118 = CARTESIAN_POINT('',(29.55,-129.4,0.));
#1119 = VECTOR('',#1120,1.);
#1120 = DIRECTION('',(0.,1.,0.));
#1121 = FACE_BOUND('',#1122,.T.);
#1122 = EDGE_LOOP('',(#1123,#1133,#1141,#1149,#1157,#1165));
#1123 = ORIENTED_EDGE('',*,*,#1124,.T.);
#1124 = EDGE_CURVE('',#1125,#1127,#1129,.T.);
#1125 = VERTEX_POINT('',#1126);
#1126 = CARTESIAN_POINT('',(73.2,-87.6,0.));
#1127 = VERTEX_POINT('',#1128);
#1128 = CARTESIAN_POINT('',(73.2,-86.8,0.));
#1129 = LINE('',#1130,#1131);
#1130 = CARTESIAN_POINT('',(73.200000000001,-74.43518336833,0.));
#1131 = VECTOR('',#1132,1.);
#1132 = DIRECTION('',(7.028E-14,1.,0.));
#1133 = ORIENTED_EDGE('',*,*,#1134,.T.);
#1134 = EDGE_CURVE('',#1127,#1135,#1137,.T.);
#1135 = VERTEX_POINT('',#1136);
#1136 = CARTESIAN_POINT('',(57.2,-86.8,0.));
#1137 = LINE('',#1138,#1139);
#1138 = CARTESIAN_POINT('',(73.2,-86.8,0.));
#1139 = VECTOR('',#1140,1.);
#1140 = DIRECTION('',(-1.,0.,0.));
#1141 = ORIENTED_EDGE('',*,*,#1142,.F.);
#1142 = EDGE_CURVE('',#1143,#1135,#1145,.T.);
#1143 = VERTEX_POINT('',#1144);
#1144 = CARTESIAN_POINT('',(57.2,-87.6,0.));
#1145 = LINE('',#1146,#1147);
#1146 = CARTESIAN_POINT('',(57.2,-74.43518336832,0.));
#1147 = VECTOR('',#1148,1.);
#1148 = DIRECTION('',(0.,1.,0.));
#1149 = ORIENTED_EDGE('',*,*,#1150,.T.);
#1150 = EDGE_CURVE('',#1143,#1151,#1153,.T.);
#1151 = VERTEX_POINT('',#1152);
#1152 = CARTESIAN_POINT('',(57.2,-88.4,0.));
#1153 = LINE('',#1154,#1155);
#1154 = CARTESIAN_POINT('',(57.2,-87.6,0.));
#1155 = VECTOR('',#1156,1.);
#1156 = DIRECTION('',(0.,-1.,0.));
#1157 = ORIENTED_EDGE('',*,*,#1158,.F.);
#1158 = EDGE_CURVE('',#1159,#1151,#1161,.T.);
#1159 = VERTEX_POINT('',#1160);
#1160 = CARTESIAN_POINT('',(73.2,-88.4,0.));
#1161 = LINE('',#1162,#1163);
#1162 = CARTESIAN_POINT('',(86.4,-88.4,0.));
#1163 = VECTOR('',#1164,1.);
#1164 = DIRECTION('',(-1.,0.,0.));
#1165 = ORIENTED_EDGE('',*,*,#1166,.T.);
#1166 = EDGE_CURVE('',#1159,#1125,#1167,.T.);
#1167 = LINE('',#1168,#1169);
#1168 = CARTESIAN_POINT('',(73.2,-88.4,0.));
#1169 = VECTOR('',#1170,1.);
#1170 = DIRECTION('',(0.,1.,0.));
#1171 = FACE_BOUND('',#1172,.T.);
#1172 = EDGE_LOOP('',(#1173,#1183,#1191,#1199,#1207,#1215));
#1173 = ORIENTED_EDGE('',*,*,#1174,.T.);
#1174 = EDGE_CURVE('',#1175,#1177,#1179,.T.);
#1175 = VERTEX_POINT('',#1176);
#1176 = CARTESIAN_POINT('',(85.6,-14.1,0.));
#1177 = VERTEX_POINT('',#1178);
#1178 = CARTESIAN_POINT('',(84.8,-14.1,0.));
#1179 = LINE('',#1180,#1181);
#1180 = CARTESIAN_POINT('',(63.132989810375,-14.1,0.));
#1181 = VECTOR('',#1182,1.);
#1182 = DIRECTION('',(-1.,-3.6E-15,0.));
#1183 = ORIENTED_EDGE('',*,*,#1184,.T.);
#1184 = EDGE_CURVE('',#1177,#1185,#1187,.T.);
#1185 = VERTEX_POINT('',#1186);
#1186 = CARTESIAN_POINT('',(84.8,-30.1,0.));
#1187 = LINE('',#1188,#1189);
#1188 = CARTESIAN_POINT('',(84.8,-14.1,0.));
#1189 = VECTOR('',#1190,1.);
#1190 = DIRECTION('',(0.,-1.,0.));
#1191 = ORIENTED_EDGE('',*,*,#1192,.F.);
#1192 = EDGE_CURVE('',#1193,#1185,#1195,.T.);
#1193 = VERTEX_POINT('',#1194);
#1194 = CARTESIAN_POINT('',(85.6,-30.1,0.));
#1195 = LINE('',#1196,#1197);
#1196 = CARTESIAN_POINT('',(63.132989810376,-30.1,0.));
#1197 = VECTOR('',#1198,1.);
#1198 = DIRECTION('',(-1.,0.,0.));
#1199 = ORIENTED_EDGE('',*,*,#1200,.T.);
#1200 = EDGE_CURVE('',#1193,#1201,#1203,.T.);
#1201 = VERTEX_POINT('',#1202);
#1202 = CARTESIAN_POINT('',(86.4,-30.1,0.));
#1203 = LINE('',#1204,#1205);
#1204 = CARTESIAN_POINT('',(85.6,-30.1,0.));
#1205 = VECTOR('',#1206,1.);
#1206 = DIRECTION('',(1.,0.,0.));
#1207 = ORIENTED_EDGE('',*,*,#1208,.F.);
#1208 = EDGE_CURVE('',#1209,#1201,#1211,.T.);
#1209 = VERTEX_POINT('',#1210);
#1210 = CARTESIAN_POINT('',(86.4,-14.1,0.));
#1211 = LINE('',#1212,#1213);
#1212 = CARTESIAN_POINT('',(86.4,-2.1,0.));
#1213 = VECTOR('',#1214,1.);
#1214 = DIRECTION('',(0.,-1.,0.));
#1215 = ORIENTED_EDGE('',*,*,#1216,.T.);
#1216 = EDGE_CURVE('',#1209,#1175,#1217,.T.);
#1217 = LINE('',#1218,#1219);
#1218 = CARTESIAN_POINT('',(86.4,-14.1,0.));
#1219 = VECTOR('',#1220,1.);
#1220 = DIRECTION('',(-1.,0.,0.));
#1221 = FACE_BOUND('',#1222,.T.);
#1222 = EDGE_LOOP('',(#1223,#1233,#1241,#1249,#1257,#1265));
#1223 = ORIENTED_EDGE('',*,*,#1224,.T.);
#1224 = EDGE_CURVE('',#1225,#1227,#1229,.T.);
#1225 = VERTEX_POINT('',#1226);
#1226 = CARTESIAN_POINT('',(85.6,-56.39999999999,0.));
#1227 = VERTEX_POINT('',#1228);
#1228 = CARTESIAN_POINT('',(84.8,-56.39999999999,0.));
#1229 = LINE('',#1230,#1231);
#1230 = CARTESIAN_POINT('',(63.132989810376,-56.39999999999,0.));
#1231 = VECTOR('',#1232,1.);
#1232 = DIRECTION('',(-1.,9.46E-14,0.));
#1233 = ORIENTED_EDGE('',*,*,#1234,.T.);
#1234 = EDGE_CURVE('',#1227,#1235,#1237,.T.);
#1235 = VERTEX_POINT('',#1236);
#1236 = CARTESIAN_POINT('',(84.8,-72.4,0.));
#1237 = LINE('',#1238,#1239);
#1238 = CARTESIAN_POINT('',(84.8,-56.39999999999,0.));
#1239 = VECTOR('',#1240,1.);
#1240 = DIRECTION('',(0.,-1.,0.));
#1241 = ORIENTED_EDGE('',*,*,#1242,.F.);
#1242 = EDGE_CURVE('',#1243,#1235,#1245,.T.);
#1243 = VERTEX_POINT('',#1244);
#1244 = CARTESIAN_POINT('',(85.6,-72.4,0.));
#1245 = LINE('',#1246,#1247);
#1246 = CARTESIAN_POINT('',(63.132989810376,-72.4,0.));
#1247 = VECTOR('',#1248,1.);
#1248 = DIRECTION('',(-1.,0.,0.));
#1249 = ORIENTED_EDGE('',*,*,#1250,.T.);
#1250 = EDGE_CURVE('',#1243,#1251,#1253,.T.);
#1251 = VERTEX_POINT('',#1252);
#1252 = CARTESIAN_POINT('',(86.4,-72.4,0.));
#1253 = LINE('',#1254,#1255);
#1254 = CARTESIAN_POINT('',(85.6,-72.4,0.));
#1255 = VECTOR('',#1256,1.);
#1256 = DIRECTION('',(1.,0.,0.));
#1257 = ORIENTED_EDGE('',*,*,#1258,.F.);
#1258 = EDGE_CURVE('',#1259,#1251,#1261,.T.);
#1259 = VERTEX_POINT('',#1260);
#1260 = CARTESIAN_POINT('',(86.4,-56.39999999999,0.));
#1261 = LINE('',#1262,#1263);
#1262 = CARTESIAN_POINT('',(86.4,-2.1,0.));
#1263 = VECTOR('',#1264,1.);
#1264 = DIRECTION('',(0.,-1.,0.));
#1265 = ORIENTED_EDGE('',*,*,#1266,.T.);
#1266 = EDGE_CURVE('',#1259,#1225,#1267,.T.);
#1267 = LINE('',#1268,#1269);
#1268 = CARTESIAN_POINT('',(86.4,-56.39999999999,0.));
#1269 = VECTOR('',#1270,1.);
#1270 = DIRECTION('',(-1.,0.,0.));
#1271 = PLANE('',#1272);
#1272 = AXIS2_PLACEMENT_3D('',#1273,#1274,#1275);
#1273 = CARTESIAN_POINT('',(40.137559952177,-60.74194706808,0.));
#1274 = DIRECTION('',(-0.,-0.,-1.));
#1275 = DIRECTION('',(-1.,0.,0.));
#1276 = ADVANCED_FACE('',(#1277),#1285,.F.);
#1277 = FACE_BOUND('',#1278,.F.);
#1278 = EDGE_LOOP('',(#1279,#1280,#1281,#1282,#1283,#1284));
#1279 = ORIENTED_EDGE('',*,*,#87,.T.);
#1280 = ORIENTED_EDGE('',*,*,#109,.F.);
#1281 = ORIENTED_EDGE('',*,*,#158,.F.);
#1282 = ORIENTED_EDGE('',*,*,#1015,.F.);
#1283 = ORIENTED_EDGE('',*,*,#184,.T.);
#1284 = ORIENTED_EDGE('',*,*,#135,.T.);
#1285 = PLANE('',#1286);
#1286 = AXIS2_PLACEMENT_3D('',#1287,#1288,#1289);
#1287 = CARTESIAN_POINT('',(8.4,-49.5,0.));
#1288 = DIRECTION('',(1.,0.,0.));
#1289 = DIRECTION('',(0.,1.,0.));
#1290 = ADVANCED_FACE('',(#1291),#1335,.T.);
#1291 = FACE_BOUND('',#1292,.T.);
#1292 = EDGE_LOOP('',(#1293,#1303,#1309,#1310,#1311,#1319,#1328));
#1293 = ORIENTED_EDGE('',*,*,#1294,.T.);
#1294 = EDGE_CURVE('',#1295,#1297,#1299,.T.);
#1295 = VERTEX_POINT('',#1296);
#1296 = CARTESIAN_POINT('',(3.4,-30.1,-4.));
#1297 = VERTEX_POINT('',#1298);
#1298 = CARTESIAN_POINT('',(3.4,-30.1,-2.));
#1299 = LINE('',#1300,#1301);
#1300 = CARTESIAN_POINT('',(3.4,-30.1,-2.));
#1301 = VECTOR('',#1302,1.);
#1302 = DIRECTION('',(0.,0.,1.));
#1303 = ORIENTED_EDGE('',*,*,#1304,.F.);
#1304 = EDGE_CURVE('',#209,#1297,#1305,.T.);
#1305 = LINE('',#1306,#1307);
#1306 = CARTESIAN_POINT('',(3.562105821015,-30.1,-1.594735447462));
#1307 = VECTOR('',#1308,1.);
#1308 = DIRECTION('',(-0.371390676354,0.,-0.928476690885));
#1309 = ORIENTED_EDGE('',*,*,#206,.F.);
#1310 = ORIENTED_EDGE('',*,*,#248,.F.);
#1311 = ORIENTED_EDGE('',*,*,#1312,.F.);
#1312 = EDGE_CURVE('',#1313,#241,#1315,.T.);
#1313 = VERTEX_POINT('',#1314);
#1314 = CARTESIAN_POINT('',(2.6,-30.1,-2.));
#1315 = LINE('',#1316,#1317);
#1316 = CARTESIAN_POINT('',(2.6,-30.1,-2.));
#1317 = VECTOR('',#1318,1.);
#1318 = DIRECTION('',(0.,0.,1.));
#1319 = ORIENTED_EDGE('',*,*,#1320,.T.);
#1320 = EDGE_CURVE('',#1313,#1321,#1323,.T.);
#1321 = VERTEX_POINT('',#1322);
#1322 = CARTESIAN_POINT('',(2.6,-30.1,-3.6));
#1323 = CIRCLE('',#1324,0.8);
#1324 = AXIS2_PLACEMENT_3D('',#1325,#1326,#1327);
#1325 = CARTESIAN_POINT('',(2.6,-30.1,-2.8));
#1326 = DIRECTION('',(0.,-1.,0.));
#1327 = DIRECTION('',(1.,0.,0.));
#1328 = ORIENTED_EDGE('',*,*,#1329,.T.);
#1329 = EDGE_CURVE('',#1321,#1295,#1330,.T.);
#1330 = CIRCLE('',#1331,0.8);
#1331 = AXIS2_PLACEMENT_3D('',#1332,#1333,#1334);
#1332 = CARTESIAN_POINT('',(3.296647939484,-30.1,-3.206704121032));
#1333 = DIRECTION('',(0.,-1.,0.));
#1334 = DIRECTION('',(1.,0.,0.));
#1335 = PLANE('',#1336);
#1336 = AXIS2_PLACEMENT_3D('',#1337,#1338,#1339);
#1337 = CARTESIAN_POINT('',(2.871580331426,-30.1,-2.008418370682));
#1338 = DIRECTION('',(-0.,-1.,-0.));
#1339 = DIRECTION('',(0.,0.,-1.));
#1340 = ADVANCED_FACE('',(#1341),#1359,.F.);
#1341 = FACE_BOUND('',#1342,.F.);
#1342 = EDGE_LOOP('',(#1343,#1344,#1345,#1353));
#1343 = ORIENTED_EDGE('',*,*,#1304,.F.);
#1344 = ORIENTED_EDGE('',*,*,#216,.T.);
#1345 = ORIENTED_EDGE('',*,*,#1346,.T.);
#1346 = EDGE_CURVE('',#217,#1347,#1349,.T.);
#1347 = VERTEX_POINT('',#1348);
#1348 = CARTESIAN_POINT('',(3.4,-14.1,-2.));
#1349 = LINE('',#1350,#1351);
#1350 = CARTESIAN_POINT('',(3.562105821015,-14.1,-1.594735447462));
#1351 = VECTOR('',#1352,1.);
#1352 = DIRECTION('',(-0.371390676354,-2.09E-15,-0.928476690885));
#1353 = ORIENTED_EDGE('',*,*,#1354,.F.);
#1354 = EDGE_CURVE('',#1297,#1347,#1355,.T.);
#1355 = LINE('',#1356,#1357);
#1356 = CARTESIAN_POINT('',(3.4,-30.1,-2.));
#1357 = VECTOR('',#1358,1.);
#1358 = DIRECTION('',(0.,1.,0.));
#1359 = PLANE('',#1360);
#1360 = AXIS2_PLACEMENT_3D('',#1361,#1362,#1363);
#1361 = CARTESIAN_POINT('',(3.8,-30.1,-1.));
#1362 = DIRECTION('',(-0.928476690885,1.E-17,0.371390676354));
#1363 = DIRECTION('',(7.215801391611E-18,1.,-8.886320556644E-18));
#1364 = ADVANCED_FACE('',(#1365),#1383,.F.);
#1365 = FACE_BOUND('',#1366,.F.);
#1366 = EDGE_LOOP('',(#1367,#1368,#1369,#1377));
#1367 = ORIENTED_EDGE('',*,*,#240,.F.);
#1368 = ORIENTED_EDGE('',*,*,#1312,.F.);
#1369 = ORIENTED_EDGE('',*,*,#1370,.T.);
#1370 = EDGE_CURVE('',#1313,#1371,#1373,.T.);
#1371 = VERTEX_POINT('',#1372);
#1372 = CARTESIAN_POINT('',(2.6,-14.1,-2.));
#1373 = LINE('',#1374,#1375);
#1374 = CARTESIAN_POINT('',(2.6,-129.4,-2.));
#1375 = VECTOR('',#1376,1.);
#1376 = DIRECTION('',(0.,1.,0.));
#1377 = ORIENTED_EDGE('',*,*,#1378,.T.);
#1378 = EDGE_CURVE('',#1371,#233,#1379,.T.);
#1379 = LINE('',#1380,#1381);
#1380 = CARTESIAN_POINT('',(2.6,-14.1,-2.));
#1381 = VECTOR('',#1382,1.);
#1382 = DIRECTION('',(0.,0.,1.));
#1383 = PLANE('',#1384);
#1384 = AXIS2_PLACEMENT_3D('',#1385,#1386,#1387);
#1385 = CARTESIAN_POINT('',(2.6,-129.4,0.));
#1386 = DIRECTION('',(1.,0.,0.));
#1387 = DIRECTION('',(0.,1.,0.));
#1388 = ADVANCED_FACE('',(#1389),#1419,.T.);
#1389 = FACE_BOUND('',#1390,.T.);
#1390 = EDGE_LOOP('',(#1391,#1399,#1408,#1415,#1416,#1417,#1418));
#1391 = ORIENTED_EDGE('',*,*,#1392,.T.);
#1392 = EDGE_CURVE('',#1347,#1393,#1395,.T.);
#1393 = VERTEX_POINT('',#1394);
#1394 = CARTESIAN_POINT('',(3.4,-14.1,-4.));
#1395 = LINE('',#1396,#1397);
#1396 = CARTESIAN_POINT('',(3.4,-14.1,-2.));
#1397 = VECTOR('',#1398,1.);
#1398 = DIRECTION('',(0.,-2.2E-16,-1.));
#1399 = ORIENTED_EDGE('',*,*,#1400,.F.);
#1400 = EDGE_CURVE('',#1401,#1393,#1403,.T.);
#1401 = VERTEX_POINT('',#1402);
#1402 = CARTESIAN_POINT('',(2.6,-14.1,-3.6));
#1403 = CIRCLE('',#1404,0.8);
#1404 = AXIS2_PLACEMENT_3D('',#1405,#1406,#1407);
#1405 = CARTESIAN_POINT('',(3.296647939484,-14.1,-3.206704121032));
#1406 = DIRECTION('',(0.,-1.,0.));
#1407 = DIRECTION('',(1.,0.,0.));
#1408 = ORIENTED_EDGE('',*,*,#1409,.F.);
#1409 = EDGE_CURVE('',#1371,#1401,#1410,.T.);
#1410 = CIRCLE('',#1411,0.8);
#1411 = AXIS2_PLACEMENT_3D('',#1412,#1413,#1414);
#1412 = CARTESIAN_POINT('',(2.6,-14.1,-2.8));
#1413 = DIRECTION('',(0.,-1.,0.));
#1414 = DIRECTION('',(1.,0.,0.));
#1415 = ORIENTED_EDGE('',*,*,#1378,.T.);
#1416 = ORIENTED_EDGE('',*,*,#232,.F.);
#1417 = ORIENTED_EDGE('',*,*,#224,.T.);
#1418 = ORIENTED_EDGE('',*,*,#1346,.T.);
#1419 = PLANE('',#1420);
#1420 = AXIS2_PLACEMENT_3D('',#1421,#1422,#1423);
#1421 = CARTESIAN_POINT('',(2.871580331426,-14.1,-2.008418370682));
#1422 = DIRECTION('',(-9.E-16,1.,-1.89E-15));
#1423 = DIRECTION('',(0.,1.89E-15,1.));
#1424 = ADVANCED_FACE('',(#1425),#1450,.F.);
#1425 = FACE_BOUND('',#1426,.F.);
#1426 = EDGE_LOOP('',(#1427,#1435,#1436,#1444));
#1427 = ORIENTED_EDGE('',*,*,#1428,.F.);
#1428 = EDGE_CURVE('',#259,#1429,#1431,.T.);
#1429 = VERTEX_POINT('',#1430);
#1430 = CARTESIAN_POINT('',(43.4,-96.,1.4));
#1431 = LINE('',#1432,#1433);
#1432 = CARTESIAN_POINT('',(43.4,-96.,0.));
#1433 = VECTOR('',#1434,1.);
#1434 = DIRECTION('',(0.,0.,1.));
#1435 = ORIENTED_EDGE('',*,*,#256,.F.);
#1436 = ORIENTED_EDGE('',*,*,#1437,.T.);
#1437 = EDGE_CURVE('',#257,#1438,#1440,.T.);
#1438 = VERTEX_POINT('',#1439);
#1439 = CARTESIAN_POINT('',(43.4,-125.,1.4));
#1440 = LINE('',#1441,#1442);
#1441 = CARTESIAN_POINT('',(43.4,-125.,0.));
#1442 = VECTOR('',#1443,1.);
#1443 = DIRECTION('',(0.,0.,1.));
#1444 = ORIENTED_EDGE('',*,*,#1445,.T.);
#1445 = EDGE_CURVE('',#1438,#1429,#1446,.T.);
#1446 = LINE('',#1447,#1448);
#1447 = CARTESIAN_POINT('',(43.4,-125.,1.4));
#1448 = VECTOR('',#1449,1.);
#1449 = DIRECTION('',(0.,1.,0.));
#1450 = PLANE('',#1451);
#1451 = AXIS2_PLACEMENT_3D('',#1452,#1453,#1454);
#1452 = CARTESIAN_POINT('',(43.4,-132.,0.));
#1453 = DIRECTION('',(-1.,0.,0.));
#1454 = DIRECTION('',(0.,1.,0.));
#1455 = ADVANCED_FACE('',(#1456),#1475,.F.);
#1456 = FACE_BOUND('',#1457,.T.);
#1457 = EDGE_LOOP('',(#1458,#1459,#1460,#1468));
#1458 = ORIENTED_EDGE('',*,*,#1428,.F.);
#1459 = ORIENTED_EDGE('',*,*,#351,.T.);
#1460 = ORIENTED_EDGE('',*,*,#1461,.T.);
#1461 = EDGE_CURVE('',#344,#1462,#1464,.T.);
#1462 = VERTEX_POINT('',#1463);
#1463 = CARTESIAN_POINT('',(48.4,-91.,1.4));
#1464 = LINE('',#1465,#1466);
#1465 = CARTESIAN_POINT('',(48.4,-91.,0.));
#1466 = VECTOR('',#1467,1.);
#1467 = DIRECTION('',(0.,0.,1.));
#1468 = ORIENTED_EDGE('',*,*,#1469,.F.);
#1469 = EDGE_CURVE('',#1429,#1462,#1470,.T.);
#1470 = CIRCLE('',#1471,5.);
#1471 = AXIS2_PLACEMENT_3D('',#1472,#1473,#1474);
#1472 = CARTESIAN_POINT('',(48.4,-96.,1.4));
#1473 = DIRECTION('',(0.,0.,-1.));
#1474 = DIRECTION('',(-1.,0.,0.));
#1475 = CYLINDRICAL_SURFACE('',#1476,5.);
#1476 = AXIS2_PLACEMENT_3D('',#1477,#1478,#1479);
#1477 = CARTESIAN_POINT('',(48.4,-96.,0.));
#1478 = DIRECTION('',(0.,0.,1.));
#1479 = DIRECTION('',(-1.,0.,0.));
#1480 = ADVANCED_FACE('',(#1481),#1500,.T.);
#1481 = FACE_BOUND('',#1482,.T.);
#1482 = EDGE_LOOP('',(#1483,#1491,#1492,#1493));
#1483 = ORIENTED_EDGE('',*,*,#1484,.F.);
#1484 = EDGE_CURVE('',#267,#1485,#1487,.T.);
#1485 = VERTEX_POINT('',#1486);
#1486 = CARTESIAN_POINT('',(36.4,-132.,1.4));
#1487 = LINE('',#1488,#1489);
#1488 = CARTESIAN_POINT('',(36.4,-132.,0.));
#1489 = VECTOR('',#1490,1.);
#1490 = DIRECTION('',(0.,0.,1.));
#1491 = ORIENTED_EDGE('',*,*,#266,.T.);
#1492 = ORIENTED_EDGE('',*,*,#1437,.T.);
#1493 = ORIENTED_EDGE('',*,*,#1494,.F.);
#1494 = EDGE_CURVE('',#1485,#1438,#1495,.T.);
#1495 = CIRCLE('',#1496,7.);
#1496 = AXIS2_PLACEMENT_3D('',#1497,#1498,#1499);
#1497 = CARTESIAN_POINT('',(36.4,-125.,1.4));
#1498 = DIRECTION('',(-0.,0.,1.));
#1499 = DIRECTION('',(0.,-1.,0.));
#1500 = CYLINDRICAL_SURFACE('',#1501,7.);
#1501 = AXIS2_PLACEMENT_3D('',#1502,#1503,#1504);
#1502 = CARTESIAN_POINT('',(36.4,-125.,0.));
#1503 = DIRECTION('',(0.,0.,1.));
#1504 = DIRECTION('',(0.,-1.,0.));
#1505 = ADVANCED_FACE('',(#1506),#1524,.F.);
#1506 = FACE_BOUND('',#1507,.F.);
#1507 = EDGE_LOOP('',(#1508,#1509,#1517,#1523));
#1508 = ORIENTED_EDGE('',*,*,#1461,.T.);
#1509 = ORIENTED_EDGE('',*,*,#1510,.T.);
#1510 = EDGE_CURVE('',#1462,#1511,#1513,.T.);
#1511 = VERTEX_POINT('',#1512);
#1512 = CARTESIAN_POINT('',(82.,-91.,1.4));
#1513 = LINE('',#1514,#1515);
#1514 = CARTESIAN_POINT('',(48.4,-91.,1.4));
#1515 = VECTOR('',#1516,1.);
#1516 = DIRECTION('',(1.,0.,0.));
#1517 = ORIENTED_EDGE('',*,*,#1518,.F.);
#1518 = EDGE_CURVE('',#335,#1511,#1519,.T.);
#1519 = LINE('',#1520,#1521);
#1520 = CARTESIAN_POINT('',(82.,-91.,0.));
#1521 = VECTOR('',#1522,1.);
#1522 = DIRECTION('',(0.,0.,1.));
#1523 = ORIENTED_EDGE('',*,*,#343,.F.);
#1524 = PLANE('',#1525);
#1525 = AXIS2_PLACEMENT_3D('',#1526,#1527,#1528);
#1526 = CARTESIAN_POINT('',(43.4,-91.,0.));
#1527 = DIRECTION('',(0.,1.,0.));
#1528 = DIRECTION('',(1.,0.,0.));
#1529 = ADVANCED_FACE('',(#1530),#1548,.F.);
#1530 = FACE_BOUND('',#1531,.F.);
#1531 = EDGE_LOOP('',(#1532,#1540,#1546,#1547));
#1532 = ORIENTED_EDGE('',*,*,#1533,.T.);
#1533 = EDGE_CURVE('',#276,#1534,#1536,.T.);
#1534 = VERTEX_POINT('',#1535);
#1535 = CARTESIAN_POINT('',(7.,-132.,1.4));
#1536 = LINE('',#1537,#1538);
#1537 = CARTESIAN_POINT('',(7.,-132.,0.));
#1538 = VECTOR('',#1539,1.);
#1539 = DIRECTION('',(0.,0.,1.));
#1540 = ORIENTED_EDGE('',*,*,#1541,.T.);
#1541 = EDGE_CURVE('',#1534,#1485,#1542,.T.);
#1542 = LINE('',#1543,#1544);
#1543 = CARTESIAN_POINT('',(7.,-132.,1.4));
#1544 = VECTOR('',#1545,1.);
#1545 = DIRECTION('',(1.,0.,0.));
#1546 = ORIENTED_EDGE('',*,*,#1484,.F.);
#1547 = ORIENTED_EDGE('',*,*,#275,.F.);
#1548 = PLANE('',#1549);
#1549 = AXIS2_PLACEMENT_3D('',#1550,#1551,#1552);
#1550 = CARTESIAN_POINT('',(0.,-132.,0.));
#1551 = DIRECTION('',(0.,1.,0.));
#1552 = DIRECTION('',(1.,0.,0.));
#1553 = ADVANCED_FACE('',(#1554),#1573,.T.);
#1554 = FACE_BOUND('',#1555,.F.);
#1555 = EDGE_LOOP('',(#1556,#1564,#1565,#1566));
#1556 = ORIENTED_EDGE('',*,*,#1557,.F.);
#1557 = EDGE_CURVE('',#327,#1558,#1560,.T.);
#1558 = VERTEX_POINT('',#1559);
#1559 = CARTESIAN_POINT('',(89.,-84.,1.4));
#1560 = LINE('',#1561,#1562);
#1561 = CARTESIAN_POINT('',(89.,-84.,0.));
#1562 = VECTOR('',#1563,1.);
#1563 = DIRECTION('',(0.,0.,1.));
#1564 = ORIENTED_EDGE('',*,*,#334,.T.);
#1565 = ORIENTED_EDGE('',*,*,#1518,.T.);
#1566 = ORIENTED_EDGE('',*,*,#1567,.T.);
#1567 = EDGE_CURVE('',#1511,#1558,#1568,.T.);
#1568 = CIRCLE('',#1569,7.);
#1569 = AXIS2_PLACEMENT_3D('',#1570,#1571,#1572);
#1570 = CARTESIAN_POINT('',(82.,-84.,1.4));
#1571 = DIRECTION('',(-0.,0.,1.));
#1572 = DIRECTION('',(0.,-1.,0.));
#1573 = CYLINDRICAL_SURFACE('',#1574,7.);
#1574 = AXIS2_PLACEMENT_3D('',#1575,#1576,#1577);
#1575 = CARTESIAN_POINT('',(82.,-84.,0.));
#1576 = DIRECTION('',(0.,0.,1.));
#1577 = DIRECTION('',(1.,0.,0.));
#1578 = ADVANCED_FACE('',(#1579),#1598,.T.);
#1579 = FACE_BOUND('',#1580,.T.);
#1580 = EDGE_LOOP('',(#1581,#1589,#1590,#1591));
#1581 = ORIENTED_EDGE('',*,*,#1582,.F.);
#1582 = EDGE_CURVE('',#284,#1583,#1585,.T.);
#1583 = VERTEX_POINT('',#1584);
#1584 = CARTESIAN_POINT('',(-1.E-15,-125.,1.4));
#1585 = LINE('',#1586,#1587);
#1586 = CARTESIAN_POINT('',(-8.9E-16,-125.,0.));
#1587 = VECTOR('',#1588,1.);
#1588 = DIRECTION('',(0.,0.,1.));
#1589 = ORIENTED_EDGE('',*,*,#283,.T.);
#1590 = ORIENTED_EDGE('',*,*,#1533,.T.);
#1591 = ORIENTED_EDGE('',*,*,#1592,.F.);
#1592 = EDGE_CURVE('',#1583,#1534,#1593,.T.);
#1593 = CIRCLE('',#1594,7.);
#1594 = AXIS2_PLACEMENT_3D('',#1595,#1596,#1597);
#1595 = CARTESIAN_POINT('',(7.,-125.,1.4));
#1596 = DIRECTION('',(0.,0.,1.));
#1597 = DIRECTION('',(-1.,0.,0.));
#1598 = CYLINDRICAL_SURFACE('',#1599,7.);
#1599 = AXIS2_PLACEMENT_3D('',#1600,#1601,#1602);
#1600 = CARTESIAN_POINT('',(7.,-125.,0.));
#1601 = DIRECTION('',(0.,0.,1.));
#1602 = DIRECTION('',(-1.,0.,0.));
#1603 = ADVANCED_FACE('',(#1604),#1622,.F.);
#1604 = FACE_BOUND('',#1605,.F.);
#1605 = EDGE_LOOP('',(#1606,#1614,#1615,#1616));
#1606 = ORIENTED_EDGE('',*,*,#1607,.F.);
#1607 = EDGE_CURVE('',#318,#1608,#1610,.T.);
#1608 = VERTEX_POINT('',#1609);
#1609 = CARTESIAN_POINT('',(89.,-3.,1.4));
#1610 = LINE('',#1611,#1612);
#1611 = CARTESIAN_POINT('',(89.,-3.,0.));
#1612 = VECTOR('',#1613,1.);
#1613 = DIRECTION('',(0.,0.,1.));
#1614 = ORIENTED_EDGE('',*,*,#326,.F.);
#1615 = ORIENTED_EDGE('',*,*,#1557,.T.);
#1616 = ORIENTED_EDGE('',*,*,#1617,.T.);
#1617 = EDGE_CURVE('',#1558,#1608,#1618,.T.);
#1618 = LINE('',#1619,#1620);
#1619 = CARTESIAN_POINT('',(89.,-84.,1.4));
#1620 = VECTOR('',#1621,1.);
#1621 = DIRECTION('',(0.,1.,0.));
#1622 = PLANE('',#1623);
#1623 = AXIS2_PLACEMENT_3D('',#1624,#1625,#1626);
#1624 = CARTESIAN_POINT('',(89.,-91.,0.));
#1625 = DIRECTION('',(-1.,0.,0.));
#1626 = DIRECTION('',(0.,1.,0.));
#1627 = ADVANCED_FACE('',(#1628),#1646,.F.);
#1628 = FACE_BOUND('',#1629,.F.);
#1629 = EDGE_LOOP('',(#1630,#1638,#1644,#1645));
#1630 = ORIENTED_EDGE('',*,*,#1631,.T.);
#1631 = EDGE_CURVE('',#293,#1632,#1634,.T.);
#1632 = VERTEX_POINT('',#1633);
#1633 = CARTESIAN_POINT('',(0.,-3.,1.4));
#1634 = LINE('',#1635,#1636);
#1635 = CARTESIAN_POINT('',(-4.4E-16,-3.,0.));
#1636 = VECTOR('',#1637,1.);
#1637 = DIRECTION('',(0.,0.,1.));
#1638 = ORIENTED_EDGE('',*,*,#1639,.T.);
#1639 = EDGE_CURVE('',#1632,#1583,#1640,.T.);
#1640 = LINE('',#1641,#1642);
#1641 = CARTESIAN_POINT('',(0.,-3.,1.4));
#1642 = VECTOR('',#1643,1.);
#1643 = DIRECTION('',(0.,-1.,0.));
#1644 = ORIENTED_EDGE('',*,*,#1582,.F.);
#1645 = ORIENTED_EDGE('',*,*,#292,.F.);
#1646 = PLANE('',#1647);
#1647 = AXIS2_PLACEMENT_3D('',#1648,#1649,#1650);
#1648 = CARTESIAN_POINT('',(0.,0.,0.));
#1649 = DIRECTION('',(1.,0.,0.));
#1650 = DIRECTION('',(0.,-1.,0.));
#1651 = ADVANCED_FACE('',(#1652),#1671,.T.);
#1652 = FACE_BOUND('',#1653,.F.);
#1653 = EDGE_LOOP('',(#1654,#1662,#1663,#1664));
#1654 = ORIENTED_EDGE('',*,*,#1655,.F.);
#1655 = EDGE_CURVE('',#310,#1656,#1658,.T.);
#1656 = VERTEX_POINT('',#1657);
#1657 = CARTESIAN_POINT('',(86.,0.,1.4));
#1658 = LINE('',#1659,#1660);
#1659 = CARTESIAN_POINT('',(86.,4.4E-16,0.));
#1660 = VECTOR('',#1661,1.);
#1661 = DIRECTION('',(0.,0.,1.));
#1662 = ORIENTED_EDGE('',*,*,#317,.T.);
#1663 = ORIENTED_EDGE('',*,*,#1607,.T.);
#1664 = ORIENTED_EDGE('',*,*,#1665,.T.);
#1665 = EDGE_CURVE('',#1608,#1656,#1666,.T.);
#1666 = CIRCLE('',#1667,3.);
#1667 = AXIS2_PLACEMENT_3D('',#1668,#1669,#1670);
#1668 = CARTESIAN_POINT('',(86.,-3.,1.4));
#1669 = DIRECTION('',(0.,-0.,1.));
#1670 = DIRECTION('',(1.,3.E-16,0.));
#1671 = CYLINDRICAL_SURFACE('',#1672,3.);
#1672 = AXIS2_PLACEMENT_3D('',#1673,#1674,#1675);
#1673 = CARTESIAN_POINT('',(86.,-3.,0.));
#1674 = DIRECTION('',(0.,0.,1.));
#1675 = DIRECTION('',(0.,1.,0.));
#1676 = ADVANCED_FACE('',(#1677),#1696,.T.);
#1677 = FACE_BOUND('',#1678,.F.);
#1678 = EDGE_LOOP('',(#1679,#1680,#1681,#1689));
#1679 = ORIENTED_EDGE('',*,*,#1631,.F.);
#1680 = ORIENTED_EDGE('',*,*,#300,.T.);
#1681 = ORIENTED_EDGE('',*,*,#1682,.T.);
#1682 = EDGE_CURVE('',#301,#1683,#1685,.T.);
#1683 = VERTEX_POINT('',#1684);
#1684 = CARTESIAN_POINT('',(3.,0.,1.4));
#1685 = LINE('',#1686,#1687);
#1686 = CARTESIAN_POINT('',(3.,4.4E-16,0.));
#1687 = VECTOR('',#1688,1.);
#1688 = DIRECTION('',(0.,0.,1.));
#1689 = ORIENTED_EDGE('',*,*,#1690,.T.);
#1690 = EDGE_CURVE('',#1683,#1632,#1691,.T.);
#1691 = CIRCLE('',#1692,3.);
#1692 = AXIS2_PLACEMENT_3D('',#1693,#1694,#1695);
#1693 = CARTESIAN_POINT('',(3.,-3.,1.4));
#1694 = DIRECTION('',(0.,0.,1.));
#1695 = DIRECTION('',(-3.E-16,1.,0.));
#1696 = CYLINDRICAL_SURFACE('',#1697,3.);
#1697 = AXIS2_PLACEMENT_3D('',#1698,#1699,#1700);
#1698 = CARTESIAN_POINT('',(3.,-3.,0.));
#1699 = DIRECTION('',(0.,0.,1.));
#1700 = DIRECTION('',(-1.,0.,0.));
#1701 = ADVANCED_FACE('',(#1702),#1713,.F.);
#1702 = FACE_BOUND('',#1703,.F.);
#1703 = EDGE_LOOP('',(#1704,#1705,#1711,#1712));
#1704 = ORIENTED_EDGE('',*,*,#1655,.T.);
#1705 = ORIENTED_EDGE('',*,*,#1706,.T.);
#1706 = EDGE_CURVE('',#1656,#1683,#1707,.T.);
#1707 = LINE('',#1708,#1709);
#1708 = CARTESIAN_POINT('',(86.,0.,1.4));
#1709 = VECTOR('',#1710,1.);
#1710 = DIRECTION('',(-1.,0.,0.));
#1711 = ORIENTED_EDGE('',*,*,#1682,.F.);
#1712 = ORIENTED_EDGE('',*,*,#309,.F.);
#1713 = PLANE('',#1714);
#1714 = AXIS2_PLACEMENT_3D('',#1715,#1716,#1717);
#1715 = CARTESIAN_POINT('',(89.,0.,0.));
#1716 = DIRECTION('',(0.,-1.,0.));
#1717 = DIRECTION('',(-1.,0.,0.));
#1718 = ADVANCED_FACE('',(#1719),#1744,.T.);
#1719 = FACE_BOUND('',#1720,.T.);
#1720 = EDGE_LOOP('',(#1721,#1722,#1730,#1738));
#1721 = ORIENTED_EDGE('',*,*,#360,.F.);
#1722 = ORIENTED_EDGE('',*,*,#1723,.T.);
#1723 = EDGE_CURVE('',#361,#1724,#1726,.T.);
#1724 = VERTEX_POINT('',#1725);
#1725 = CARTESIAN_POINT('',(81.4,-87.6,-2.));
#1726 = LINE('',#1727,#1728);
#1727 = CARTESIAN_POINT('',(81.4,-87.6,0.));
#1728 = VECTOR('',#1729,1.);
#1729 = DIRECTION('',(0.,0.,-1.));
#1730 = ORIENTED_EDGE('',*,*,#1731,.T.);
#1731 = EDGE_CURVE('',#1724,#1732,#1734,.T.);
#1732 = VERTEX_POINT('',#1733);
#1733 = CARTESIAN_POINT('',(74.2,-87.6,-2.));
#1734 = LINE('',#1735,#1736);
#1735 = CARTESIAN_POINT('',(85.6,-87.6,-2.));
#1736 = VECTOR('',#1737,1.);
#1737 = DIRECTION('',(-1.,0.,0.));
#1738 = ORIENTED_EDGE('',*,*,#1739,.T.);
#1739 = EDGE_CURVE('',#1732,#363,#1740,.T.);
#1740 = LINE('',#1741,#1742);
#1741 = CARTESIAN_POINT('',(74.2,-87.6,-2.));
#1742 = VECTOR('',#1743,1.);
#1743 = DIRECTION('',(0.,0.,1.));
#1744 = PLANE('',#1745);
#1745 = AXIS2_PLACEMENT_3D('',#1746,#1747,#1748);
#1746 = CARTESIAN_POINT('',(85.6,-87.6,0.));
#1747 = DIRECTION('',(0.,1.,0.));
#1748 = DIRECTION('',(-1.,0.,0.));
#1749 = ADVANCED_FACE('',(#1750),#1769,.F.);
#1750 = FACE_BOUND('',#1751,.F.);
#1751 = EDGE_LOOP('',(#1752,#1753,#1754,#1763));
#1752 = ORIENTED_EDGE('',*,*,#419,.T.);
#1753 = ORIENTED_EDGE('',*,*,#1723,.T.);
#1754 = ORIENTED_EDGE('',*,*,#1755,.F.);
#1755 = EDGE_CURVE('',#1756,#1724,#1758,.T.);
#1756 = VERTEX_POINT('',#1757);
#1757 = CARTESIAN_POINT('',(85.6,-83.4,-2.));
#1758 = CIRCLE('',#1759,4.2);
#1759 = AXIS2_PLACEMENT_3D('',#1760,#1761,#1762);
#1760 = CARTESIAN_POINT('',(81.4,-83.4,-2.));
#1761 = DIRECTION('',(0.,0.,-1.));
#1762 = DIRECTION('',(0.,1.,0.));
#1763 = ORIENTED_EDGE('',*,*,#1764,.F.);
#1764 = EDGE_CURVE('',#412,#1756,#1765,.T.);
#1765 = LINE('',#1766,#1767);
#1766 = CARTESIAN_POINT('',(85.6,-83.4,0.));
#1767 = VECTOR('',#1768,1.);
#1768 = DIRECTION('',(0.,0.,-1.));
#1769 = CYLINDRICAL_SURFACE('',#1770,4.2);
#1770 = AXIS2_PLACEMENT_3D('',#1771,#1772,#1773);
#1771 = CARTESIAN_POINT('',(81.4,-83.4,0.));
#1772 = DIRECTION('',(0.,0.,-1.));
#1773 = DIRECTION('',(1.,0.,0.));
#1774 = ADVANCED_FACE('',(#1775),#1793,.F.);
#1775 = FACE_BOUND('',#1776,.F.);
#1776 = EDGE_LOOP('',(#1777,#1778,#1779,#1787));
#1777 = ORIENTED_EDGE('',*,*,#1739,.T.);
#1778 = ORIENTED_EDGE('',*,*,#370,.T.);
#1779 = ORIENTED_EDGE('',*,*,#1780,.F.);
#1780 = EDGE_CURVE('',#1781,#371,#1783,.T.);
#1781 = VERTEX_POINT('',#1782);
#1782 = CARTESIAN_POINT('',(74.2,-88.4,-2.));
#1783 = LINE('',#1784,#1785);
#1784 = CARTESIAN_POINT('',(74.2,-88.4,-2.));
#1785 = VECTOR('',#1786,1.);
#1786 = DIRECTION('',(0.,0.,1.));
#1787 = ORIENTED_EDGE('',*,*,#1788,.F.);
#1788 = EDGE_CURVE('',#1732,#1781,#1789,.T.);
#1789 = LINE('',#1790,#1791);
#1790 = CARTESIAN_POINT('',(74.2,-87.6,-2.));
#1791 = VECTOR('',#1792,1.);
#1792 = DIRECTION('',(0.,-1.,0.));
#1793 = PLANE('',#1794);
#1794 = AXIS2_PLACEMENT_3D('',#1795,#1796,#1797);
#1795 = CARTESIAN_POINT('',(74.2,-87.6,-2.));
#1796 = DIRECTION('',(1.,0.,0.));
#1797 = DIRECTION('',(0.,-1.,0.));
#1798 = ADVANCED_FACE('',(#1799),#1817,.T.);
#1799 = FACE_BOUND('',#1800,.T.);
#1800 = EDGE_LOOP('',(#1801,#1802,#1810,#1816));
#1801 = ORIENTED_EDGE('',*,*,#411,.F.);
#1802 = ORIENTED_EDGE('',*,*,#1803,.F.);
#1803 = EDGE_CURVE('',#1804,#404,#1806,.T.);
#1804 = VERTEX_POINT('',#1805);
#1805 = CARTESIAN_POINT('',(85.6,-73.4,-2.));
#1806 = LINE('',#1807,#1808);
#1807 = CARTESIAN_POINT('',(85.6,-73.4,-2.));
#1808 = VECTOR('',#1809,1.);
#1809 = DIRECTION('',(0.,0.,1.));
#1810 = ORIENTED_EDGE('',*,*,#1811,.T.);
#1811 = EDGE_CURVE('',#1804,#1756,#1812,.T.);
#1812 = LINE('',#1813,#1814);
#1813 = CARTESIAN_POINT('',(85.6,-2.9,-2.));
#1814 = VECTOR('',#1815,1.);
#1815 = DIRECTION('',(0.,-1.,0.));
#1816 = ORIENTED_EDGE('',*,*,#1764,.F.);
#1817 = PLANE('',#1818);
#1818 = AXIS2_PLACEMENT_3D('',#1819,#1820,#1821);
#1819 = CARTESIAN_POINT('',(85.6,-2.9,0.));
#1820 = DIRECTION('',(-1.,-0.,-0.));
#1821 = DIRECTION('',(0.,-1.,0.));
#1822 = ADVANCED_FACE('',(#1823),#1841,.F.);
#1823 = FACE_BOUND('',#1824,.F.);
#1824 = EDGE_LOOP('',(#1825,#1826,#1834,#1840));
#1825 = ORIENTED_EDGE('',*,*,#378,.F.);
#1826 = ORIENTED_EDGE('',*,*,#1827,.T.);
#1827 = EDGE_CURVE('',#379,#1828,#1830,.T.);
#1828 = VERTEX_POINT('',#1829);
#1829 = CARTESIAN_POINT('',(81.4,-88.4,-2.));
#1830 = LINE('',#1831,#1832);
#1831 = CARTESIAN_POINT('',(81.4,-88.4,0.));
#1832 = VECTOR('',#1833,1.);
#1833 = DIRECTION('',(0.,0.,-1.));
#1834 = ORIENTED_EDGE('',*,*,#1835,.T.);
#1835 = EDGE_CURVE('',#1828,#1781,#1836,.T.);
#1836 = LINE('',#1837,#1838);
#1837 = CARTESIAN_POINT('',(86.4,-88.4,-2.));
#1838 = VECTOR('',#1839,1.);
#1839 = DIRECTION('',(-1.,0.,0.));
#1840 = ORIENTED_EDGE('',*,*,#1780,.T.);
#1841 = PLANE('',#1842);
#1842 = AXIS2_PLACEMENT_3D('',#1843,#1844,#1845);
#1843 = CARTESIAN_POINT('',(86.4,-88.4,0.));
#1844 = DIRECTION('',(0.,1.,0.));
#1845 = DIRECTION('',(-1.,0.,0.));
#1846 = ADVANCED_FACE('',(#1847),#1865,.F.);
#1847 = FACE_BOUND('',#1848,.F.);
#1848 = EDGE_LOOP('',(#1849,#1857,#1858,#1859));
#1849 = ORIENTED_EDGE('',*,*,#1850,.T.);
#1850 = EDGE_CURVE('',#1851,#396,#1853,.T.);
#1851 = VERTEX_POINT('',#1852);
#1852 = CARTESIAN_POINT('',(86.4,-73.4,-2.));
#1853 = LINE('',#1854,#1855);
#1854 = CARTESIAN_POINT('',(86.4,-73.4,-2.));
#1855 = VECTOR('',#1856,1.);
#1856 = DIRECTION('',(0.,0.,1.));
#1857 = ORIENTED_EDGE('',*,*,#403,.T.);
#1858 = ORIENTED_EDGE('',*,*,#1803,.F.);
#1859 = ORIENTED_EDGE('',*,*,#1860,.F.);
#1860 = EDGE_CURVE('',#1851,#1804,#1861,.T.);
#1861 = LINE('',#1862,#1863);
#1862 = CARTESIAN_POINT('',(86.4,-73.4,-2.));
#1863 = VECTOR('',#1864,1.);
#1864 = DIRECTION('',(-1.,0.,0.));
#1865 = PLANE('',#1866);
#1866 = AXIS2_PLACEMENT_3D('',#1867,#1868,#1869);
#1867 = CARTESIAN_POINT('',(86.4,-73.4,-2.));
#1868 = DIRECTION('',(0.,-1.,0.));
#1869 = DIRECTION('',(-1.,0.,0.));
#1870 = ADVANCED_FACE('',(#1871),#1890,.T.);
#1871 = FACE_BOUND('',#1872,.T.);
#1872 = EDGE_LOOP('',(#1873,#1874,#1875,#1884));
#1873 = ORIENTED_EDGE('',*,*,#386,.T.);
#1874 = ORIENTED_EDGE('',*,*,#1827,.T.);
#1875 = ORIENTED_EDGE('',*,*,#1876,.F.);
#1876 = EDGE_CURVE('',#1877,#1828,#1879,.T.);
#1877 = VERTEX_POINT('',#1878);
#1878 = CARTESIAN_POINT('',(86.4,-83.4,-2.));
#1879 = CIRCLE('',#1880,5.);
#1880 = AXIS2_PLACEMENT_3D('',#1881,#1882,#1883);
#1881 = CARTESIAN_POINT('',(81.4,-83.4,-2.));
#1882 = DIRECTION('',(0.,0.,-1.));
#1883 = DIRECTION('',(0.,1.,0.));
#1884 = ORIENTED_EDGE('',*,*,#1885,.F.);
#1885 = EDGE_CURVE('',#387,#1877,#1886,.T.);
#1886 = LINE('',#1887,#1888);
#1887 = CARTESIAN_POINT('',(86.4,-83.4,0.));
#1888 = VECTOR('',#1889,1.);
#1889 = DIRECTION('',(0.,0.,-1.));
#1890 = CYLINDRICAL_SURFACE('',#1891,5.);
#1891 = AXIS2_PLACEMENT_3D('',#1892,#1893,#1894);
#1892 = CARTESIAN_POINT('',(81.4,-83.4,0.));
#1893 = DIRECTION('',(0.,0.,-1.));
#1894 = DIRECTION('',(1.,0.,0.));
#1895 = ADVANCED_FACE('',(#1896),#1907,.F.);
#1896 = FACE_BOUND('',#1897,.F.);
#1897 = EDGE_LOOP('',(#1898,#1899,#1900,#1906));
#1898 = ORIENTED_EDGE('',*,*,#395,.F.);
#1899 = ORIENTED_EDGE('',*,*,#1850,.F.);
#1900 = ORIENTED_EDGE('',*,*,#1901,.T.);
#1901 = EDGE_CURVE('',#1851,#1877,#1902,.T.);
#1902 = LINE('',#1903,#1904);
#1903 = CARTESIAN_POINT('',(86.4,-2.1,-2.));
#1904 = VECTOR('',#1905,1.);
#1905 = DIRECTION('',(0.,-1.,0.));
#1906 = ORIENTED_EDGE('',*,*,#1885,.F.);
#1907 = PLANE('',#1908);
#1908 = AXIS2_PLACEMENT_3D('',#1909,#1910,#1911);
#1909 = CARTESIAN_POINT('',(86.4,-2.1,0.));
#1910 = DIRECTION('',(-1.,-0.,-0.));
#1911 = DIRECTION('',(0.,-1.,0.));
#1912 = ADVANCED_FACE('',(#1913),#1939,.T.);
#1913 = FACE_BOUND('',#1914,.T.);
#1914 = EDGE_LOOP('',(#1915,#1916,#1924,#1933));
#1915 = ORIENTED_EDGE('',*,*,#428,.T.);
#1916 = ORIENTED_EDGE('',*,*,#1917,.T.);
#1917 = EDGE_CURVE('',#431,#1918,#1920,.T.);
#1918 = VERTEX_POINT('',#1919);
#1919 = CARTESIAN_POINT('',(48.3,-87.6,-2.));
#1920 = LINE('',#1921,#1922);
#1921 = CARTESIAN_POINT('',(48.3,-87.6,0.));
#1922 = VECTOR('',#1923,1.);
#1923 = DIRECTION('',(0.,0.,-1.));
#1924 = ORIENTED_EDGE('',*,*,#1925,.F.);
#1925 = EDGE_CURVE('',#1926,#1918,#1928,.T.);
#1926 = VERTEX_POINT('',#1927);
#1927 = CARTESIAN_POINT('',(40.5,-95.4,-2.));
#1928 = CIRCLE('',#1929,7.8);
#1929 = AXIS2_PLACEMENT_3D('',#1930,#1931,#1932);
#1930 = CARTESIAN_POINT('',(48.3,-95.4,-2.));
#1931 = DIRECTION('',(0.,0.,-1.));
#1932 = DIRECTION('',(0.,1.,0.));
#1933 = ORIENTED_EDGE('',*,*,#1934,.F.);
#1934 = EDGE_CURVE('',#429,#1926,#1935,.T.);
#1935 = LINE('',#1936,#1937);
#1936 = CARTESIAN_POINT('',(40.5,-95.4,0.));
#1937 = VECTOR('',#1938,1.);
#1938 = DIRECTION('',(0.,0.,-1.));
#1939 = CYLINDRICAL_SURFACE('',#1940,7.8);
#1940 = AXIS2_PLACEMENT_3D('',#1941,#1942,#1943);
#1941 = CARTESIAN_POINT('',(48.3,-95.4,0.));
#1942 = DIRECTION('',(0.,0.,-1.));
#1943 = DIRECTION('',(-1.,0.,0.));
#1944 = ADVANCED_FACE('',(#1945),#1963,.T.);
#1945 = FACE_BOUND('',#1946,.T.);
#1946 = EDGE_LOOP('',(#1947,#1948,#1956,#1962));
#1947 = ORIENTED_EDGE('',*,*,#554,.F.);
#1948 = ORIENTED_EDGE('',*,*,#1949,.F.);
#1949 = EDGE_CURVE('',#1950,#547,#1952,.T.);
#1950 = VERTEX_POINT('',#1951);
#1951 = CARTESIAN_POINT('',(56.2,-87.6,-2.));
#1952 = LINE('',#1953,#1954);
#1953 = CARTESIAN_POINT('',(56.2,-87.6,-2.));
#1954 = VECTOR('',#1955,1.);
#1955 = DIRECTION('',(0.,0.,1.));
#1956 = ORIENTED_EDGE('',*,*,#1957,.T.);
#1957 = EDGE_CURVE('',#1950,#1918,#1958,.T.);
#1958 = LINE('',#1959,#1960);
#1959 = CARTESIAN_POINT('',(85.6,-87.6,-2.));
#1960 = VECTOR('',#1961,1.);
#1961 = DIRECTION('',(-1.,0.,0.));
#1962 = ORIENTED_EDGE('',*,*,#1917,.F.);
#1963 = PLANE('',#1964);
#1964 = AXIS2_PLACEMENT_3D('',#1965,#1966,#1967);
#1965 = CARTESIAN_POINT('',(85.6,-87.6,0.));
#1966 = DIRECTION('',(0.,1.,0.));
#1967 = DIRECTION('',(-1.,0.,0.));
#1968 = ADVANCED_FACE('',(#1969),#1987,.F.);
#1969 = FACE_BOUND('',#1970,.F.);
#1970 = EDGE_LOOP('',(#1971,#1979,#1980,#1981));
#1971 = ORIENTED_EDGE('',*,*,#1972,.T.);
#1972 = EDGE_CURVE('',#1973,#539,#1975,.T.);
#1973 = VERTEX_POINT('',#1974);
#1974 = CARTESIAN_POINT('',(56.2,-88.4,-2.));
#1975 = LINE('',#1976,#1977);
#1976 = CARTESIAN_POINT('',(56.2,-88.4,-2.));
#1977 = VECTOR('',#1978,1.);
#1978 = DIRECTION('',(0.,0.,1.));
#1979 = ORIENTED_EDGE('',*,*,#546,.T.);
#1980 = ORIENTED_EDGE('',*,*,#1949,.F.);
#1981 = ORIENTED_EDGE('',*,*,#1982,.F.);
#1982 = EDGE_CURVE('',#1973,#1950,#1983,.T.);
#1983 = LINE('',#1984,#1985);
#1984 = CARTESIAN_POINT('',(56.2,-88.4,-2.));
#1985 = VECTOR('',#1986,1.);
#1986 = DIRECTION('',(0.,1.,0.));
#1987 = PLANE('',#1988);
#1988 = AXIS2_PLACEMENT_3D('',#1989,#1990,#1991);
#1989 = CARTESIAN_POINT('',(56.2,-88.4,-2.));
#1990 = DIRECTION('',(-1.,0.,0.));
#1991 = DIRECTION('',(0.,1.,0.));
#1992 = ADVANCED_FACE('',(#1993),#2011,.F.);
#1993 = FACE_BOUND('',#1994,.F.);
#1994 = EDGE_LOOP('',(#1995,#1996,#1997,#2005));
#1995 = ORIENTED_EDGE('',*,*,#538,.F.);
#1996 = ORIENTED_EDGE('',*,*,#1972,.F.);
#1997 = ORIENTED_EDGE('',*,*,#1998,.T.);
#1998 = EDGE_CURVE('',#1973,#1999,#2001,.T.);
#1999 = VERTEX_POINT('',#2000);
#2000 = CARTESIAN_POINT('',(48.3,-88.4,-2.));
#2001 = LINE('',#2002,#2003);
#2002 = CARTESIAN_POINT('',(86.4,-88.4,-2.));
#2003 = VECTOR('',#2004,1.);
#2004 = DIRECTION('',(-1.,0.,0.));
#2005 = ORIENTED_EDGE('',*,*,#2006,.F.);
#2006 = EDGE_CURVE('',#530,#1999,#2007,.T.);
#2007 = LINE('',#2008,#2009);
#2008 = CARTESIAN_POINT('',(48.3,-88.4,0.));
#2009 = VECTOR('',#2010,1.);
#2010 = DIRECTION('',(0.,0.,-1.));
#2011 = PLANE('',#2012);
#2012 = AXIS2_PLACEMENT_3D('',#2013,#2014,#2015);
#2013 = CARTESIAN_POINT('',(86.4,-88.4,0.));
#2014 = DIRECTION('',(0.,1.,0.));
#2015 = DIRECTION('',(-1.,0.,0.));
#2016 = ADVANCED_FACE('',(#2017),#2036,.F.);
#2017 = FACE_BOUND('',#2018,.F.);
#2018 = EDGE_LOOP('',(#2019,#2020,#2021,#2030));
#2019 = ORIENTED_EDGE('',*,*,#529,.T.);
#2020 = ORIENTED_EDGE('',*,*,#2006,.T.);
#2021 = ORIENTED_EDGE('',*,*,#2022,.F.);
#2022 = EDGE_CURVE('',#2023,#1999,#2025,.T.);
#2023 = VERTEX_POINT('',#2024);
#2024 = CARTESIAN_POINT('',(41.3,-95.4,-2.));
#2025 = CIRCLE('',#2026,7.);
#2026 = AXIS2_PLACEMENT_3D('',#2027,#2028,#2029);
#2027 = CARTESIAN_POINT('',(48.3,-95.4,-2.));
#2028 = DIRECTION('',(0.,0.,-1.));
#2029 = DIRECTION('',(0.,1.,0.));
#2030 = ORIENTED_EDGE('',*,*,#2031,.F.);
#2031 = EDGE_CURVE('',#522,#2023,#2032,.T.);
#2032 = LINE('',#2033,#2034);
#2033 = CARTESIAN_POINT('',(41.3,-95.4,0.));
#2034 = VECTOR('',#2035,1.);
#2035 = DIRECTION('',(0.,0.,-1.));
#2036 = CYLINDRICAL_SURFACE('',#2037,7.);
#2037 = AXIS2_PLACEMENT_3D('',#2038,#2039,#2040);
#2038 = CARTESIAN_POINT('',(48.3,-95.4,0.));
#2039 = DIRECTION('',(0.,0.,-1.));
#2040 = DIRECTION('',(-1.,0.,0.));
#2041 = ADVANCED_FACE('',(#2042),#2060,.F.);
#2042 = FACE_BOUND('',#2043,.F.);
#2043 = EDGE_LOOP('',(#2044,#2045,#2046,#2054));
#2044 = ORIENTED_EDGE('',*,*,#521,.F.);
#2045 = ORIENTED_EDGE('',*,*,#2031,.T.);
#2046 = ORIENTED_EDGE('',*,*,#2047,.T.);
#2047 = EDGE_CURVE('',#2023,#2048,#2050,.T.);
#2048 = VERTEX_POINT('',#2049);
#2049 = CARTESIAN_POINT('',(41.3,-124.4,-2.));
#2050 = LINE('',#2051,#2052);
#2051 = CARTESIAN_POINT('',(41.3,-88.4,-2.));
#2052 = VECTOR('',#2053,1.);
#2053 = DIRECTION('',(0.,-1.,0.));
#2054 = ORIENTED_EDGE('',*,*,#2055,.F.);
#2055 = EDGE_CURVE('',#513,#2048,#2056,.T.);
#2056 = LINE('',#2057,#2058);
#2057 = CARTESIAN_POINT('',(41.3,-124.4,0.));
#2058 = VECTOR('',#2059,1.);
#2059 = DIRECTION('',(0.,0.,-1.));
#2060 = PLANE('',#2061);
#2061 = AXIS2_PLACEMENT_3D('',#2062,#2063,#2064);
#2062 = CARTESIAN_POINT('',(41.3,-88.4,0.));
#2063 = DIRECTION('',(-1.,-0.,-0.));
#2064 = DIRECTION('',(0.,-1.,0.));
#2065 = ADVANCED_FACE('',(#2066),#2085,.T.);
#2066 = FACE_BOUND('',#2067,.T.);
#2067 = EDGE_LOOP('',(#2068,#2069,#2077,#2084));
#2068 = ORIENTED_EDGE('',*,*,#512,.T.);
#2069 = ORIENTED_EDGE('',*,*,#2070,.T.);
#2070 = EDGE_CURVE('',#505,#2071,#2073,.T.);
#2071 = VERTEX_POINT('',#2072);
#2072 = CARTESIAN_POINT('',(36.3,-129.4,-2.));
#2073 = LINE('',#2074,#2075);
#2074 = CARTESIAN_POINT('',(36.3,-129.4,0.));
#2075 = VECTOR('',#2076,1.);
#2076 = DIRECTION('',(0.,0.,-1.));
#2077 = ORIENTED_EDGE('',*,*,#2078,.F.);
#2078 = EDGE_CURVE('',#2048,#2071,#2079,.T.);
#2079 = CIRCLE('',#2080,5.);
#2080 = AXIS2_PLACEMENT_3D('',#2081,#2082,#2083);
#2081 = CARTESIAN_POINT('',(36.3,-124.4,-2.));
#2082 = DIRECTION('',(0.,0.,-1.));
#2083 = DIRECTION('',(0.,1.,0.));
#2084 = ORIENTED_EDGE('',*,*,#2055,.F.);
#2085 = CYLINDRICAL_SURFACE('',#2086,5.);
#2086 = AXIS2_PLACEMENT_3D('',#2087,#2088,#2089);
#2087 = CARTESIAN_POINT('',(36.3,-124.4,0.));
#2088 = DIRECTION('',(0.,0.,-1.));
#2089 = DIRECTION('',(1.,0.,0.));
#2090 = ADVANCED_FACE('',(#2091),#2109,.F.);
#2091 = FACE_BOUND('',#2092,.F.);
#2092 = EDGE_LOOP('',(#2093,#2094,#2095,#2103));
#2093 = ORIENTED_EDGE('',*,*,#504,.F.);
#2094 = ORIENTED_EDGE('',*,*,#2070,.T.);
#2095 = ORIENTED_EDGE('',*,*,#2096,.T.);
#2096 = EDGE_CURVE('',#2071,#2097,#2099,.T.);
#2097 = VERTEX_POINT('',#2098);
#2098 = CARTESIAN_POINT('',(30.55,-129.4,-2.));
#2099 = LINE('',#2100,#2101);
#2100 = CARTESIAN_POINT('',(41.3,-129.4,-2.));
#2101 = VECTOR('',#2102,1.);
#2102 = DIRECTION('',(-1.,0.,0.));
#2103 = ORIENTED_EDGE('',*,*,#2104,.T.);
#2104 = EDGE_CURVE('',#2097,#497,#2105,.T.);
#2105 = LINE('',#2106,#2107);
#2106 = CARTESIAN_POINT('',(30.55,-129.4,-2.));
#2107 = VECTOR('',#2108,1.);
#2108 = DIRECTION('',(0.,0.,1.));
#2109 = PLANE('',#2110);
#2110 = AXIS2_PLACEMENT_3D('',#2111,#2112,#2113);
#2111 = CARTESIAN_POINT('',(41.3,-129.4,0.));
#2112 = DIRECTION('',(0.,1.,0.));
#2113 = DIRECTION('',(-1.,0.,0.));
#2114 = ADVANCED_FACE('',(#2115),#2133,.F.);
#2115 = FACE_BOUND('',#2116,.F.);
#2116 = EDGE_LOOP('',(#2117,#2125,#2126,#2127));
#2117 = ORIENTED_EDGE('',*,*,#2118,.T.);
#2118 = EDGE_CURVE('',#2119,#489,#2121,.T.);
#2119 = VERTEX_POINT('',#2120);
#2120 = CARTESIAN_POINT('',(30.55,-128.6,-2.));
#2121 = LINE('',#2122,#2123);
#2122 = CARTESIAN_POINT('',(30.55,-128.6,-2.));
#2123 = VECTOR('',#2124,1.);
#2124 = DIRECTION('',(0.,0.,1.));
#2125 = ORIENTED_EDGE('',*,*,#496,.T.);
#2126 = ORIENTED_EDGE('',*,*,#2104,.F.);
#2127 = ORIENTED_EDGE('',*,*,#2128,.F.);
#2128 = EDGE_CURVE('',#2119,#2097,#2129,.T.);
#2129 = LINE('',#2130,#2131);
#2130 = CARTESIAN_POINT('',(30.55,-128.6,-2.));
#2131 = VECTOR('',#2132,1.);
#2132 = DIRECTION('',(0.,-1.,0.));
#2133 = PLANE('',#2134);
#2134 = AXIS2_PLACEMENT_3D('',#2135,#2136,#2137);
#2135 = CARTESIAN_POINT('',(30.55,-128.6,-2.));
#2136 = DIRECTION('',(1.,0.,0.));
#2137 = DIRECTION('',(0.,-1.,0.));
#2138 = ADVANCED_FACE('',(#2139),#2157,.T.);
#2139 = FACE_BOUND('',#2140,.T.);
#2140 = EDGE_LOOP('',(#2141,#2142,#2150,#2156));
#2141 = ORIENTED_EDGE('',*,*,#488,.F.);
#2142 = ORIENTED_EDGE('',*,*,#2143,.T.);
#2143 = EDGE_CURVE('',#481,#2144,#2146,.T.);
#2144 = VERTEX_POINT('',#2145);
#2145 = CARTESIAN_POINT('',(32.05,-128.6,-2.));
#2146 = LINE('',#2147,#2148);
#2147 = CARTESIAN_POINT('',(32.05,-128.6,0.));
#2148 = VECTOR('',#2149,1.);
#2149 = DIRECTION('',(0.,0.,-1.));
#2150 = ORIENTED_EDGE('',*,*,#2151,.T.);
#2151 = EDGE_CURVE('',#2144,#2119,#2152,.T.);
#2152 = LINE('',#2153,#2154);
#2153 = CARTESIAN_POINT('',(40.5,-128.6,-2.));
#2154 = VECTOR('',#2155,1.);
#2155 = DIRECTION('',(-1.,0.,0.));
#2156 = ORIENTED_EDGE('',*,*,#2118,.T.);
#2157 = PLANE('',#2158);
#2158 = AXIS2_PLACEMENT_3D('',#2159,#2160,#2161);
#2159 = CARTESIAN_POINT('',(40.5,-128.6,0.));
#2160 = DIRECTION('',(0.,1.,0.));
#2161 = DIRECTION('',(-1.,0.,0.));
#2162 = ADVANCED_FACE('',(#2163),#2190,.F.);
#2163 = FACE_BOUND('',#2164,.F.);
#2164 = EDGE_LOOP('',(#2165,#2173,#2174,#2175,#2183));
#2165 = ORIENTED_EDGE('',*,*,#2166,.F.);
#2166 = EDGE_CURVE('',#473,#2167,#2169,.T.);
#2167 = VERTEX_POINT('',#2168);
#2168 = CARTESIAN_POINT('',(32.05,-127.7,-1.5));
#2169 = LINE('',#2170,#2171);
#2170 = CARTESIAN_POINT('',(32.05,-127.7,0.));
#2171 = VECTOR('',#2172,1.);
#2172 = DIRECTION('',(0.,0.,-1.));
#2173 = ORIENTED_EDGE('',*,*,#480,.F.);
#2174 = ORIENTED_EDGE('',*,*,#2143,.T.);
#2175 = ORIENTED_EDGE('',*,*,#2176,.T.);
#2176 = EDGE_CURVE('',#2144,#2177,#2179,.T.);
#2177 = VERTEX_POINT('',#2178);
#2178 = CARTESIAN_POINT('',(32.05,-128.2,-2.));
#2179 = LINE('',#2180,#2181);
#2180 = CARTESIAN_POINT('',(32.05,-128.6,-2.));
#2181 = VECTOR('',#2182,1.);
#2182 = DIRECTION('',(0.,1.,0.));
#2183 = ORIENTED_EDGE('',*,*,#2184,.F.);
#2184 = EDGE_CURVE('',#2167,#2177,#2185,.T.);
#2185 = CIRCLE('',#2186,0.5);
#2186 = AXIS2_PLACEMENT_3D('',#2187,#2188,#2189);
#2187 = CARTESIAN_POINT('',(32.05,-128.2,-1.5));
#2188 = DIRECTION('',(-1.,0.,0.));
#2189 = DIRECTION('',(0.,0.,1.));
#2190 = PLANE('',#2191);
#2191 = AXIS2_PLACEMENT_3D('',#2192,#2193,#2194);
#2192 = CARTESIAN_POINT('',(32.05,-128.6,0.));
#2193 = DIRECTION('',(1.,0.,0.));
#2194 = DIRECTION('',(0.,1.,0.));
#2195 = ADVANCED_FACE('',(#2196),#2214,.F.);
#2196 = FACE_BOUND('',#2197,.F.);
#2197 = EDGE_LOOP('',(#2198,#2199,#2207,#2213));
#2198 = ORIENTED_EDGE('',*,*,#2166,.T.);
#2199 = ORIENTED_EDGE('',*,*,#2200,.T.);
#2200 = EDGE_CURVE('',#2167,#2201,#2203,.T.);
#2201 = VERTEX_POINT('',#2202);
#2202 = CARTESIAN_POINT('',(34.05,-127.7,-1.5));
#2203 = LINE('',#2204,#2205);
#2204 = CARTESIAN_POINT('',(32.05,-127.7,-1.5));
#2205 = VECTOR('',#2206,1.);
#2206 = DIRECTION('',(1.,0.,0.));
#2207 = ORIENTED_EDGE('',*,*,#2208,.F.);
#2208 = EDGE_CURVE('',#465,#2201,#2209,.T.);
#2209 = LINE('',#2210,#2211);
#2210 = CARTESIAN_POINT('',(34.05,-127.7,0.));
#2211 = VECTOR('',#2212,1.);
#2212 = DIRECTION('',(0.,0.,-1.));
#2213 = ORIENTED_EDGE('',*,*,#472,.F.);
#2214 = PLANE('',#2215);
#2215 = AXIS2_PLACEMENT_3D('',#2216,#2217,#2218);
#2216 = CARTESIAN_POINT('',(32.05,-127.7,0.));
#2217 = DIRECTION('',(0.,-1.,0.));
#2218 = DIRECTION('',(1.,0.,0.));
#2219 = ADVANCED_FACE('',(#2220),#2247,.F.);
#2220 = FACE_BOUND('',#2221,.F.);
#2221 = EDGE_LOOP('',(#2222,#2223,#2232,#2240,#2246));
#2222 = ORIENTED_EDGE('',*,*,#2208,.T.);
#2223 = ORIENTED_EDGE('',*,*,#2224,.T.);
#2224 = EDGE_CURVE('',#2201,#2225,#2227,.T.);
#2225 = VERTEX_POINT('',#2226);
#2226 = CARTESIAN_POINT('',(34.05,-128.2,-2.));
#2227 = CIRCLE('',#2228,0.5);
#2228 = AXIS2_PLACEMENT_3D('',#2229,#2230,#2231);
#2229 = CARTESIAN_POINT('',(34.05,-128.2,-1.5));
#2230 = DIRECTION('',(-1.,0.,0.));
#2231 = DIRECTION('',(0.,0.,1.));
#2232 = ORIENTED_EDGE('',*,*,#2233,.T.);
#2233 = EDGE_CURVE('',#2225,#2234,#2236,.T.);
#2234 = VERTEX_POINT('',#2235);
#2235 = CARTESIAN_POINT('',(34.05,-128.6,-2.));
#2236 = LINE('',#2237,#2238);
#2237 = CARTESIAN_POINT('',(34.05,-127.7,-2.));
#2238 = VECTOR('',#2239,1.);
#2239 = DIRECTION('',(0.,-1.,0.));
#2240 = ORIENTED_EDGE('',*,*,#2241,.F.);
#2241 = EDGE_CURVE('',#457,#2234,#2242,.T.);
#2242 = LINE('',#2243,#2244);
#2243 = CARTESIAN_POINT('',(34.05,-128.6,0.));
#2244 = VECTOR('',#2245,1.);
#2245 = DIRECTION('',(0.,0.,-1.));
#2246 = ORIENTED_EDGE('',*,*,#464,.F.);
#2247 = PLANE('',#2248);
#2248 = AXIS2_PLACEMENT_3D('',#2249,#2250,#2251);
#2249 = CARTESIAN_POINT('',(34.05,-127.7,0.));
#2250 = DIRECTION('',(-1.,-0.,-0.));
#2251 = DIRECTION('',(0.,-1.,0.));
#2252 = ADVANCED_FACE('',(#2253),#2271,.T.);
#2253 = FACE_BOUND('',#2254,.T.);
#2254 = EDGE_LOOP('',(#2255,#2256,#2264,#2270));
#2255 = ORIENTED_EDGE('',*,*,#456,.F.);
#2256 = ORIENTED_EDGE('',*,*,#2257,.T.);
#2257 = EDGE_CURVE('',#448,#2258,#2260,.T.);
#2258 = VERTEX_POINT('',#2259);
#2259 = CARTESIAN_POINT('',(36.3,-128.6,-2.));
#2260 = LINE('',#2261,#2262);
#2261 = CARTESIAN_POINT('',(36.3,-128.6,0.));
#2262 = VECTOR('',#2263,1.);
#2263 = DIRECTION('',(0.,0.,-1.));
#2264 = ORIENTED_EDGE('',*,*,#2265,.T.);
#2265 = EDGE_CURVE('',#2258,#2234,#2266,.T.);
#2266 = LINE('',#2267,#2268);
#2267 = CARTESIAN_POINT('',(40.5,-128.6,-2.));
#2268 = VECTOR('',#2269,1.);
#2269 = DIRECTION('',(-1.,0.,0.));
#2270 = ORIENTED_EDGE('',*,*,#2241,.F.);
#2271 = PLANE('',#2272);
#2272 = AXIS2_PLACEMENT_3D('',#2273,#2274,#2275);
#2273 = CARTESIAN_POINT('',(40.5,-128.6,0.));
#2274 = DIRECTION('',(0.,1.,0.));
#2275 = DIRECTION('',(-1.,0.,0.));
#2276 = ADVANCED_FACE('',(#2277),#2296,.F.);
#2277 = FACE_BOUND('',#2278,.F.);
#2278 = EDGE_LOOP('',(#2279,#2280,#2281,#2290));
#2279 = ORIENTED_EDGE('',*,*,#447,.T.);
#2280 = ORIENTED_EDGE('',*,*,#2257,.T.);
#2281 = ORIENTED_EDGE('',*,*,#2282,.F.);
#2282 = EDGE_CURVE('',#2283,#2258,#2285,.T.);
#2283 = VERTEX_POINT('',#2284);
#2284 = CARTESIAN_POINT('',(40.5,-124.4,-2.));
#2285 = CIRCLE('',#2286,4.2);
#2286 = AXIS2_PLACEMENT_3D('',#2287,#2288,#2289);
#2287 = CARTESIAN_POINT('',(36.3,-124.4,-2.));
#2288 = DIRECTION('',(0.,0.,-1.));
#2289 = DIRECTION('',(0.,1.,0.));
#2290 = ORIENTED_EDGE('',*,*,#2291,.F.);
#2291 = EDGE_CURVE('',#440,#2283,#2292,.T.);
#2292 = LINE('',#2293,#2294);
#2293 = CARTESIAN_POINT('',(40.5,-124.4,0.));
#2294 = VECTOR('',#2295,1.);
#2295 = DIRECTION('',(0.,0.,-1.));
#2296 = CYLINDRICAL_SURFACE('',#2297,4.2);
#2297 = AXIS2_PLACEMENT_3D('',#2298,#2299,#2300);
#2298 = CARTESIAN_POINT('',(36.3,-124.4,0.));
#2299 = DIRECTION('',(0.,0.,-1.));
#2300 = DIRECTION('',(1.,0.,0.));
#2301 = ADVANCED_FACE('',(#2302),#2313,.T.);
#2302 = FACE_BOUND('',#2303,.T.);
#2303 = EDGE_LOOP('',(#2304,#2305,#2306,#2312));
#2304 = ORIENTED_EDGE('',*,*,#439,.F.);
#2305 = ORIENTED_EDGE('',*,*,#1934,.T.);
#2306 = ORIENTED_EDGE('',*,*,#2307,.T.);
#2307 = EDGE_CURVE('',#1926,#2283,#2308,.T.);
#2308 = LINE('',#2309,#2310);
#2309 = CARTESIAN_POINT('',(40.5,-87.6,-2.));
#2310 = VECTOR('',#2311,1.);
#2311 = DIRECTION('',(0.,-1.,0.));
#2312 = ORIENTED_EDGE('',*,*,#2291,.F.);
#2313 = PLANE('',#2314);
#2314 = AXIS2_PLACEMENT_3D('',#2315,#2316,#2317);
#2315 = CARTESIAN_POINT('',(40.5,-87.6,0.));
#2316 = DIRECTION('',(-1.,-0.,-0.));
#2317 = DIRECTION('',(0.,-1.,0.));
#2318 = ADVANCED_FACE('',(#2319),#2338,.F.);
#2319 = FACE_BOUND('',#2320,.T.);
#2320 = EDGE_LOOP('',(#2321,#2329,#2336,#2337));
#2321 = ORIENTED_EDGE('',*,*,#2322,.T.);
#2322 = EDGE_CURVE('',#563,#2323,#2325,.T.);
#2323 = VERTEX_POINT('',#2324);
#2324 = CARTESIAN_POINT('',(29.05,-111.5,1.));
#2325 = LINE('',#2326,#2327);
#2326 = CARTESIAN_POINT('',(29.05,-111.5,0.));
#2327 = VECTOR('',#2328,1.);
#2328 = DIRECTION('',(0.,0.,1.));
#2329 = ORIENTED_EDGE('',*,*,#2330,.T.);
#2330 = EDGE_CURVE('',#2323,#2323,#2331,.T.);
#2331 = CIRCLE('',#2332,5.);
#2332 = AXIS2_PLACEMENT_3D('',#2333,#2334,#2335);
#2333 = CARTESIAN_POINT('',(24.05,-111.5,1.));
#2334 = DIRECTION('',(0.,0.,1.));
#2335 = DIRECTION('',(1.,0.,0.));
#2336 = ORIENTED_EDGE('',*,*,#2322,.F.);
#2337 = ORIENTED_EDGE('',*,*,#562,.F.);
#2338 = CYLINDRICAL_SURFACE('',#2339,5.);
#2339 = AXIS2_PLACEMENT_3D('',#2340,#2341,#2342);
#2340 = CARTESIAN_POINT('',(24.05,-111.5,0.));
#2341 = DIRECTION('',(-0.,-0.,-1.));
#2342 = DIRECTION('',(1.,0.,0.));
#2343 = ADVANCED_FACE('',(#2344),#2369,.F.);
#2344 = FACE_BOUND('',#2345,.F.);
#2345 = EDGE_LOOP('',(#2346,#2354,#2355,#2363));
#2346 = ORIENTED_EDGE('',*,*,#2347,.T.);
#2347 = EDGE_CURVE('',#2348,#574,#2350,.T.);
#2348 = VERTEX_POINT('',#2349);
#2349 = CARTESIAN_POINT('',(12.55,-129.4,-2.));
#2350 = LINE('',#2351,#2352);
#2351 = CARTESIAN_POINT('',(12.55,-129.4,-2.));
#2352 = VECTOR('',#2353,1.);
#2353 = DIRECTION('',(0.,0.,1.));
#2354 = ORIENTED_EDGE('',*,*,#573,.T.);
#2355 = ORIENTED_EDGE('',*,*,#2356,.F.);
#2356 = EDGE_CURVE('',#2357,#576,#2359,.T.);
#2357 = VERTEX_POINT('',#2358);
#2358 = CARTESIAN_POINT('',(12.55,-128.6,-2.));
#2359 = LINE('',#2360,#2361);
#2360 = CARTESIAN_POINT('',(12.55,-128.6,-2.));
#2361 = VECTOR('',#2362,1.);
#2362 = DIRECTION('',(0.,0.,1.));
#2363 = ORIENTED_EDGE('',*,*,#2364,.F.);
#2364 = EDGE_CURVE('',#2348,#2357,#2365,.T.);
#2365 = LINE('',#2366,#2367);
#2366 = CARTESIAN_POINT('',(12.55,-129.4,-2.));
#2367 = VECTOR('',#2368,1.);
#2368 = DIRECTION('',(0.,1.,0.));
#2369 = PLANE('',#2370);
#2370 = AXIS2_PLACEMENT_3D('',#2371,#2372,#2373);
#2371 = CARTESIAN_POINT('',(12.55,-129.4,-2.));
#2372 = DIRECTION('',(-1.,0.,0.));
#2373 = DIRECTION('',(0.,1.,0.));
#2374 = ADVANCED_FACE('',(#2375),#2393,.F.);
#2375 = FACE_BOUND('',#2376,.F.);
#2376 = EDGE_LOOP('',(#2377,#2378,#2379,#2387));
#2377 = ORIENTED_EDGE('',*,*,#697,.F.);
#2378 = ORIENTED_EDGE('',*,*,#2347,.F.);
#2379 = ORIENTED_EDGE('',*,*,#2380,.T.);
#2380 = EDGE_CURVE('',#2348,#2381,#2383,.T.);
#2381 = VERTEX_POINT('',#2382);
#2382 = CARTESIAN_POINT('',(7.6,-129.4,-2.));
#2383 = LINE('',#2384,#2385);
#2384 = CARTESIAN_POINT('',(41.3,-129.4,-2.));
#2385 = VECTOR('',#2386,1.);
#2386 = DIRECTION('',(-1.,0.,0.));
#2387 = ORIENTED_EDGE('',*,*,#2388,.F.);
#2388 = EDGE_CURVE('',#689,#2381,#2389,.T.);
#2389 = LINE('',#2390,#2391);
#2390 = CARTESIAN_POINT('',(7.6,-129.4,0.));
#2391 = VECTOR('',#2392,1.);
#2392 = DIRECTION('',(0.,0.,-1.));
#2393 = PLANE('',#2394);
#2394 = AXIS2_PLACEMENT_3D('',#2395,#2396,#2397);
#2395 = CARTESIAN_POINT('',(41.3,-129.4,0.));
#2396 = DIRECTION('',(0.,1.,0.));
#2397 = DIRECTION('',(-1.,0.,0.));
#2398 = ADVANCED_FACE('',(#2399),#2418,.T.);
#2399 = FACE_BOUND('',#2400,.F.);
#2400 = EDGE_LOOP('',(#2401,#2402,#2403,#2412));
#2401 = ORIENTED_EDGE('',*,*,#688,.T.);
#2402 = ORIENTED_EDGE('',*,*,#2388,.T.);
#2403 = ORIENTED_EDGE('',*,*,#2404,.F.);
#2404 = EDGE_CURVE('',#2405,#2381,#2407,.T.);
#2405 = VERTEX_POINT('',#2406);
#2406 = CARTESIAN_POINT('',(2.6,-124.4,-2.));
#2407 = CIRCLE('',#2408,5.);
#2408 = AXIS2_PLACEMENT_3D('',#2409,#2410,#2411);
#2409 = CARTESIAN_POINT('',(7.6,-124.4,-2.));
#2410 = DIRECTION('',(0.,-0.,1.));
#2411 = DIRECTION('',(0.,1.,0.));
#2412 = ORIENTED_EDGE('',*,*,#2413,.F.);
#2413 = EDGE_CURVE('',#681,#2405,#2414,.T.);
#2414 = LINE('',#2415,#2416);
#2415 = CARTESIAN_POINT('',(2.6,-124.4,0.));
#2416 = VECTOR('',#2417,1.);
#2417 = DIRECTION('',(0.,0.,-1.));
#2418 = CYLINDRICAL_SURFACE('',#2419,5.);
#2419 = AXIS2_PLACEMENT_3D('',#2420,#2421,#2422);
#2420 = CARTESIAN_POINT('',(7.6,-124.4,0.));
#2421 = DIRECTION('',(0.,0.,-1.));
#2422 = DIRECTION('',(-1.,-0.,-0.));
#2423 = ADVANCED_FACE('',(#2424),#2442,.F.);
#2424 = FACE_BOUND('',#2425,.F.);
#2425 = EDGE_LOOP('',(#2426,#2427,#2428,#2436));
#2426 = ORIENTED_EDGE('',*,*,#680,.F.);
#2427 = ORIENTED_EDGE('',*,*,#2413,.T.);
#2428 = ORIENTED_EDGE('',*,*,#2429,.T.);
#2429 = EDGE_CURVE('',#2405,#2430,#2432,.T.);
#2430 = VERTEX_POINT('',#2431);
#2431 = CARTESIAN_POINT('',(2.6,-115.4,-2.));
#2432 = LINE('',#2433,#2434);
#2433 = CARTESIAN_POINT('',(2.6,-129.4,-2.));
#2434 = VECTOR('',#2435,1.);
#2435 = DIRECTION('',(0.,1.,0.));
#2436 = ORIENTED_EDGE('',*,*,#2437,.T.);
#2437 = EDGE_CURVE('',#2430,#673,#2438,.T.);
#2438 = LINE('',#2439,#2440);
#2439 = CARTESIAN_POINT('',(2.6,-115.4,-2.));
#2440 = VECTOR('',#2441,1.);
#2441 = DIRECTION('',(0.,0.,1.));
#2442 = PLANE('',#2443);
#2443 = AXIS2_PLACEMENT_3D('',#2444,#2445,#2446);
#2444 = CARTESIAN_POINT('',(2.6,-129.4,0.));
#2445 = DIRECTION('',(1.,0.,0.));
#2446 = DIRECTION('',(0.,1.,0.));
#2447 = ADVANCED_FACE('',(#2448),#2466,.F.);
#2448 = FACE_BOUND('',#2449,.F.);
#2449 = EDGE_LOOP('',(#2450,#2458,#2459,#2460));
#2450 = ORIENTED_EDGE('',*,*,#2451,.T.);
#2451 = EDGE_CURVE('',#2452,#665,#2454,.T.);
#2452 = VERTEX_POINT('',#2453);
#2453 = CARTESIAN_POINT('',(3.4,-115.4,-2.));
#2454 = LINE('',#2455,#2456);
#2455 = CARTESIAN_POINT('',(3.4,-115.4,-2.));
#2456 = VECTOR('',#2457,1.);
#2457 = DIRECTION('',(0.,0.,1.));
#2458 = ORIENTED_EDGE('',*,*,#672,.T.);
#2459 = ORIENTED_EDGE('',*,*,#2437,.F.);
#2460 = ORIENTED_EDGE('',*,*,#2461,.F.);
#2461 = EDGE_CURVE('',#2452,#2430,#2462,.T.);
#2462 = LINE('',#2463,#2464);
#2463 = CARTESIAN_POINT('',(3.4,-115.4,-2.));
#2464 = VECTOR('',#2465,1.);
#2465 = DIRECTION('',(-1.,0.,0.));
#2466 = PLANE('',#2467);
#2467 = AXIS2_PLACEMENT_3D('',#2468,#2469,#2470);
#2468 = CARTESIAN_POINT('',(3.4,-115.4,-2.));
#2469 = DIRECTION('',(0.,-1.,0.));
#2470 = DIRECTION('',(-1.,0.,0.));
#2471 = ADVANCED_FACE('',(#2472),#2490,.T.);
#2472 = FACE_BOUND('',#2473,.T.);
#2473 = EDGE_LOOP('',(#2474,#2475,#2483,#2489));
#2474 = ORIENTED_EDGE('',*,*,#664,.F.);
#2475 = ORIENTED_EDGE('',*,*,#2476,.T.);
#2476 = EDGE_CURVE('',#657,#2477,#2479,.T.);
#2477 = VERTEX_POINT('',#2478);
#2478 = CARTESIAN_POINT('',(3.4,-120.4,-2.));
#2479 = LINE('',#2480,#2481);
#2480 = CARTESIAN_POINT('',(3.4,-120.4,0.));
#2481 = VECTOR('',#2482,1.);
#2482 = DIRECTION('',(0.,0.,-1.));
#2483 = ORIENTED_EDGE('',*,*,#2484,.T.);
#2484 = EDGE_CURVE('',#2477,#2452,#2485,.T.);
#2485 = LINE('',#2486,#2487);
#2486 = CARTESIAN_POINT('',(3.4,-128.6,-2.));
#2487 = VECTOR('',#2488,1.);
#2488 = DIRECTION('',(0.,1.,0.));
#2489 = ORIENTED_EDGE('',*,*,#2451,.T.);
#2490 = PLANE('',#2491);
#2491 = AXIS2_PLACEMENT_3D('',#2492,#2493,#2494);
#2492 = CARTESIAN_POINT('',(3.4,-128.6,0.));
#2493 = DIRECTION('',(1.,0.,0.));
#2494 = DIRECTION('',(0.,1.,0.));
#2495 = ADVANCED_FACE('',(#2496),#2523,.T.);
#2496 = FACE_BOUND('',#2497,.T.);
#2497 = EDGE_LOOP('',(#2498,#2506,#2515,#2521,#2522));
#2498 = ORIENTED_EDGE('',*,*,#2499,.T.);
#2499 = EDGE_CURVE('',#649,#2500,#2502,.T.);
#2500 = VERTEX_POINT('',#2501);
#2501 = CARTESIAN_POINT('',(4.3,-120.4,-1.5));
#2502 = LINE('',#2503,#2504);
#2503 = CARTESIAN_POINT('',(4.3,-120.4,0.));
#2504 = VECTOR('',#2505,1.);
#2505 = DIRECTION('',(0.,0.,-1.));
#2506 = ORIENTED_EDGE('',*,*,#2507,.T.);
#2507 = EDGE_CURVE('',#2500,#2508,#2510,.T.);
#2508 = VERTEX_POINT('',#2509);
#2509 = CARTESIAN_POINT('',(3.8,-120.4,-2.));
#2510 = CIRCLE('',#2511,0.5);
#2511 = AXIS2_PLACEMENT_3D('',#2512,#2513,#2514);
#2512 = CARTESIAN_POINT('',(3.8,-120.4,-1.5));
#2513 = DIRECTION('',(0.,1.,0.));
#2514 = DIRECTION('',(0.,0.,1.));
#2515 = ORIENTED_EDGE('',*,*,#2516,.T.);
#2516 = EDGE_CURVE('',#2508,#2477,#2517,.T.);
#2517 = LINE('',#2518,#2519);
#2518 = CARTESIAN_POINT('',(4.3,-120.4,-2.));
#2519 = VECTOR('',#2520,1.);
#2520 = DIRECTION('',(-1.,0.,0.));
#2521 = ORIENTED_EDGE('',*,*,#2476,.F.);
#2522 = ORIENTED_EDGE('',*,*,#656,.F.);
#2523 = PLANE('',#2524);
#2524 = AXIS2_PLACEMENT_3D('',#2525,#2526,#2527);
#2525 = CARTESIAN_POINT('',(4.3,-120.4,0.));
#2526 = DIRECTION('',(0.,1.,0.));
#2527 = DIRECTION('',(-1.,0.,0.));
#2528 = ADVANCED_FACE('',(#2529),#2547,.T.);
#2529 = FACE_BOUND('',#2530,.T.);
#2530 = EDGE_LOOP('',(#2531,#2539,#2545,#2546));
#2531 = ORIENTED_EDGE('',*,*,#2532,.T.);
#2532 = EDGE_CURVE('',#641,#2533,#2535,.T.);
#2533 = VERTEX_POINT('',#2534);
#2534 = CARTESIAN_POINT('',(4.3,-122.4,-1.5));
#2535 = LINE('',#2536,#2537);
#2536 = CARTESIAN_POINT('',(4.3,-122.4,0.));
#2537 = VECTOR('',#2538,1.);
#2538 = DIRECTION('',(0.,0.,-1.));
#2539 = ORIENTED_EDGE('',*,*,#2540,.T.);
#2540 = EDGE_CURVE('',#2533,#2500,#2541,.T.);
#2541 = LINE('',#2542,#2543);
#2542 = CARTESIAN_POINT('',(4.3,-122.4,-1.5));
#2543 = VECTOR('',#2544,1.);
#2544 = DIRECTION('',(0.,1.,0.));
#2545 = ORIENTED_EDGE('',*,*,#2499,.F.);
#2546 = ORIENTED_EDGE('',*,*,#648,.F.);
#2547 = PLANE('',#2548);
#2548 = AXIS2_PLACEMENT_3D('',#2549,#2550,#2551);
#2549 = CARTESIAN_POINT('',(4.3,-122.4,0.));
#2550 = DIRECTION('',(1.,0.,0.));
#2551 = DIRECTION('',(0.,1.,0.));
#2552 = ADVANCED_FACE('',(#2553),#2580,.T.);
#2553 = FACE_BOUND('',#2554,.T.);
#2554 = EDGE_LOOP('',(#2555,#2556,#2557,#2565,#2573));
#2555 = ORIENTED_EDGE('',*,*,#2532,.F.);
#2556 = ORIENTED_EDGE('',*,*,#640,.F.);
#2557 = ORIENTED_EDGE('',*,*,#2558,.T.);
#2558 = EDGE_CURVE('',#633,#2559,#2561,.T.);
#2559 = VERTEX_POINT('',#2560);
#2560 = CARTESIAN_POINT('',(3.4,-122.4,-2.));
#2561 = LINE('',#2562,#2563);
#2562 = CARTESIAN_POINT('',(3.4,-122.4,0.));
#2563 = VECTOR('',#2564,1.);
#2564 = DIRECTION('',(0.,0.,-1.));
#2565 = ORIENTED_EDGE('',*,*,#2566,.T.);
#2566 = EDGE_CURVE('',#2559,#2567,#2569,.T.);
#2567 = VERTEX_POINT('',#2568);
#2568 = CARTESIAN_POINT('',(3.8,-122.4,-2.));
#2569 = LINE('',#2570,#2571);
#2570 = CARTESIAN_POINT('',(3.4,-122.4,-2.));
#2571 = VECTOR('',#2572,1.);
#2572 = DIRECTION('',(1.,0.,0.));
#2573 = ORIENTED_EDGE('',*,*,#2574,.F.);
#2574 = EDGE_CURVE('',#2533,#2567,#2575,.T.);
#2575 = CIRCLE('',#2576,0.5);
#2576 = AXIS2_PLACEMENT_3D('',#2577,#2578,#2579);
#2577 = CARTESIAN_POINT('',(3.8,-122.4,-1.5));
#2578 = DIRECTION('',(0.,1.,0.));
#2579 = DIRECTION('',(0.,0.,1.));
#2580 = PLANE('',#2581);
#2581 = AXIS2_PLACEMENT_3D('',#2582,#2583,#2584);
#2582 = CARTESIAN_POINT('',(3.4,-122.4,0.));
#2583 = DIRECTION('',(0.,-1.,0.));
#2584 = DIRECTION('',(1.,0.,0.));
#2585 = ADVANCED_FACE('',(#2586),#2604,.T.);
#2586 = FACE_BOUND('',#2587,.T.);
#2587 = EDGE_LOOP('',(#2588,#2589,#2597,#2603));
#2588 = ORIENTED_EDGE('',*,*,#632,.F.);
#2589 = ORIENTED_EDGE('',*,*,#2590,.T.);
#2590 = EDGE_CURVE('',#624,#2591,#2593,.T.);
#2591 = VERTEX_POINT('',#2592);
#2592 = CARTESIAN_POINT('',(3.4,-124.4,-2.));
#2593 = LINE('',#2594,#2595);
#2594 = CARTESIAN_POINT('',(3.4,-124.4,0.));
#2595 = VECTOR('',#2596,1.);
#2596 = DIRECTION('',(0.,0.,-1.));
#2597 = ORIENTED_EDGE('',*,*,#2598,.T.);
#2598 = EDGE_CURVE('',#2591,#2559,#2599,.T.);
#2599 = LINE('',#2600,#2601);
#2600 = CARTESIAN_POINT('',(3.4,-128.6,-2.));
#2601 = VECTOR('',#2602,1.);
#2602 = DIRECTION('',(0.,1.,0.));
#2603 = ORIENTED_EDGE('',*,*,#2558,.F.);
#2604 = PLANE('',#2605);
#2605 = AXIS2_PLACEMENT_3D('',#2606,#2607,#2608);
#2606 = CARTESIAN_POINT('',(3.4,-128.6,0.));
#2607 = DIRECTION('',(1.,0.,0.));
#2608 = DIRECTION('',(0.,1.,0.));
#2609 = ADVANCED_FACE('',(#2610),#2629,.F.);
#2610 = FACE_BOUND('',#2611,.T.);
#2611 = EDGE_LOOP('',(#2612,#2613,#2621,#2628));
#2612 = ORIENTED_EDGE('',*,*,#623,.T.);
#2613 = ORIENTED_EDGE('',*,*,#2614,.T.);
#2614 = EDGE_CURVE('',#616,#2615,#2617,.T.);
#2615 = VERTEX_POINT('',#2616);
#2616 = CARTESIAN_POINT('',(7.6,-128.6,-2.));
#2617 = LINE('',#2618,#2619);
#2618 = CARTESIAN_POINT('',(7.6,-128.6,0.));
#2619 = VECTOR('',#2620,1.);
#2620 = DIRECTION('',(0.,0.,-1.));
#2621 = ORIENTED_EDGE('',*,*,#2622,.F.);
#2622 = EDGE_CURVE('',#2591,#2615,#2623,.T.);
#2623 = CIRCLE('',#2624,4.2);
#2624 = AXIS2_PLACEMENT_3D('',#2625,#2626,#2627);
#2625 = CARTESIAN_POINT('',(7.6,-124.4,-2.));
#2626 = DIRECTION('',(0.,-0.,1.));
#2627 = DIRECTION('',(0.,1.,0.));
#2628 = ORIENTED_EDGE('',*,*,#2590,.F.);
#2629 = CYLINDRICAL_SURFACE('',#2630,4.2);
#2630 = AXIS2_PLACEMENT_3D('',#2631,#2632,#2633);
#2631 = CARTESIAN_POINT('',(7.6,-124.4,0.));
#2632 = DIRECTION('',(0.,0.,-1.));
#2633 = DIRECTION('',(-1.,-0.,-0.));
#2634 = ADVANCED_FACE('',(#2635),#2653,.T.);
#2635 = FACE_BOUND('',#2636,.T.);
#2636 = EDGE_LOOP('',(#2637,#2638,#2646,#2652));
#2637 = ORIENTED_EDGE('',*,*,#615,.F.);
#2638 = ORIENTED_EDGE('',*,*,#2639,.T.);
#2639 = EDGE_CURVE('',#608,#2640,#2642,.T.);
#2640 = VERTEX_POINT('',#2641);
#2641 = CARTESIAN_POINT('',(9.05,-128.6,-2.));
#2642 = LINE('',#2643,#2644);
#2643 = CARTESIAN_POINT('',(9.05,-128.6,0.));
#2644 = VECTOR('',#2645,1.);
#2645 = DIRECTION('',(0.,0.,-1.));
#2646 = ORIENTED_EDGE('',*,*,#2647,.T.);
#2647 = EDGE_CURVE('',#2640,#2615,#2648,.T.);
#2648 = LINE('',#2649,#2650);
#2649 = CARTESIAN_POINT('',(40.5,-128.6,-2.));
#2650 = VECTOR('',#2651,1.);
#2651 = DIRECTION('',(-1.,0.,0.));
#2652 = ORIENTED_EDGE('',*,*,#2614,.F.);
#2653 = PLANE('',#2654);
#2654 = AXIS2_PLACEMENT_3D('',#2655,#2656,#2657);
#2655 = CARTESIAN_POINT('',(40.5,-128.6,0.));
#2656 = DIRECTION('',(0.,1.,0.));
#2657 = DIRECTION('',(-1.,0.,0.));
#2658 = ADVANCED_FACE('',(#2659),#2686,.F.);
#2659 = FACE_BOUND('',#2660,.F.);
#2660 = EDGE_LOOP('',(#2661,#2669,#2670,#2671,#2679));
#2661 = ORIENTED_EDGE('',*,*,#2662,.F.);
#2662 = EDGE_CURVE('',#600,#2663,#2665,.T.);
#2663 = VERTEX_POINT('',#2664);
#2664 = CARTESIAN_POINT('',(9.05,-127.7,-1.5));
#2665 = LINE('',#2666,#2667);
#2666 = CARTESIAN_POINT('',(9.05,-127.7,0.));
#2667 = VECTOR('',#2668,1.);
#2668 = DIRECTION('',(0.,0.,-1.));
#2669 = ORIENTED_EDGE('',*,*,#607,.F.);
#2670 = ORIENTED_EDGE('',*,*,#2639,.T.);
#2671 = ORIENTED_EDGE('',*,*,#2672,.T.);
#2672 = EDGE_CURVE('',#2640,#2673,#2675,.T.);
#2673 = VERTEX_POINT('',#2674);
#2674 = CARTESIAN_POINT('',(9.05,-128.2,-2.));
#2675 = LINE('',#2676,#2677);
#2676 = CARTESIAN_POINT('',(9.05,-128.6,-2.));
#2677 = VECTOR('',#2678,1.);
#2678 = DIRECTION('',(0.,1.,0.));
#2679 = ORIENTED_EDGE('',*,*,#2680,.F.);
#2680 = EDGE_CURVE('',#2663,#2673,#2681,.T.);
#2681 = CIRCLE('',#2682,0.5);
#2682 = AXIS2_PLACEMENT_3D('',#2683,#2684,#2685);
#2683 = CARTESIAN_POINT('',(9.05,-128.2,-1.5));
#2684 = DIRECTION('',(-1.,0.,0.));
#2685 = DIRECTION('',(0.,0.,1.));
#2686 = PLANE('',#2687);
#2687 = AXIS2_PLACEMENT_3D('',#2688,#2689,#2690);
#2688 = CARTESIAN_POINT('',(9.05,-128.6,0.));
#2689 = DIRECTION('',(1.,0.,0.));
#2690 = DIRECTION('',(0.,1.,0.));
#2691 = ADVANCED_FACE('',(#2692),#2710,.F.);
#2692 = FACE_BOUND('',#2693,.F.);
#2693 = EDGE_LOOP('',(#2694,#2695,#2703,#2709));
#2694 = ORIENTED_EDGE('',*,*,#2662,.T.);
#2695 = ORIENTED_EDGE('',*,*,#2696,.T.);
#2696 = EDGE_CURVE('',#2663,#2697,#2699,.T.);
#2697 = VERTEX_POINT('',#2698);
#2698 = CARTESIAN_POINT('',(11.05,-127.7,-1.5));
#2699 = LINE('',#2700,#2701);
#2700 = CARTESIAN_POINT('',(9.05,-127.7,-1.5));
#2701 = VECTOR('',#2702,1.);
#2702 = DIRECTION('',(1.,0.,0.));
#2703 = ORIENTED_EDGE('',*,*,#2704,.F.);
#2704 = EDGE_CURVE('',#592,#2697,#2705,.T.);
#2705 = LINE('',#2706,#2707);
#2706 = CARTESIAN_POINT('',(11.05,-127.7,0.));
#2707 = VECTOR('',#2708,1.);
#2708 = DIRECTION('',(0.,0.,-1.));
#2709 = ORIENTED_EDGE('',*,*,#599,.F.);
#2710 = PLANE('',#2711);
#2711 = AXIS2_PLACEMENT_3D('',#2712,#2713,#2714);
#2712 = CARTESIAN_POINT('',(9.05,-127.7,0.));
#2713 = DIRECTION('',(0.,-1.,0.));
#2714 = DIRECTION('',(1.,0.,0.));
#2715 = ADVANCED_FACE('',(#2716),#2743,.F.);
#2716 = FACE_BOUND('',#2717,.F.);
#2717 = EDGE_LOOP('',(#2718,#2719,#2728,#2736,#2742));
#2718 = ORIENTED_EDGE('',*,*,#2704,.T.);
#2719 = ORIENTED_EDGE('',*,*,#2720,.T.);
#2720 = EDGE_CURVE('',#2697,#2721,#2723,.T.);
#2721 = VERTEX_POINT('',#2722);
#2722 = CARTESIAN_POINT('',(11.05,-128.2,-2.));
#2723 = CIRCLE('',#2724,0.5);
#2724 = AXIS2_PLACEMENT_3D('',#2725,#2726,#2727);
#2725 = CARTESIAN_POINT('',(11.05,-128.2,-1.5));
#2726 = DIRECTION('',(-1.,0.,0.));
#2727 = DIRECTION('',(0.,0.,1.));
#2728 = ORIENTED_EDGE('',*,*,#2729,.T.);
#2729 = EDGE_CURVE('',#2721,#2730,#2732,.T.);
#2730 = VERTEX_POINT('',#2731);
#2731 = CARTESIAN_POINT('',(11.05,-128.6,-2.));
#2732 = LINE('',#2733,#2734);
#2733 = CARTESIAN_POINT('',(11.05,-127.7,-2.));
#2734 = VECTOR('',#2735,1.);
#2735 = DIRECTION('',(0.,-1.,0.));
#2736 = ORIENTED_EDGE('',*,*,#2737,.F.);
#2737 = EDGE_CURVE('',#584,#2730,#2738,.T.);
#2738 = LINE('',#2739,#2740);
#2739 = CARTESIAN_POINT('',(11.05,-128.6,0.));
#2740 = VECTOR('',#2741,1.);
#2741 = DIRECTION('',(0.,0.,-1.));
#2742 = ORIENTED_EDGE('',*,*,#591,.F.);
#2743 = PLANE('',#2744);
#2744 = AXIS2_PLACEMENT_3D('',#2745,#2746,#2747);
#2745 = CARTESIAN_POINT('',(11.05,-127.7,0.));
#2746 = DIRECTION('',(-1.,-0.,-0.));
#2747 = DIRECTION('',(0.,-1.,0.));
#2748 = ADVANCED_FACE('',(#2749),#2760,.T.);
#2749 = FACE_BOUND('',#2750,.T.);
#2750 = EDGE_LOOP('',(#2751,#2752,#2753,#2759));
#2751 = ORIENTED_EDGE('',*,*,#583,.F.);
#2752 = ORIENTED_EDGE('',*,*,#2356,.F.);
#2753 = ORIENTED_EDGE('',*,*,#2754,.T.);
#2754 = EDGE_CURVE('',#2357,#2730,#2755,.T.);
#2755 = LINE('',#2756,#2757);
#2756 = CARTESIAN_POINT('',(40.5,-128.6,-2.));
#2757 = VECTOR('',#2758,1.);
#2758 = DIRECTION('',(-1.,0.,0.));
#2759 = ORIENTED_EDGE('',*,*,#2737,.F.);
#2760 = PLANE('',#2761);
#2761 = AXIS2_PLACEMENT_3D('',#2762,#2763,#2764);
#2762 = CARTESIAN_POINT('',(40.5,-128.6,0.));
#2763 = DIRECTION('',(0.,1.,0.));
#2764 = DIRECTION('',(-1.,0.,0.));
#2765 = ADVANCED_FACE('',(#2766),#2785,.F.);
#2766 = FACE_BOUND('',#2767,.T.);
#2767 = EDGE_LOOP('',(#2768,#2776,#2783,#2784));
#2768 = ORIENTED_EDGE('',*,*,#2769,.T.);
#2769 = EDGE_CURVE('',#706,#2770,#2772,.T.);
#2770 = VERTEX_POINT('',#2771);
#2771 = CARTESIAN_POINT('',(31.6487883,-65.8261061,1.));
#2772 = LINE('',#2773,#2774);
#2773 = CARTESIAN_POINT('',(31.6487883,-65.8261061,0.));
#2774 = VECTOR('',#2775,1.);
#2775 = DIRECTION('',(0.,0.,1.));
#2776 = ORIENTED_EDGE('',*,*,#2777,.T.);
#2777 = EDGE_CURVE('',#2770,#2770,#2778,.T.);
#2778 = CIRCLE('',#2779,3.5);
#2779 = AXIS2_PLACEMENT_3D('',#2780,#2781,#2782);
#2780 = CARTESIAN_POINT('',(28.1487883,-65.8261061,1.));
#2781 = DIRECTION('',(0.,0.,1.));
#2782 = DIRECTION('',(1.,0.,0.));
#2783 = ORIENTED_EDGE('',*,*,#2769,.F.);
#2784 = ORIENTED_EDGE('',*,*,#705,.F.);
#2785 = CYLINDRICAL_SURFACE('',#2786,3.5);
#2786 = AXIS2_PLACEMENT_3D('',#2787,#2788,#2789);
#2787 = CARTESIAN_POINT('',(28.1487883,-65.8261061,0.));
#2788 = DIRECTION('',(-0.,-0.,-1.));
#2789 = DIRECTION('',(1.,0.,0.));
#2790 = ADVANCED_FACE('',(#2791),#2816,.T.);
#2791 = FACE_BOUND('',#2792,.T.);
#2792 = EDGE_LOOP('',(#2793,#2794,#2802,#2810));
#2793 = ORIENTED_EDGE('',*,*,#716,.F.);
#2794 = ORIENTED_EDGE('',*,*,#2795,.T.);
#2795 = EDGE_CURVE('',#717,#2796,#2798,.T.);
#2796 = VERTEX_POINT('',#2797);
#2797 = CARTESIAN_POINT('',(31.8395,-97.124,1.));
#2798 = LINE('',#2799,#2800);
#2799 = CARTESIAN_POINT('',(31.8395,-97.124,0.));
#2800 = VECTOR('',#2801,1.);
#2801 = DIRECTION('',(0.,0.,1.));
#2802 = ORIENTED_EDGE('',*,*,#2803,.T.);
#2803 = EDGE_CURVE('',#2796,#2804,#2806,.T.);
#2804 = VERTEX_POINT('',#2805);
#2805 = CARTESIAN_POINT('',(31.8395,-77.124,1.));
#2806 = LINE('',#2807,#2808);
#2807 = CARTESIAN_POINT('',(31.8395,-98.124,1.));
#2808 = VECTOR('',#2809,1.);
#2809 = DIRECTION('',(0.,1.,0.));
#2810 = ORIENTED_EDGE('',*,*,#2811,.F.);
#2811 = EDGE_CURVE('',#719,#2804,#2812,.T.);
#2812 = LINE('',#2813,#2814);
#2813 = CARTESIAN_POINT('',(31.8395,-77.124,0.));
#2814 = VECTOR('',#2815,1.);
#2815 = DIRECTION('',(0.,0.,1.));
#2816 = PLANE('',#2817);
#2817 = AXIS2_PLACEMENT_3D('',#2818,#2819,#2820);
#2818 = CARTESIAN_POINT('',(31.8395,-98.124,0.));
#2819 = DIRECTION('',(-1.,0.,0.));
#2820 = DIRECTION('',(0.,1.,0.));
#2821 = ADVANCED_FACE('',(#2822),#2841,.F.);
#2822 = FACE_BOUND('',#2823,.T.);
#2823 = EDGE_LOOP('',(#2824,#2825,#2833,#2840));
#2824 = ORIENTED_EDGE('',*,*,#777,.T.);
#2825 = ORIENTED_EDGE('',*,*,#2826,.T.);
#2826 = EDGE_CURVE('',#770,#2827,#2829,.T.);
#2827 = VERTEX_POINT('',#2828);
#2828 = CARTESIAN_POINT('',(30.8395,-98.124,1.));
#2829 = LINE('',#2830,#2831);
#2830 = CARTESIAN_POINT('',(30.8395,-98.124,0.));
#2831 = VECTOR('',#2832,1.);
#2832 = DIRECTION('',(0.,0.,1.));
#2833 = ORIENTED_EDGE('',*,*,#2834,.F.);
#2834 = EDGE_CURVE('',#2796,#2827,#2835,.T.);
#2835 = CIRCLE('',#2836,1.);
#2836 = AXIS2_PLACEMENT_3D('',#2837,#2838,#2839);
#2837 = CARTESIAN_POINT('',(30.8395,-97.124,1.));
#2838 = DIRECTION('',(0.,0.,-1.));
#2839 = DIRECTION('',(1.,0.,0.));
#2840 = ORIENTED_EDGE('',*,*,#2795,.F.);
#2841 = CYLINDRICAL_SURFACE('',#2842,1.);
#2842 = AXIS2_PLACEMENT_3D('',#2843,#2844,#2845);
#2843 = CARTESIAN_POINT('',(30.8395,-97.124,0.));
#2844 = DIRECTION('',(0.,0.,1.));
#2845 = DIRECTION('',(1.,0.,0.));
#2846 = ADVANCED_FACE('',(#2847),#2866,.F.);
#2847 = FACE_BOUND('',#2848,.F.);
#2848 = EDGE_LOOP('',(#2849,#2850,#2858,#2865));
#2849 = ORIENTED_EDGE('',*,*,#726,.T.);
#2850 = ORIENTED_EDGE('',*,*,#2851,.T.);
#2851 = EDGE_CURVE('',#727,#2852,#2854,.T.);
#2852 = VERTEX_POINT('',#2853);
#2853 = CARTESIAN_POINT('',(30.8395,-76.124,1.));
#2854 = LINE('',#2855,#2856);
#2855 = CARTESIAN_POINT('',(30.8395,-76.124,0.));
#2856 = VECTOR('',#2857,1.);
#2857 = DIRECTION('',(0.,0.,1.));
#2858 = ORIENTED_EDGE('',*,*,#2859,.T.);
#2859 = EDGE_CURVE('',#2852,#2804,#2860,.T.);
#2860 = CIRCLE('',#2861,1.);
#2861 = AXIS2_PLACEMENT_3D('',#2862,#2863,#2864);
#2862 = CARTESIAN_POINT('',(30.8395,-77.124,1.));
#2863 = DIRECTION('',(0.,0.,-1.));
#2864 = DIRECTION('',(0.,1.,0.));
#2865 = ORIENTED_EDGE('',*,*,#2811,.F.);
#2866 = CYLINDRICAL_SURFACE('',#2867,1.);
#2867 = AXIS2_PLACEMENT_3D('',#2868,#2869,#2870);
#2868 = CARTESIAN_POINT('',(30.8395,-77.124,0.));
#2869 = DIRECTION('',(0.,0.,1.));
#2870 = DIRECTION('',(1.,0.,0.));
#2871 = ADVANCED_FACE('',(#2872),#2890,.T.);
#2872 = FACE_BOUND('',#2873,.T.);
#2873 = EDGE_LOOP('',(#2874,#2875,#2883,#2889));
#2874 = ORIENTED_EDGE('',*,*,#769,.F.);
#2875 = ORIENTED_EDGE('',*,*,#2876,.T.);
#2876 = EDGE_CURVE('',#761,#2877,#2879,.T.);
#2877 = VERTEX_POINT('',#2878);
#2878 = CARTESIAN_POINT('',(10.8395,-98.124,1.));
#2879 = LINE('',#2880,#2881);
#2880 = CARTESIAN_POINT('',(10.8395,-98.124,0.));
#2881 = VECTOR('',#2882,1.);
#2882 = DIRECTION('',(0.,0.,1.));
#2883 = ORIENTED_EDGE('',*,*,#2884,.T.);
#2884 = EDGE_CURVE('',#2877,#2827,#2885,.T.);
#2885 = LINE('',#2886,#2887);
#2886 = CARTESIAN_POINT('',(9.8395,-98.124,1.));
#2887 = VECTOR('',#2888,1.);
#2888 = DIRECTION('',(1.,0.,0.));
#2889 = ORIENTED_EDGE('',*,*,#2826,.F.);
#2890 = PLANE('',#2891);
#2891 = AXIS2_PLACEMENT_3D('',#2892,#2893,#2894);
#2892 = CARTESIAN_POINT('',(9.8395,-98.124,0.));
#2893 = DIRECTION('',(0.,1.,0.));
#2894 = DIRECTION('',(1.,0.,0.));
#2895 = ADVANCED_FACE('',(#2896),#2914,.T.);
#2896 = FACE_BOUND('',#2897,.T.);
#2897 = EDGE_LOOP('',(#2898,#2899,#2900,#2908));
#2898 = ORIENTED_EDGE('',*,*,#735,.F.);
#2899 = ORIENTED_EDGE('',*,*,#2851,.T.);
#2900 = ORIENTED_EDGE('',*,*,#2901,.T.);
#2901 = EDGE_CURVE('',#2852,#2902,#2904,.T.);
#2902 = VERTEX_POINT('',#2903);
#2903 = CARTESIAN_POINT('',(10.8395,-76.124,1.));
#2904 = LINE('',#2905,#2906);
#2905 = CARTESIAN_POINT('',(31.8395,-76.124,1.));
#2906 = VECTOR('',#2907,1.);
#2907 = DIRECTION('',(-1.,0.,0.));
#2908 = ORIENTED_EDGE('',*,*,#2909,.F.);
#2909 = EDGE_CURVE('',#736,#2902,#2910,.T.);
#2910 = LINE('',#2911,#2912);
#2911 = CARTESIAN_POINT('',(10.8395,-76.124,0.));
#2912 = VECTOR('',#2913,1.);
#2913 = DIRECTION('',(0.,0.,1.));
#2914 = PLANE('',#2915);
#2915 = AXIS2_PLACEMENT_3D('',#2916,#2917,#2918);
#2916 = CARTESIAN_POINT('',(31.8395,-76.124,0.));
#2917 = DIRECTION('',(0.,-1.,0.));
#2918 = DIRECTION('',(-1.,0.,0.));
#2919 = ADVANCED_FACE('',(#2920),#2939,.F.);
#2920 = FACE_BOUND('',#2921,.F.);
#2921 = EDGE_LOOP('',(#2922,#2923,#2924,#2933));
#2922 = ORIENTED_EDGE('',*,*,#760,.T.);
#2923 = ORIENTED_EDGE('',*,*,#2876,.T.);
#2924 = ORIENTED_EDGE('',*,*,#2925,.F.);
#2925 = EDGE_CURVE('',#2926,#2877,#2928,.T.);
#2926 = VERTEX_POINT('',#2927);
#2927 = CARTESIAN_POINT('',(9.8395,-97.124,1.));
#2928 = CIRCLE('',#2929,1.);
#2929 = AXIS2_PLACEMENT_3D('',#2930,#2931,#2932);
#2930 = CARTESIAN_POINT('',(10.8395,-97.124,1.));
#2931 = DIRECTION('',(0.,0.,1.));
#2932 = DIRECTION('',(-1.,0.,0.));
#2933 = ORIENTED_EDGE('',*,*,#2934,.F.);
#2934 = EDGE_CURVE('',#753,#2926,#2935,.T.);
#2935 = LINE('',#2936,#2937);
#2936 = CARTESIAN_POINT('',(9.8395,-97.124,0.));
#2937 = VECTOR('',#2938,1.);
#2938 = DIRECTION('',(0.,0.,1.));
#2939 = CYLINDRICAL_SURFACE('',#2940,1.);
#2940 = AXIS2_PLACEMENT_3D('',#2941,#2942,#2943);
#2941 = CARTESIAN_POINT('',(10.8395,-97.124,0.));
#2942 = DIRECTION('',(0.,0.,1.));
#2943 = DIRECTION('',(-1.,0.,0.));
#2944 = ADVANCED_FACE('',(#2945),#2964,.F.);
#2945 = FACE_BOUND('',#2946,.F.);
#2946 = EDGE_LOOP('',(#2947,#2948,#2956,#2963));
#2947 = ORIENTED_EDGE('',*,*,#743,.T.);
#2948 = ORIENTED_EDGE('',*,*,#2949,.T.);
#2949 = EDGE_CURVE('',#744,#2950,#2952,.T.);
#2950 = VERTEX_POINT('',#2951);
#2951 = CARTESIAN_POINT('',(9.8395,-77.124,1.));
#2952 = LINE('',#2953,#2954);
#2953 = CARTESIAN_POINT('',(9.8395,-77.124,0.));
#2954 = VECTOR('',#2955,1.);
#2955 = DIRECTION('',(0.,0.,1.));
#2956 = ORIENTED_EDGE('',*,*,#2957,.F.);
#2957 = EDGE_CURVE('',#2902,#2950,#2958,.T.);
#2958 = CIRCLE('',#2959,1.);
#2959 = AXIS2_PLACEMENT_3D('',#2960,#2961,#2962);
#2960 = CARTESIAN_POINT('',(10.8395,-77.124,1.));
#2961 = DIRECTION('',(0.,-0.,1.));
#2962 = DIRECTION('',(0.,1.,0.));
#2963 = ORIENTED_EDGE('',*,*,#2909,.F.);
#2964 = CYLINDRICAL_SURFACE('',#2965,1.);
#2965 = AXIS2_PLACEMENT_3D('',#2966,#2967,#2968);
#2966 = CARTESIAN_POINT('',(10.8395,-77.124,0.));
#2967 = DIRECTION('',(0.,0.,1.));
#2968 = DIRECTION('',(0.,1.,0.));
#2969 = ADVANCED_FACE('',(#2970),#2981,.T.);
#2970 = FACE_BOUND('',#2971,.T.);
#2971 = EDGE_LOOP('',(#2972,#2973,#2974,#2980));
#2972 = ORIENTED_EDGE('',*,*,#752,.F.);
#2973 = ORIENTED_EDGE('',*,*,#2949,.T.);
#2974 = ORIENTED_EDGE('',*,*,#2975,.T.);
#2975 = EDGE_CURVE('',#2950,#2926,#2976,.T.);
#2976 = LINE('',#2977,#2978);
#2977 = CARTESIAN_POINT('',(9.8395,-76.124,1.));
#2978 = VECTOR('',#2979,1.);
#2979 = DIRECTION('',(0.,-1.,0.));
#2980 = ORIENTED_EDGE('',*,*,#2934,.F.);
#2981 = PLANE('',#2982);
#2982 = AXIS2_PLACEMENT_3D('',#2983,#2984,#2985);
#2983 = CARTESIAN_POINT('',(9.8395,-76.124,0.));
#2984 = DIRECTION('',(1.,0.,0.));
#2985 = DIRECTION('',(0.,-1.,0.));
#2986 = ADVANCED_FACE('',(#2987),#3012,.T.);
#2987 = FACE_BOUND('',#2988,.T.);
#2988 = EDGE_LOOP('',(#2989,#2990,#2998,#3006));
#2989 = ORIENTED_EDGE('',*,*,#786,.F.);
#2990 = ORIENTED_EDGE('',*,*,#2991,.F.);
#2991 = EDGE_CURVE('',#2992,#787,#2994,.T.);
#2992 = VERTEX_POINT('',#2993);
#2993 = CARTESIAN_POINT('',(85.6,-31.1,-2.));
#2994 = LINE('',#2995,#2996);
#2995 = CARTESIAN_POINT('',(85.6,-31.1,-2.));
#2996 = VECTOR('',#2997,1.);
#2997 = DIRECTION('',(0.,0.,1.));
#2998 = ORIENTED_EDGE('',*,*,#2999,.T.);
#2999 = EDGE_CURVE('',#2992,#3000,#3002,.T.);
#3000 = VERTEX_POINT('',#3001);
#3001 = CARTESIAN_POINT('',(85.6,-55.39999999999,-2.));
#3002 = LINE('',#3003,#3004);
#3003 = CARTESIAN_POINT('',(85.6,-2.9,-2.));
#3004 = VECTOR('',#3005,1.);
#3005 = DIRECTION('',(0.,-1.,0.));
#3006 = ORIENTED_EDGE('',*,*,#3007,.T.);
#3007 = EDGE_CURVE('',#3000,#789,#3008,.T.);
#3008 = LINE('',#3009,#3010);
#3009 = CARTESIAN_POINT('',(85.6,-55.39999999999,-2.));
#3010 = VECTOR('',#3011,1.);
#3011 = DIRECTION('',(0.,0.,1.));
#3012 = PLANE('',#3013);
#3013 = AXIS2_PLACEMENT_3D('',#3014,#3015,#3016);
#3014 = CARTESIAN_POINT('',(85.6,-2.9,0.));
#3015 = DIRECTION('',(-1.,-0.,-0.));
#3016 = DIRECTION('',(0.,-1.,0.));
#3017 = ADVANCED_FACE('',(#3018),#3036,.F.);
#3018 = FACE_BOUND('',#3019,.F.);
#3019 = EDGE_LOOP('',(#3020,#3028,#3029,#3030));
#3020 = ORIENTED_EDGE('',*,*,#3021,.T.);
#3021 = EDGE_CURVE('',#3022,#805,#3024,.T.);
#3022 = VERTEX_POINT('',#3023);
#3023 = CARTESIAN_POINT('',(86.4,-31.1,-2.));
#3024 = LINE('',#3025,#3026);
#3025 = CARTESIAN_POINT('',(86.4,-31.1,-2.));
#3026 = VECTOR('',#3027,1.);
#3027 = DIRECTION('',(0.,0.,1.));
#3028 = ORIENTED_EDGE('',*,*,#812,.T.);
#3029 = ORIENTED_EDGE('',*,*,#2991,.F.);
#3030 = ORIENTED_EDGE('',*,*,#3031,.F.);
#3031 = EDGE_CURVE('',#3022,#2992,#3032,.T.);
#3032 = LINE('',#3033,#3034);
#3033 = CARTESIAN_POINT('',(86.4,-31.1,-2.));
#3034 = VECTOR('',#3035,1.);
#3035 = DIRECTION('',(-1.,0.,0.));
#3036 = PLANE('',#3037);
#3037 = AXIS2_PLACEMENT_3D('',#3038,#3039,#3040);
#3038 = CARTESIAN_POINT('',(86.4,-31.1,-2.));
#3039 = DIRECTION('',(0.,-1.,0.));
#3040 = DIRECTION('',(-1.,0.,0.));
#3041 = ADVANCED_FACE('',(#3042),#3060,.F.);
#3042 = FACE_BOUND('',#3043,.F.);
#3043 = EDGE_LOOP('',(#3044,#3045,#3046,#3054));
#3044 = ORIENTED_EDGE('',*,*,#3007,.T.);
#3045 = ORIENTED_EDGE('',*,*,#796,.T.);
#3046 = ORIENTED_EDGE('',*,*,#3047,.F.);
#3047 = EDGE_CURVE('',#3048,#797,#3050,.T.);
#3048 = VERTEX_POINT('',#3049);
#3049 = CARTESIAN_POINT('',(86.4,-55.39999999999,-2.));
#3050 = LINE('',#3051,#3052);
#3051 = CARTESIAN_POINT('',(86.4,-55.39999999999,-2.));
#3052 = VECTOR('',#3053,1.);
#3053 = DIRECTION('',(0.,0.,1.));
#3054 = ORIENTED_EDGE('',*,*,#3055,.F.);
#3055 = EDGE_CURVE('',#3000,#3048,#3056,.T.);
#3056 = LINE('',#3057,#3058);
#3057 = CARTESIAN_POINT('',(85.6,-55.39999999999,-2.));
#3058 = VECTOR('',#3059,1.);
#3059 = DIRECTION('',(1.,0.,0.));
#3060 = PLANE('',#3061);
#3061 = AXIS2_PLACEMENT_3D('',#3062,#3063,#3064);
#3062 = CARTESIAN_POINT('',(85.6,-55.39999999999,-2.));
#3063 = DIRECTION('',(0.,1.,0.));
#3064 = DIRECTION('',(1.,0.,0.));
#3065 = ADVANCED_FACE('',(#3066),#3077,.F.);
#3066 = FACE_BOUND('',#3067,.F.);
#3067 = EDGE_LOOP('',(#3068,#3069,#3070,#3076));
#3068 = ORIENTED_EDGE('',*,*,#804,.F.);
#3069 = ORIENTED_EDGE('',*,*,#3021,.F.);
#3070 = ORIENTED_EDGE('',*,*,#3071,.T.);
#3071 = EDGE_CURVE('',#3022,#3048,#3072,.T.);
#3072 = LINE('',#3073,#3074);
#3073 = CARTESIAN_POINT('',(86.4,-2.1,-2.));
#3074 = VECTOR('',#3075,1.);
#3075 = DIRECTION('',(0.,-1.,0.));
#3076 = ORIENTED_EDGE('',*,*,#3047,.T.);
#3077 = PLANE('',#3078);
#3078 = AXIS2_PLACEMENT_3D('',#3079,#3080,#3081);
#3079 = CARTESIAN_POINT('',(86.4,-2.1,0.));
#3080 = DIRECTION('',(-1.,-0.,-0.));
#3081 = DIRECTION('',(0.,-1.,0.));
#3082 = ADVANCED_FACE('',(#3083),#3108,.T.);
#3083 = FACE_BOUND('',#3084,.T.);
#3084 = EDGE_LOOP('',(#3085,#3086,#3094,#3102));
#3085 = ORIENTED_EDGE('',*,*,#820,.F.);
#3086 = ORIENTED_EDGE('',*,*,#3087,.T.);
#3087 = EDGE_CURVE('',#821,#3088,#3090,.T.);
#3088 = VERTEX_POINT('',#3089);
#3089 = CARTESIAN_POINT('',(85.6,-2.9,-2.));
#3090 = LINE('',#3091,#3092);
#3091 = CARTESIAN_POINT('',(85.6,-2.9,0.));
#3092 = VECTOR('',#3093,1.);
#3093 = DIRECTION('',(0.,0.,-1.));
#3094 = ORIENTED_EDGE('',*,*,#3095,.T.);
#3095 = EDGE_CURVE('',#3088,#3096,#3098,.T.);
#3096 = VERTEX_POINT('',#3097);
#3097 = CARTESIAN_POINT('',(85.6,-13.1,-2.));
#3098 = LINE('',#3099,#3100);
#3099 = CARTESIAN_POINT('',(85.6,-2.9,-2.));
#3100 = VECTOR('',#3101,1.);
#3101 = DIRECTION('',(0.,-1.,0.));
#3102 = ORIENTED_EDGE('',*,*,#3103,.T.);
#3103 = EDGE_CURVE('',#3096,#823,#3104,.T.);
#3104 = LINE('',#3105,#3106);
#3105 = CARTESIAN_POINT('',(85.6,-13.1,-2.));
#3106 = VECTOR('',#3107,1.);
#3107 = DIRECTION('',(0.,0.,1.));
#3108 = PLANE('',#3109);
#3109 = AXIS2_PLACEMENT_3D('',#3110,#3111,#3112);
#3110 = CARTESIAN_POINT('',(85.6,-2.9,0.));
#3111 = DIRECTION('',(-1.,-0.,-0.));
#3112 = DIRECTION('',(0.,-1.,0.));
#3113 = ADVANCED_FACE('',(#3114),#3200,.T.);
#3114 = FACE_BOUND('',#3115,.T.);
#3115 = EDGE_LOOP('',(#3116,#3124,#3125,#3126,#3134,#3142,#3151,#3159,
    #3168,#3176,#3185,#3193));
#3116 = ORIENTED_EDGE('',*,*,#3117,.T.);
#3117 = EDGE_CURVE('',#3118,#3088,#3120,.T.);
#3118 = VERTEX_POINT('',#3119);
#3119 = CARTESIAN_POINT('',(74.99,-2.9,-2.));
#3120 = LINE('',#3121,#3122);
#3121 = CARTESIAN_POINT('',(3.4,-2.9,-2.));
#3122 = VECTOR('',#3123,1.);
#3123 = DIRECTION('',(1.,0.,0.));
#3124 = ORIENTED_EDGE('',*,*,#3087,.F.);
#3125 = ORIENTED_EDGE('',*,*,#896,.F.);
#3126 = ORIENTED_EDGE('',*,*,#3127,.T.);
#3127 = EDGE_CURVE('',#889,#3128,#3130,.T.);
#3128 = VERTEX_POINT('',#3129);
#3129 = CARTESIAN_POINT('',(3.4,-2.9,-2.));
#3130 = LINE('',#3131,#3132);
#3131 = CARTESIAN_POINT('',(3.4,-2.9,0.));
#3132 = VECTOR('',#3133,1.);
#3133 = DIRECTION('',(0.,0.,-1.));
#3134 = ORIENTED_EDGE('',*,*,#3135,.T.);
#3135 = EDGE_CURVE('',#3128,#3136,#3138,.T.);
#3136 = VERTEX_POINT('',#3137);
#3137 = CARTESIAN_POINT('',(14.01,-2.9,-2.));
#3138 = LINE('',#3139,#3140);
#3139 = CARTESIAN_POINT('',(3.4,-2.9,-2.));
#3140 = VECTOR('',#3141,1.);
#3141 = DIRECTION('',(1.,0.,0.));
#3142 = ORIENTED_EDGE('',*,*,#3143,.F.);
#3143 = EDGE_CURVE('',#3144,#3136,#3146,.T.);
#3144 = VERTEX_POINT('',#3145);
#3145 = CARTESIAN_POINT('',(14.5,-2.9,-1.51));
#3146 = CIRCLE('',#3147,0.49);
#3147 = AXIS2_PLACEMENT_3D('',#3148,#3149,#3150);
#3148 = CARTESIAN_POINT('',(14.01,-2.9,-1.51));
#3149 = DIRECTION('',(0.,1.,0.));
#3150 = DIRECTION('',(0.,0.,1.));
#3151 = ORIENTED_EDGE('',*,*,#3152,.T.);
#3152 = EDGE_CURVE('',#3144,#3153,#3155,.T.);
#3153 = VERTEX_POINT('',#3154);
#3154 = CARTESIAN_POINT('',(14.5,-2.9,-1.49));
#3155 = LINE('',#3156,#3157);
#3156 = CARTESIAN_POINT('',(14.5,-2.9,-2.));
#3157 = VECTOR('',#3158,1.);
#3158 = DIRECTION('',(0.,0.,1.));
#3159 = ORIENTED_EDGE('',*,*,#3160,.F.);
#3160 = EDGE_CURVE('',#3161,#3153,#3163,.T.);
#3161 = VERTEX_POINT('',#3162);
#3162 = CARTESIAN_POINT('',(14.99,-2.9,-1.));
#3163 = CIRCLE('',#3164,0.49);
#3164 = AXIS2_PLACEMENT_3D('',#3165,#3166,#3167);
#3165 = CARTESIAN_POINT('',(14.99,-2.9,-1.49));
#3166 = DIRECTION('',(0.,-1.,0.));
#3167 = DIRECTION('',(0.,0.,1.));
#3168 = ORIENTED_EDGE('',*,*,#3169,.F.);
#3169 = EDGE_CURVE('',#3170,#3161,#3172,.T.);
#3170 = VERTEX_POINT('',#3171);
#3171 = CARTESIAN_POINT('',(74.01,-2.9,-1.));
#3172 = LINE('',#3173,#3174);
#3173 = CARTESIAN_POINT('',(74.5,-2.9,-1.));
#3174 = VECTOR('',#3175,1.);
#3175 = DIRECTION('',(-1.,0.,0.));
#3176 = ORIENTED_EDGE('',*,*,#3177,.F.);
#3177 = EDGE_CURVE('',#3178,#3170,#3180,.T.);
#3178 = VERTEX_POINT('',#3179);
#3179 = CARTESIAN_POINT('',(74.5,-2.9,-1.49));
#3180 = CIRCLE('',#3181,0.49);
#3181 = AXIS2_PLACEMENT_3D('',#3182,#3183,#3184);
#3182 = CARTESIAN_POINT('',(74.01,-2.9,-1.49));
#3183 = DIRECTION('',(0.,-1.,0.));
#3184 = DIRECTION('',(0.,0.,-1.));
#3185 = ORIENTED_EDGE('',*,*,#3186,.F.);
#3186 = EDGE_CURVE('',#3187,#3178,#3189,.T.);
#3187 = VERTEX_POINT('',#3188);
#3188 = CARTESIAN_POINT('',(74.5,-2.9,-1.51));
#3189 = LINE('',#3190,#3191);
#3190 = CARTESIAN_POINT('',(74.5,-2.9,-2.));
#3191 = VECTOR('',#3192,1.);
#3192 = DIRECTION('',(0.,0.,1.));
#3193 = ORIENTED_EDGE('',*,*,#3194,.F.);
#3194 = EDGE_CURVE('',#3118,#3187,#3195,.T.);
#3195 = CIRCLE('',#3196,0.49);
#3196 = AXIS2_PLACEMENT_3D('',#3197,#3198,#3199);
#3197 = CARTESIAN_POINT('',(74.99,-2.9,-1.51));
#3198 = DIRECTION('',(0.,1.,0.));
#3199 = DIRECTION('',(0.,0.,-1.));
#3200 = PLANE('',#3201);
#3201 = AXIS2_PLACEMENT_3D('',#3202,#3203,#3204);
#3202 = CARTESIAN_POINT('',(3.4,-2.9,0.));
#3203 = DIRECTION('',(0.,-1.,0.));
#3204 = DIRECTION('',(1.,0.,0.));
#3205 = ADVANCED_FACE('',(#3206),#3224,.F.);
#3206 = FACE_BOUND('',#3207,.F.);
#3207 = EDGE_LOOP('',(#3208,#3209,#3210,#3218));
#3208 = ORIENTED_EDGE('',*,*,#3103,.T.);
#3209 = ORIENTED_EDGE('',*,*,#830,.T.);
#3210 = ORIENTED_EDGE('',*,*,#3211,.F.);
#3211 = EDGE_CURVE('',#3212,#831,#3214,.T.);
#3212 = VERTEX_POINT('',#3213);
#3213 = CARTESIAN_POINT('',(86.4,-13.1,-2.));
#3214 = LINE('',#3215,#3216);
#3215 = CARTESIAN_POINT('',(86.4,-13.1,-2.));
#3216 = VECTOR('',#3217,1.);
#3217 = DIRECTION('',(0.,0.,1.));
#3218 = ORIENTED_EDGE('',*,*,#3219,.F.);
#3219 = EDGE_CURVE('',#3096,#3212,#3220,.T.);
#3220 = LINE('',#3221,#3222);
#3221 = CARTESIAN_POINT('',(85.6,-13.1,-2.));
#3222 = VECTOR('',#3223,1.);
#3223 = DIRECTION('',(1.,0.,0.));
#3224 = PLANE('',#3225);
#3225 = AXIS2_PLACEMENT_3D('',#3226,#3227,#3228);
#3226 = CARTESIAN_POINT('',(85.6,-13.1,-2.));
#3227 = DIRECTION('',(0.,1.,0.));
#3228 = DIRECTION('',(1.,0.,0.));
#3229 = ADVANCED_FACE('',(#3230),#3248,.T.);
#3230 = FACE_BOUND('',#3231,.T.);
#3231 = EDGE_LOOP('',(#3232,#3233,#3241,#3247));
#3232 = ORIENTED_EDGE('',*,*,#888,.F.);
#3233 = ORIENTED_EDGE('',*,*,#3234,.F.);
#3234 = EDGE_CURVE('',#3235,#881,#3237,.T.);
#3235 = VERTEX_POINT('',#3236);
#3236 = CARTESIAN_POINT('',(3.4,-13.1,-2.));
#3237 = LINE('',#3238,#3239);
#3238 = CARTESIAN_POINT('',(3.4,-13.1,-2.));
#3239 = VECTOR('',#3240,1.);
#3240 = DIRECTION('',(0.,0.,1.));
#3241 = ORIENTED_EDGE('',*,*,#3242,.T.);
#3242 = EDGE_CURVE('',#3235,#3128,#3243,.T.);
#3243 = LINE('',#3244,#3245);
#3244 = CARTESIAN_POINT('',(3.4,-128.6,-2.));
#3245 = VECTOR('',#3246,1.);
#3246 = DIRECTION('',(0.,1.,0.));
#3247 = ORIENTED_EDGE('',*,*,#3127,.F.);
#3248 = PLANE('',#3249);
#3249 = AXIS2_PLACEMENT_3D('',#3250,#3251,#3252);
#3250 = CARTESIAN_POINT('',(3.4,-128.6,0.));
#3251 = DIRECTION('',(1.,0.,0.));
#3252 = DIRECTION('',(0.,1.,0.));
#3253 = ADVANCED_FACE('',(#3254),#3272,.F.);
#3254 = FACE_BOUND('',#3255,.F.);
#3255 = EDGE_LOOP('',(#3256,#3257,#3265,#3271));
#3256 = ORIENTED_EDGE('',*,*,#838,.F.);
#3257 = ORIENTED_EDGE('',*,*,#3258,.T.);
#3258 = EDGE_CURVE('',#839,#3259,#3261,.T.);
#3259 = VERTEX_POINT('',#3260);
#3260 = CARTESIAN_POINT('',(86.4,-3.1,-2.));
#3261 = LINE('',#3262,#3263);
#3262 = CARTESIAN_POINT('',(86.4,-3.1,0.));
#3263 = VECTOR('',#3264,1.);
#3264 = DIRECTION('',(0.,0.,-1.));
#3265 = ORIENTED_EDGE('',*,*,#3266,.T.);
#3266 = EDGE_CURVE('',#3259,#3212,#3267,.T.);
#3267 = LINE('',#3268,#3269);
#3268 = CARTESIAN_POINT('',(86.4,-2.1,-2.));
#3269 = VECTOR('',#3270,1.);
#3270 = DIRECTION('',(0.,-1.,0.));
#3271 = ORIENTED_EDGE('',*,*,#3211,.T.);
#3272 = PLANE('',#3273);
#3273 = AXIS2_PLACEMENT_3D('',#3274,#3275,#3276);
#3274 = CARTESIAN_POINT('',(86.4,-2.1,0.));
#3275 = DIRECTION('',(-1.,-0.,-0.));
#3276 = DIRECTION('',(0.,-1.,0.));
#3277 = ADVANCED_FACE('',(#3278),#3296,.F.);
#3278 = FACE_BOUND('',#3279,.F.);
#3279 = EDGE_LOOP('',(#3280,#3288,#3289,#3290));
#3280 = ORIENTED_EDGE('',*,*,#3281,.T.);
#3281 = EDGE_CURVE('',#3282,#873,#3284,.T.);
#3282 = VERTEX_POINT('',#3283);
#3283 = CARTESIAN_POINT('',(2.6,-13.1,-2.));
#3284 = LINE('',#3285,#3286);
#3285 = CARTESIAN_POINT('',(2.6,-13.1,-2.));
#3286 = VECTOR('',#3287,1.);
#3287 = DIRECTION('',(0.,0.,1.));
#3288 = ORIENTED_EDGE('',*,*,#880,.T.);
#3289 = ORIENTED_EDGE('',*,*,#3234,.F.);
#3290 = ORIENTED_EDGE('',*,*,#3291,.F.);
#3291 = EDGE_CURVE('',#3282,#3235,#3292,.T.);
#3292 = LINE('',#3293,#3294);
#3293 = CARTESIAN_POINT('',(2.6,-13.1,-2.));
#3294 = VECTOR('',#3295,1.);
#3295 = DIRECTION('',(1.,0.,0.));
#3296 = PLANE('',#3297);
#3297 = AXIS2_PLACEMENT_3D('',#3298,#3299,#3300);
#3298 = CARTESIAN_POINT('',(2.6,-13.1,-2.));
#3299 = DIRECTION('',(0.,1.,0.));
#3300 = DIRECTION('',(1.,0.,0.));
#3301 = ADVANCED_FACE('',(#3302),#3321,.T.);
#3302 = FACE_BOUND('',#3303,.F.);
#3303 = EDGE_LOOP('',(#3304,#3305,#3313,#3320));
#3304 = ORIENTED_EDGE('',*,*,#846,.T.);
#3305 = ORIENTED_EDGE('',*,*,#3306,.T.);
#3306 = EDGE_CURVE('',#847,#3307,#3309,.T.);
#3307 = VERTEX_POINT('',#3308);
#3308 = CARTESIAN_POINT('',(85.4,-2.1,-2.));
#3309 = LINE('',#3310,#3311);
#3310 = CARTESIAN_POINT('',(85.4,-2.1,0.));
#3311 = VECTOR('',#3312,1.);
#3312 = DIRECTION('',(0.,0.,-1.));
#3313 = ORIENTED_EDGE('',*,*,#3314,.F.);
#3314 = EDGE_CURVE('',#3259,#3307,#3315,.T.);
#3315 = CIRCLE('',#3316,1.);
#3316 = AXIS2_PLACEMENT_3D('',#3317,#3318,#3319);
#3317 = CARTESIAN_POINT('',(85.4,-3.1,-2.));
#3318 = DIRECTION('',(0.,-0.,1.));
#3319 = DIRECTION('',(0.,1.,0.));
#3320 = ORIENTED_EDGE('',*,*,#3258,.F.);
#3321 = CYLINDRICAL_SURFACE('',#3322,1.);
#3322 = AXIS2_PLACEMENT_3D('',#3323,#3324,#3325);
#3323 = CARTESIAN_POINT('',(85.4,-3.1,0.));
#3324 = DIRECTION('',(0.,0.,-1.));
#3325 = DIRECTION('',(1.,0.,0.));
#3326 = ADVANCED_FACE('',(#3327),#3345,.F.);
#3327 = FACE_BOUND('',#3328,.F.);
#3328 = EDGE_LOOP('',(#3329,#3330,#3331,#3339));
#3329 = ORIENTED_EDGE('',*,*,#872,.F.);
#3330 = ORIENTED_EDGE('',*,*,#3281,.F.);
#3331 = ORIENTED_EDGE('',*,*,#3332,.T.);
#3332 = EDGE_CURVE('',#3282,#3333,#3335,.T.);
#3333 = VERTEX_POINT('',#3334);
#3334 = CARTESIAN_POINT('',(2.6,-3.1,-2.));
#3335 = LINE('',#3336,#3337);
#3336 = CARTESIAN_POINT('',(2.6,-129.4,-2.));
#3337 = VECTOR('',#3338,1.);
#3338 = DIRECTION('',(0.,1.,0.));
#3339 = ORIENTED_EDGE('',*,*,#3340,.F.);
#3340 = EDGE_CURVE('',#864,#3333,#3341,.T.);
#3341 = LINE('',#3342,#3343);
#3342 = CARTESIAN_POINT('',(2.6,-3.1,0.));
#3343 = VECTOR('',#3344,1.);
#3344 = DIRECTION('',(0.,0.,-1.));
#3345 = PLANE('',#3346);
#3346 = AXIS2_PLACEMENT_3D('',#3347,#3348,#3349);
#3347 = CARTESIAN_POINT('',(2.6,-129.4,0.));
#3348 = DIRECTION('',(1.,0.,0.));
#3349 = DIRECTION('',(0.,1.,0.));
#3350 = ADVANCED_FACE('',(#3351),#3437,.F.);
#3351 = FACE_BOUND('',#3352,.F.);
#3352 = EDGE_LOOP('',(#3353,#3361,#3362,#3363,#3371,#3379,#3388,#3396,
    #3405,#3413,#3422,#3430));
#3353 = ORIENTED_EDGE('',*,*,#3354,.T.);
#3354 = EDGE_CURVE('',#3355,#3307,#3357,.T.);
#3355 = VERTEX_POINT('',#3356);
#3356 = CARTESIAN_POINT('',(74.99,-2.1,-2.));
#3357 = LINE('',#3358,#3359);
#3358 = CARTESIAN_POINT('',(2.6,-2.1,-2.));
#3359 = VECTOR('',#3360,1.);
#3360 = DIRECTION('',(1.,0.,0.));
#3361 = ORIENTED_EDGE('',*,*,#3306,.F.);
#3362 = ORIENTED_EDGE('',*,*,#855,.F.);
#3363 = ORIENTED_EDGE('',*,*,#3364,.T.);
#3364 = EDGE_CURVE('',#856,#3365,#3367,.T.);
#3365 = VERTEX_POINT('',#3366);
#3366 = CARTESIAN_POINT('',(3.6,-2.1,-2.));
#3367 = LINE('',#3368,#3369);
#3368 = CARTESIAN_POINT('',(3.6,-2.1,0.));
#3369 = VECTOR('',#3370,1.);
#3370 = DIRECTION('',(0.,0.,-1.));
#3371 = ORIENTED_EDGE('',*,*,#3372,.T.);
#3372 = EDGE_CURVE('',#3365,#3373,#3375,.T.);
#3373 = VERTEX_POINT('',#3374);
#3374 = CARTESIAN_POINT('',(14.01,-2.1,-2.));
#3375 = LINE('',#3376,#3377);
#3376 = CARTESIAN_POINT('',(2.6,-2.1,-2.));
#3377 = VECTOR('',#3378,1.);
#3378 = DIRECTION('',(1.,0.,0.));
#3379 = ORIENTED_EDGE('',*,*,#3380,.F.);
#3380 = EDGE_CURVE('',#3381,#3373,#3383,.T.);
#3381 = VERTEX_POINT('',#3382);
#3382 = CARTESIAN_POINT('',(14.5,-2.1,-1.51));
#3383 = CIRCLE('',#3384,0.49);
#3384 = AXIS2_PLACEMENT_3D('',#3385,#3386,#3387);
#3385 = CARTESIAN_POINT('',(14.01,-2.1,-1.51));
#3386 = DIRECTION('',(0.,1.,0.));
#3387 = DIRECTION('',(0.,0.,1.));
#3388 = ORIENTED_EDGE('',*,*,#3389,.T.);
#3389 = EDGE_CURVE('',#3381,#3390,#3392,.T.);
#3390 = VERTEX_POINT('',#3391);
#3391 = CARTESIAN_POINT('',(14.5,-2.1,-1.49));
#3392 = LINE('',#3393,#3394);
#3393 = CARTESIAN_POINT('',(14.5,-2.1,-2.));
#3394 = VECTOR('',#3395,1.);
#3395 = DIRECTION('',(0.,0.,1.));
#3396 = ORIENTED_EDGE('',*,*,#3397,.F.);
#3397 = EDGE_CURVE('',#3398,#3390,#3400,.T.);
#3398 = VERTEX_POINT('',#3399);
#3399 = CARTESIAN_POINT('',(14.99,-2.1,-1.));
#3400 = CIRCLE('',#3401,0.49);
#3401 = AXIS2_PLACEMENT_3D('',#3402,#3403,#3404);
#3402 = CARTESIAN_POINT('',(14.99,-2.1,-1.49));
#3403 = DIRECTION('',(0.,-1.,0.));
#3404 = DIRECTION('',(0.,0.,1.));
#3405 = ORIENTED_EDGE('',*,*,#3406,.T.);
#3406 = EDGE_CURVE('',#3398,#3407,#3409,.T.);
#3407 = VERTEX_POINT('',#3408);
#3408 = CARTESIAN_POINT('',(74.01,-2.1,-1.));
#3409 = LINE('',#3410,#3411);
#3410 = CARTESIAN_POINT('',(14.5,-2.1,-1.));
#3411 = VECTOR('',#3412,1.);
#3412 = DIRECTION('',(1.,0.,0.));
#3413 = ORIENTED_EDGE('',*,*,#3414,.F.);
#3414 = EDGE_CURVE('',#3415,#3407,#3417,.T.);
#3415 = VERTEX_POINT('',#3416);
#3416 = CARTESIAN_POINT('',(74.5,-2.1,-1.49));
#3417 = CIRCLE('',#3418,0.49);
#3418 = AXIS2_PLACEMENT_3D('',#3419,#3420,#3421);
#3419 = CARTESIAN_POINT('',(74.01,-2.1,-1.49));
#3420 = DIRECTION('',(0.,-1.,0.));
#3421 = DIRECTION('',(0.,0.,-1.));
#3422 = ORIENTED_EDGE('',*,*,#3423,.F.);
#3423 = EDGE_CURVE('',#3424,#3415,#3426,.T.);
#3424 = VERTEX_POINT('',#3425);
#3425 = CARTESIAN_POINT('',(74.5,-2.1,-1.51));
#3426 = LINE('',#3427,#3428);
#3427 = CARTESIAN_POINT('',(74.5,-2.1,-2.));
#3428 = VECTOR('',#3429,1.);
#3429 = DIRECTION('',(0.,0.,1.));
#3430 = ORIENTED_EDGE('',*,*,#3431,.F.);
#3431 = EDGE_CURVE('',#3355,#3424,#3432,.T.);
#3432 = CIRCLE('',#3433,0.49);
#3433 = AXIS2_PLACEMENT_3D('',#3434,#3435,#3436);
#3434 = CARTESIAN_POINT('',(74.99,-2.1,-1.51));
#3435 = DIRECTION('',(0.,1.,0.));
#3436 = DIRECTION('',(0.,0.,-1.));
#3437 = PLANE('',#3438);
#3438 = AXIS2_PLACEMENT_3D('',#3439,#3440,#3441);
#3439 = CARTESIAN_POINT('',(2.6,-2.1,0.));
#3440 = DIRECTION('',(0.,-1.,0.));
#3441 = DIRECTION('',(1.,0.,0.));
#3442 = ADVANCED_FACE('',(#3443),#3455,.T.);
#3443 = FACE_BOUND('',#3444,.T.);
#3444 = EDGE_LOOP('',(#3445,#3446,#3447,#3454));
#3445 = ORIENTED_EDGE('',*,*,#863,.T.);
#3446 = ORIENTED_EDGE('',*,*,#3364,.T.);
#3447 = ORIENTED_EDGE('',*,*,#3448,.F.);
#3448 = EDGE_CURVE('',#3333,#3365,#3449,.T.);
#3449 = CIRCLE('',#3450,1.);
#3450 = AXIS2_PLACEMENT_3D('',#3451,#3452,#3453);
#3451 = CARTESIAN_POINT('',(3.6,-3.1,-2.));
#3452 = DIRECTION('',(0.,0.,-1.));
#3453 = DIRECTION('',(0.,1.,0.));
#3454 = ORIENTED_EDGE('',*,*,#3340,.F.);
#3455 = CYLINDRICAL_SURFACE('',#3456,1.);
#3456 = AXIS2_PLACEMENT_3D('',#3457,#3458,#3459);
#3457 = CARTESIAN_POINT('',(3.6,-3.1,0.));
#3458 = DIRECTION('',(0.,0.,-1.));
#3459 = DIRECTION('',(-1.,-0.,-0.));
#3460 = ADVANCED_FACE('',(#3461),#3480,.F.);
#3461 = FACE_BOUND('',#3462,.T.);
#3462 = EDGE_LOOP('',(#3463,#3471,#3478,#3479));
#3463 = ORIENTED_EDGE('',*,*,#3464,.T.);
#3464 = EDGE_CURVE('',#905,#3465,#3467,.T.);
#3465 = VERTEX_POINT('',#3466);
#3466 = CARTESIAN_POINT('',(25.2000003,-58.5794611,1.));
#3467 = LINE('',#3468,#3469);
#3468 = CARTESIAN_POINT('',(25.2000003,-58.5794611,0.));
#3469 = VECTOR('',#3470,1.);
#3470 = DIRECTION('',(0.,0.,1.));
#3471 = ORIENTED_EDGE('',*,*,#3472,.T.);
#3472 = EDGE_CURVE('',#3465,#3465,#3473,.T.);
#3473 = CIRCLE('',#3474,3.5);
#3474 = AXIS2_PLACEMENT_3D('',#3475,#3476,#3477);
#3475 = CARTESIAN_POINT('',(21.7000003,-58.5794611,1.));
#3476 = DIRECTION('',(0.,0.,1.));
#3477 = DIRECTION('',(1.,0.,0.));
#3478 = ORIENTED_EDGE('',*,*,#3464,.F.);
#3479 = ORIENTED_EDGE('',*,*,#904,.F.);
#3480 = CYLINDRICAL_SURFACE('',#3481,3.5);
#3481 = AXIS2_PLACEMENT_3D('',#3482,#3483,#3484);
#3482 = CARTESIAN_POINT('',(21.7000003,-58.5794611,0.));
#3483 = DIRECTION('',(-0.,-0.,-1.));
#3484 = DIRECTION('',(1.,0.,0.));
#3485 = ADVANCED_FACE('',(#3486),#3511,.F.);
#3486 = FACE_BOUND('',#3487,.F.);
#3487 = EDGE_LOOP('',(#3488,#3496,#3497,#3505));
#3488 = ORIENTED_EDGE('',*,*,#3489,.T.);
#3489 = EDGE_CURVE('',#3490,#916,#3492,.T.);
#3490 = VERTEX_POINT('',#3491);
#3491 = CARTESIAN_POINT('',(2.6,-97.4,-2.));
#3492 = LINE('',#3493,#3494);
#3493 = CARTESIAN_POINT('',(2.6,-97.4,-2.));
#3494 = VECTOR('',#3495,1.);
#3495 = DIRECTION('',(0.,0.,1.));
#3496 = ORIENTED_EDGE('',*,*,#915,.T.);
#3497 = ORIENTED_EDGE('',*,*,#3498,.F.);
#3498 = EDGE_CURVE('',#3499,#918,#3501,.T.);
#3499 = VERTEX_POINT('',#3500);
#3500 = CARTESIAN_POINT('',(3.4,-97.4,-2.));
#3501 = LINE('',#3502,#3503);
#3502 = CARTESIAN_POINT('',(3.4,-97.4,-2.));
#3503 = VECTOR('',#3504,1.);
#3504 = DIRECTION('',(0.,0.,1.));
#3505 = ORIENTED_EDGE('',*,*,#3506,.F.);
#3506 = EDGE_CURVE('',#3490,#3499,#3507,.T.);
#3507 = LINE('',#3508,#3509);
#3508 = CARTESIAN_POINT('',(2.6,-97.4,-2.));
#3509 = VECTOR('',#3510,1.);
#3510 = DIRECTION('',(1.,0.,0.));
#3511 = PLANE('',#3512);
#3512 = AXIS2_PLACEMENT_3D('',#3513,#3514,#3515);
#3513 = CARTESIAN_POINT('',(2.6,-97.4,-2.));
#3514 = DIRECTION('',(0.,1.,0.));
#3515 = DIRECTION('',(1.,0.,0.));
#3516 = ADVANCED_FACE('',(#3517),#3535,.F.);
#3517 = FACE_BOUND('',#3518,.F.);
#3518 = EDGE_LOOP('',(#3519,#3520,#3521,#3529));
#3519 = ORIENTED_EDGE('',*,*,#1005,.F.);
#3520 = ORIENTED_EDGE('',*,*,#3489,.F.);
#3521 = ORIENTED_EDGE('',*,*,#3522,.T.);
#3522 = EDGE_CURVE('',#3490,#3523,#3525,.T.);
#3523 = VERTEX_POINT('',#3524);
#3524 = CARTESIAN_POINT('',(2.6,-31.1,-2.));
#3525 = LINE('',#3526,#3527);
#3526 = CARTESIAN_POINT('',(2.6,-129.4,-2.));
#3527 = VECTOR('',#3528,1.);
#3528 = DIRECTION('',(0.,1.,0.));
#3529 = ORIENTED_EDGE('',*,*,#3530,.T.);
#3530 = EDGE_CURVE('',#3523,#998,#3531,.T.);
#3531 = LINE('',#3532,#3533);
#3532 = CARTESIAN_POINT('',(2.6,-31.1,-2.));
#3533 = VECTOR('',#3534,1.);
#3534 = DIRECTION('',(0.,0.,1.));
#3535 = PLANE('',#3536);
#3536 = AXIS2_PLACEMENT_3D('',#3537,#3538,#3539);
#3537 = CARTESIAN_POINT('',(2.6,-129.4,0.));
#3538 = DIRECTION('',(1.,0.,0.));
#3539 = DIRECTION('',(0.,1.,0.));
#3540 = ADVANCED_FACE('',(#3541),#3559,.F.);
#3541 = FACE_BOUND('',#3542,.F.);
#3542 = EDGE_LOOP('',(#3543,#3551,#3552,#3553));
#3543 = ORIENTED_EDGE('',*,*,#3544,.T.);
#3544 = EDGE_CURVE('',#3545,#990,#3547,.T.);
#3545 = VERTEX_POINT('',#3546);
#3546 = CARTESIAN_POINT('',(3.4,-31.1,-2.));
#3547 = LINE('',#3548,#3549);
#3548 = CARTESIAN_POINT('',(3.4,-31.1,-2.));
#3549 = VECTOR('',#3550,1.);
#3550 = DIRECTION('',(0.,0.,1.));
#3551 = ORIENTED_EDGE('',*,*,#997,.T.);
#3552 = ORIENTED_EDGE('',*,*,#3530,.F.);
#3553 = ORIENTED_EDGE('',*,*,#3554,.F.);
#3554 = EDGE_CURVE('',#3545,#3523,#3555,.T.);
#3555 = LINE('',#3556,#3557);
#3556 = CARTESIAN_POINT('',(3.4,-31.1,-2.));
#3557 = VECTOR('',#3558,1.);
#3558 = DIRECTION('',(-1.,0.,0.));
#3559 = PLANE('',#3560);
#3560 = AXIS2_PLACEMENT_3D('',#3561,#3562,#3563);
#3561 = CARTESIAN_POINT('',(3.4,-31.1,-2.));
#3562 = DIRECTION('',(0.,-1.,0.));
#3563 = DIRECTION('',(-1.,0.,0.));
#3564 = ADVANCED_FACE('',(#3565),#3583,.T.);
#3565 = FACE_BOUND('',#3566,.T.);
#3566 = EDGE_LOOP('',(#3567,#3568,#3576,#3582));
#3567 = ORIENTED_EDGE('',*,*,#989,.F.);
#3568 = ORIENTED_EDGE('',*,*,#3569,.T.);
#3569 = EDGE_CURVE('',#982,#3570,#3572,.T.);
#3570 = VERTEX_POINT('',#3571);
#3571 = CARTESIAN_POINT('',(3.4,-54.5,-2.));
#3572 = LINE('',#3573,#3574);
#3573 = CARTESIAN_POINT('',(3.4,-54.5,0.));
#3574 = VECTOR('',#3575,1.);
#3575 = DIRECTION('',(0.,0.,-1.));
#3576 = ORIENTED_EDGE('',*,*,#3577,.T.);
#3577 = EDGE_CURVE('',#3570,#3545,#3578,.T.);
#3578 = LINE('',#3579,#3580);
#3579 = CARTESIAN_POINT('',(3.4,-128.6,-2.));
#3580 = VECTOR('',#3581,1.);
#3581 = DIRECTION('',(0.,1.,0.));
#3582 = ORIENTED_EDGE('',*,*,#3544,.T.);
#3583 = PLANE('',#3584);
#3584 = AXIS2_PLACEMENT_3D('',#3585,#3586,#3587);
#3585 = CARTESIAN_POINT('',(3.4,-128.6,0.));
#3586 = DIRECTION('',(1.,0.,0.));
#3587 = DIRECTION('',(0.,1.,0.));
#3588 = ADVANCED_FACE('',(#3589),#3616,.F.);
#3589 = FACE_BOUND('',#3590,.F.);
#3590 = EDGE_LOOP('',(#3591,#3599,#3600,#3601,#3609));
#3591 = ORIENTED_EDGE('',*,*,#3592,.F.);
#3592 = EDGE_CURVE('',#974,#3593,#3595,.T.);
#3593 = VERTEX_POINT('',#3594);
#3594 = CARTESIAN_POINT('',(4.3,-54.5,-1.5));
#3595 = LINE('',#3596,#3597);
#3596 = CARTESIAN_POINT('',(4.3,-54.5,0.));
#3597 = VECTOR('',#3598,1.);
#3598 = DIRECTION('',(0.,0.,-1.));
#3599 = ORIENTED_EDGE('',*,*,#981,.F.);
#3600 = ORIENTED_EDGE('',*,*,#3569,.T.);
#3601 = ORIENTED_EDGE('',*,*,#3602,.T.);
#3602 = EDGE_CURVE('',#3570,#3603,#3605,.T.);
#3603 = VERTEX_POINT('',#3604);
#3604 = CARTESIAN_POINT('',(3.8,-54.5,-2.));
#3605 = LINE('',#3606,#3607);
#3606 = CARTESIAN_POINT('',(3.4,-54.5,-2.));
#3607 = VECTOR('',#3608,1.);
#3608 = DIRECTION('',(1.,0.,0.));
#3609 = ORIENTED_EDGE('',*,*,#3610,.F.);
#3610 = EDGE_CURVE('',#3593,#3603,#3611,.T.);
#3611 = CIRCLE('',#3612,0.5);
#3612 = AXIS2_PLACEMENT_3D('',#3613,#3614,#3615);
#3613 = CARTESIAN_POINT('',(3.8,-54.5,-1.5));
#3614 = DIRECTION('',(0.,1.,0.));
#3615 = DIRECTION('',(0.,0.,-1.));
#3616 = PLANE('',#3617);
#3617 = AXIS2_PLACEMENT_3D('',#3618,#3619,#3620);
#3618 = CARTESIAN_POINT('',(3.4,-54.5,0.));
#3619 = DIRECTION('',(0.,-1.,0.));
#3620 = DIRECTION('',(1.,0.,0.));
#3621 = ADVANCED_FACE('',(#3622),#3640,.F.);
#3622 = FACE_BOUND('',#3623,.F.);
#3623 = EDGE_LOOP('',(#3624,#3625,#3633,#3639));
#3624 = ORIENTED_EDGE('',*,*,#3592,.T.);
#3625 = ORIENTED_EDGE('',*,*,#3626,.T.);
#3626 = EDGE_CURVE('',#3593,#3627,#3629,.T.);
#3627 = VERTEX_POINT('',#3628);
#3628 = CARTESIAN_POINT('',(4.3,-56.5,-1.5));
#3629 = LINE('',#3630,#3631);
#3630 = CARTESIAN_POINT('',(4.3,-54.5,-1.5));
#3631 = VECTOR('',#3632,1.);
#3632 = DIRECTION('',(0.,-1.,0.));
#3633 = ORIENTED_EDGE('',*,*,#3634,.F.);
#3634 = EDGE_CURVE('',#966,#3627,#3635,.T.);
#3635 = LINE('',#3636,#3637);
#3636 = CARTESIAN_POINT('',(4.3,-56.5,0.));
#3637 = VECTOR('',#3638,1.);
#3638 = DIRECTION('',(0.,0.,-1.));
#3639 = ORIENTED_EDGE('',*,*,#973,.F.);
#3640 = PLANE('',#3641);
#3641 = AXIS2_PLACEMENT_3D('',#3642,#3643,#3644);
#3642 = CARTESIAN_POINT('',(4.3,-54.5,0.));
#3643 = DIRECTION('',(-1.,-0.,-0.));
#3644 = DIRECTION('',(0.,-1.,0.));
#3645 = ADVANCED_FACE('',(#3646),#3673,.F.);
#3646 = FACE_BOUND('',#3647,.F.);
#3647 = EDGE_LOOP('',(#3648,#3649,#3658,#3666,#3672));
#3648 = ORIENTED_EDGE('',*,*,#3634,.T.);
#3649 = ORIENTED_EDGE('',*,*,#3650,.T.);
#3650 = EDGE_CURVE('',#3627,#3651,#3653,.T.);
#3651 = VERTEX_POINT('',#3652);
#3652 = CARTESIAN_POINT('',(3.8,-56.5,-2.));
#3653 = CIRCLE('',#3654,0.5);
#3654 = AXIS2_PLACEMENT_3D('',#3655,#3656,#3657);
#3655 = CARTESIAN_POINT('',(3.8,-56.5,-1.5));
#3656 = DIRECTION('',(0.,1.,0.));
#3657 = DIRECTION('',(0.,0.,-1.));
#3658 = ORIENTED_EDGE('',*,*,#3659,.T.);
#3659 = EDGE_CURVE('',#3651,#3660,#3662,.T.);
#3660 = VERTEX_POINT('',#3661);
#3661 = CARTESIAN_POINT('',(3.4,-56.5,-2.));
#3662 = LINE('',#3663,#3664);
#3663 = CARTESIAN_POINT('',(4.3,-56.5,-2.));
#3664 = VECTOR('',#3665,1.);
#3665 = DIRECTION('',(-1.,0.,0.));
#3666 = ORIENTED_EDGE('',*,*,#3667,.F.);
#3667 = EDGE_CURVE('',#958,#3660,#3668,.T.);
#3668 = LINE('',#3669,#3670);
#3669 = CARTESIAN_POINT('',(3.4,-56.5,0.));
#3670 = VECTOR('',#3671,1.);
#3671 = DIRECTION('',(0.,0.,-1.));
#3672 = ORIENTED_EDGE('',*,*,#965,.F.);
#3673 = PLANE('',#3674);
#3674 = AXIS2_PLACEMENT_3D('',#3675,#3676,#3677);
#3675 = CARTESIAN_POINT('',(4.3,-56.5,0.));
#3676 = DIRECTION('',(0.,1.,0.));
#3677 = DIRECTION('',(-1.,0.,0.));
#3678 = ADVANCED_FACE('',(#3679),#3697,.T.);
#3679 = FACE_BOUND('',#3680,.T.);
#3680 = EDGE_LOOP('',(#3681,#3682,#3690,#3696));
#3681 = ORIENTED_EDGE('',*,*,#957,.F.);
#3682 = ORIENTED_EDGE('',*,*,#3683,.T.);
#3683 = EDGE_CURVE('',#950,#3684,#3686,.T.);
#3684 = VERTEX_POINT('',#3685);
#3685 = CARTESIAN_POINT('',(3.4,-86.95,-2.));
#3686 = LINE('',#3687,#3688);
#3687 = CARTESIAN_POINT('',(3.4,-86.95,0.));
#3688 = VECTOR('',#3689,1.);
#3689 = DIRECTION('',(0.,0.,-1.));
#3690 = ORIENTED_EDGE('',*,*,#3691,.T.);
#3691 = EDGE_CURVE('',#3684,#3660,#3692,.T.);
#3692 = LINE('',#3693,#3694);
#3693 = CARTESIAN_POINT('',(3.4,-128.6,-2.));
#3694 = VECTOR('',#3695,1.);
#3695 = DIRECTION('',(0.,1.,0.));
#3696 = ORIENTED_EDGE('',*,*,#3667,.F.);
#3697 = PLANE('',#3698);
#3698 = AXIS2_PLACEMENT_3D('',#3699,#3700,#3701);
#3699 = CARTESIAN_POINT('',(3.4,-128.6,0.));
#3700 = DIRECTION('',(1.,0.,0.));
#3701 = DIRECTION('',(0.,1.,0.));
#3702 = ADVANCED_FACE('',(#3703),#3730,.T.);
#3703 = FACE_BOUND('',#3704,.T.);
#3704 = EDGE_LOOP('',(#3705,#3713,#3722,#3728,#3729));
#3705 = ORIENTED_EDGE('',*,*,#3706,.T.);
#3706 = EDGE_CURVE('',#942,#3707,#3709,.T.);
#3707 = VERTEX_POINT('',#3708);
#3708 = CARTESIAN_POINT('',(4.3,-86.95,-1.5));
#3709 = LINE('',#3710,#3711);
#3710 = CARTESIAN_POINT('',(4.3,-86.95,0.));
#3711 = VECTOR('',#3712,1.);
#3712 = DIRECTION('',(0.,0.,-1.));
#3713 = ORIENTED_EDGE('',*,*,#3714,.T.);
#3714 = EDGE_CURVE('',#3707,#3715,#3717,.T.);
#3715 = VERTEX_POINT('',#3716);
#3716 = CARTESIAN_POINT('',(3.8,-86.95,-2.));
#3717 = CIRCLE('',#3718,0.5);
#3718 = AXIS2_PLACEMENT_3D('',#3719,#3720,#3721);
#3719 = CARTESIAN_POINT('',(3.8,-86.95,-1.5));
#3720 = DIRECTION('',(0.,1.,0.));
#3721 = DIRECTION('',(0.,0.,1.));
#3722 = ORIENTED_EDGE('',*,*,#3723,.T.);
#3723 = EDGE_CURVE('',#3715,#3684,#3724,.T.);
#3724 = LINE('',#3725,#3726);
#3725 = CARTESIAN_POINT('',(4.3,-86.95,-2.));
#3726 = VECTOR('',#3727,1.);
#3727 = DIRECTION('',(-1.,0.,0.));
#3728 = ORIENTED_EDGE('',*,*,#3683,.F.);
#3729 = ORIENTED_EDGE('',*,*,#949,.F.);
#3730 = PLANE('',#3731);
#3731 = AXIS2_PLACEMENT_3D('',#3732,#3733,#3734);
#3732 = CARTESIAN_POINT('',(4.3,-86.95,0.));
#3733 = DIRECTION('',(0.,1.,0.));
#3734 = DIRECTION('',(-1.,0.,0.));
#3735 = ADVANCED_FACE('',(#3736),#3754,.T.);
#3736 = FACE_BOUND('',#3737,.T.);
#3737 = EDGE_LOOP('',(#3738,#3746,#3752,#3753));
#3738 = ORIENTED_EDGE('',*,*,#3739,.T.);
#3739 = EDGE_CURVE('',#934,#3740,#3742,.T.);
#3740 = VERTEX_POINT('',#3741);
#3741 = CARTESIAN_POINT('',(4.3,-88.95,-1.5));
#3742 = LINE('',#3743,#3744);
#3743 = CARTESIAN_POINT('',(4.3,-88.95,0.));
#3744 = VECTOR('',#3745,1.);
#3745 = DIRECTION('',(0.,0.,-1.));
#3746 = ORIENTED_EDGE('',*,*,#3747,.T.);
#3747 = EDGE_CURVE('',#3740,#3707,#3748,.T.);
#3748 = LINE('',#3749,#3750);
#3749 = CARTESIAN_POINT('',(4.3,-88.95,-1.5));
#3750 = VECTOR('',#3751,1.);
#3751 = DIRECTION('',(0.,1.,0.));
#3752 = ORIENTED_EDGE('',*,*,#3706,.F.);
#3753 = ORIENTED_EDGE('',*,*,#941,.F.);
#3754 = PLANE('',#3755);
#3755 = AXIS2_PLACEMENT_3D('',#3756,#3757,#3758);
#3756 = CARTESIAN_POINT('',(4.3,-88.95,0.));
#3757 = DIRECTION('',(1.,0.,0.));
#3758 = DIRECTION('',(0.,1.,0.));
#3759 = ADVANCED_FACE('',(#3760),#3787,.T.);
#3760 = FACE_BOUND('',#3761,.T.);
#3761 = EDGE_LOOP('',(#3762,#3763,#3764,#3772,#3780));
#3762 = ORIENTED_EDGE('',*,*,#3739,.F.);
#3763 = ORIENTED_EDGE('',*,*,#933,.F.);
#3764 = ORIENTED_EDGE('',*,*,#3765,.T.);
#3765 = EDGE_CURVE('',#926,#3766,#3768,.T.);
#3766 = VERTEX_POINT('',#3767);
#3767 = CARTESIAN_POINT('',(3.4,-88.95,-2.));
#3768 = LINE('',#3769,#3770);
#3769 = CARTESIAN_POINT('',(3.4,-88.95,0.));
#3770 = VECTOR('',#3771,1.);
#3771 = DIRECTION('',(0.,0.,-1.));
#3772 = ORIENTED_EDGE('',*,*,#3773,.T.);
#3773 = EDGE_CURVE('',#3766,#3774,#3776,.T.);
#3774 = VERTEX_POINT('',#3775);
#3775 = CARTESIAN_POINT('',(3.8,-88.95,-2.));
#3776 = LINE('',#3777,#3778);
#3777 = CARTESIAN_POINT('',(3.4,-88.95,-2.));
#3778 = VECTOR('',#3779,1.);
#3779 = DIRECTION('',(1.,0.,0.));
#3780 = ORIENTED_EDGE('',*,*,#3781,.F.);
#3781 = EDGE_CURVE('',#3740,#3774,#3782,.T.);
#3782 = CIRCLE('',#3783,0.5);
#3783 = AXIS2_PLACEMENT_3D('',#3784,#3785,#3786);
#3784 = CARTESIAN_POINT('',(3.8,-88.95,-1.5));
#3785 = DIRECTION('',(0.,1.,0.));
#3786 = DIRECTION('',(0.,0.,1.));
#3787 = PLANE('',#3788);
#3788 = AXIS2_PLACEMENT_3D('',#3789,#3790,#3791);
#3789 = CARTESIAN_POINT('',(3.4,-88.95,0.));
#3790 = DIRECTION('',(0.,-1.,0.));
#3791 = DIRECTION('',(1.,0.,0.));
#3792 = ADVANCED_FACE('',(#3793),#3804,.T.);
#3793 = FACE_BOUND('',#3794,.T.);
#3794 = EDGE_LOOP('',(#3795,#3796,#3797,#3803));
#3795 = ORIENTED_EDGE('',*,*,#925,.F.);
#3796 = ORIENTED_EDGE('',*,*,#3498,.F.);
#3797 = ORIENTED_EDGE('',*,*,#3798,.T.);
#3798 = EDGE_CURVE('',#3499,#3766,#3799,.T.);
#3799 = LINE('',#3800,#3801);
#3800 = CARTESIAN_POINT('',(3.4,-128.6,-2.));
#3801 = VECTOR('',#3802,1.);
#3802 = DIRECTION('',(0.,1.,0.));
#3803 = ORIENTED_EDGE('',*,*,#3765,.F.);
#3804 = PLANE('',#3805);
#3805 = AXIS2_PLACEMENT_3D('',#3806,#3807,#3808);
#3806 = CARTESIAN_POINT('',(3.4,-128.6,0.));
#3807 = DIRECTION('',(1.,0.,0.));
#3808 = DIRECTION('',(0.,1.,0.));
#3809 = ADVANCED_FACE('',(#3810),#3854,.T.);
#3810 = FACE_BOUND('',#3811,.T.);
#3811 = EDGE_LOOP('',(#3812,#3822,#3828,#3829,#3830,#3838,#3847));
#3812 = ORIENTED_EDGE('',*,*,#3813,.T.);
#3813 = EDGE_CURVE('',#3814,#3816,#3818,.T.);
#3814 = VERTEX_POINT('',#3815);
#3815 = CARTESIAN_POINT('',(3.4,-114.4,-4.));
#3816 = VERTEX_POINT('',#3817);
#3817 = CARTESIAN_POINT('',(3.4,-114.4,-2.));
#3818 = LINE('',#3819,#3820);
#3819 = CARTESIAN_POINT('',(3.4,-114.4,-2.));
#3820 = VECTOR('',#3821,1.);
#3821 = DIRECTION('',(0.,0.,1.));
#3822 = ORIENTED_EDGE('',*,*,#3823,.F.);
#3823 = EDGE_CURVE('',#1027,#3816,#3824,.T.);
#3824 = LINE('',#3825,#3826);
#3825 = CARTESIAN_POINT('',(3.562105825183,-114.4,-1.594735437042));
#3826 = VECTOR('',#3827,1.);
#3827 = DIRECTION('',(-0.371390676354,2.503E-14,-0.928476690885));
#3828 = ORIENTED_EDGE('',*,*,#1024,.F.);
#3829 = ORIENTED_EDGE('',*,*,#1066,.F.);
#3830 = ORIENTED_EDGE('',*,*,#3831,.F.);
#3831 = EDGE_CURVE('',#3832,#1059,#3834,.T.);
#3832 = VERTEX_POINT('',#3833);
#3833 = CARTESIAN_POINT('',(2.6,-114.4,-2.));
#3834 = LINE('',#3835,#3836);
#3835 = CARTESIAN_POINT('',(2.6,-114.4,-2.));
#3836 = VECTOR('',#3837,1.);
#3837 = DIRECTION('',(0.,0.,1.));
#3838 = ORIENTED_EDGE('',*,*,#3839,.F.);
#3839 = EDGE_CURVE('',#3840,#3832,#3842,.T.);
#3840 = VERTEX_POINT('',#3841);
#3841 = CARTESIAN_POINT('',(2.600000277128,-114.4,-3.6));
#3842 = CIRCLE('',#3843,0.8);
#3843 = AXIS2_PLACEMENT_3D('',#3844,#3845,#3846);
#3844 = CARTESIAN_POINT('',(2.6,-114.4,-2.8));
#3845 = DIRECTION('',(0.,1.,-0.));
#3846 = DIRECTION('',(-1.,0.,0.));
#3847 = ORIENTED_EDGE('',*,*,#3848,.F.);
#3848 = EDGE_CURVE('',#3814,#3840,#3849,.T.);
#3849 = CIRCLE('',#3850,0.8);
#3850 = AXIS2_PLACEMENT_3D('',#3851,#3852,#3853);
#3851 = CARTESIAN_POINT('',(3.296648197625,-114.4,-3.206704087401));
#3852 = DIRECTION('',(0.,1.,-0.));
#3853 = DIRECTION('',(-1.,0.,0.));
#3854 = PLANE('',#3855);
#3855 = AXIS2_PLACEMENT_3D('',#3856,#3857,#3858);
#3856 = CARTESIAN_POINT('',(2.871580339971,-114.4,-2.008418349927));
#3857 = DIRECTION('',(-1.081E-14,-1.,-2.264E-14));
#3858 = DIRECTION('',(0.,2.264E-14,-1.));
#3859 = ADVANCED_FACE('',(#3860),#3878,.F.);
#3860 = FACE_BOUND('',#3861,.F.);
#3861 = EDGE_LOOP('',(#3862,#3863,#3864,#3872));
#3862 = ORIENTED_EDGE('',*,*,#3823,.F.);
#3863 = ORIENTED_EDGE('',*,*,#1034,.T.);
#3864 = ORIENTED_EDGE('',*,*,#3865,.T.);
#3865 = EDGE_CURVE('',#1035,#3866,#3868,.T.);
#3866 = VERTEX_POINT('',#3867);
#3867 = CARTESIAN_POINT('',(3.4,-98.4,-2.));
#3868 = LINE('',#3869,#3870);
#3869 = CARTESIAN_POINT('',(3.562105825183,-98.4,-1.594735437042));
#3870 = VECTOR('',#3871,1.);
#3871 = DIRECTION('',(-0.371390676354,0.,-0.928476690885));
#3872 = ORIENTED_EDGE('',*,*,#3873,.F.);
#3873 = EDGE_CURVE('',#3816,#3866,#3874,.T.);
#3874 = LINE('',#3875,#3876);
#3875 = CARTESIAN_POINT('',(3.4,-114.4,-2.));
#3876 = VECTOR('',#3877,1.);
#3877 = DIRECTION('',(0.,1.,0.));
#3878 = PLANE('',#3879);
#3879 = AXIS2_PLACEMENT_3D('',#3880,#3881,#3882);
#3880 = CARTESIAN_POINT('',(3.8,-114.4,-1.));
#3881 = DIRECTION('',(-0.928476690885,1.E-17,0.371390676354));
#3882 = DIRECTION('',(7.215801391611E-18,1.,-8.886320556644E-18));
#3883 = ADVANCED_FACE('',(#3884),#3902,.F.);
#3884 = FACE_BOUND('',#3885,.F.);
#3885 = EDGE_LOOP('',(#3886,#3887,#3888,#3896));
#3886 = ORIENTED_EDGE('',*,*,#1058,.F.);
#3887 = ORIENTED_EDGE('',*,*,#3831,.F.);
#3888 = ORIENTED_EDGE('',*,*,#3889,.T.);
#3889 = EDGE_CURVE('',#3832,#3890,#3892,.T.);
#3890 = VERTEX_POINT('',#3891);
#3891 = CARTESIAN_POINT('',(2.6,-98.4,-2.));
#3892 = LINE('',#3893,#3894);
#3893 = CARTESIAN_POINT('',(2.6,-129.4,-2.));
#3894 = VECTOR('',#3895,1.);
#3895 = DIRECTION('',(0.,1.,0.));
#3896 = ORIENTED_EDGE('',*,*,#3897,.T.);
#3897 = EDGE_CURVE('',#3890,#1051,#3898,.T.);
#3898 = LINE('',#3899,#3900);
#3899 = CARTESIAN_POINT('',(2.6,-98.4,-2.));
#3900 = VECTOR('',#3901,1.);
#3901 = DIRECTION('',(0.,0.,1.));
#3902 = PLANE('',#3903);
#3903 = AXIS2_PLACEMENT_3D('',#3904,#3905,#3906);
#3904 = CARTESIAN_POINT('',(2.6,-129.4,0.));
#3905 = DIRECTION('',(1.,0.,0.));
#3906 = DIRECTION('',(0.,1.,0.));
#3907 = ADVANCED_FACE('',(#3908),#3938,.T.);
#3908 = FACE_BOUND('',#3909,.T.);
#3909 = EDGE_LOOP('',(#3910,#3918,#3927,#3934,#3935,#3936,#3937));
#3910 = ORIENTED_EDGE('',*,*,#3911,.T.);
#3911 = EDGE_CURVE('',#3866,#3912,#3914,.T.);
#3912 = VERTEX_POINT('',#3913);
#3913 = CARTESIAN_POINT('',(3.4,-98.4,-4.));
#3914 = LINE('',#3915,#3916);
#3915 = CARTESIAN_POINT('',(3.4,-98.4,-2.));
#3916 = VECTOR('',#3917,1.);
#3917 = DIRECTION('',(0.,-2.2E-16,-1.));
#3918 = ORIENTED_EDGE('',*,*,#3919,.T.);
#3919 = EDGE_CURVE('',#3912,#3920,#3922,.T.);
#3920 = VERTEX_POINT('',#3921);
#3921 = CARTESIAN_POINT('',(2.600000277128,-98.4,-3.6));
#3922 = CIRCLE('',#3923,0.8);
#3923 = AXIS2_PLACEMENT_3D('',#3924,#3925,#3926);
#3924 = CARTESIAN_POINT('',(3.296648197625,-98.4,-3.206704087401));
#3925 = DIRECTION('',(0.,1.,-0.));
#3926 = DIRECTION('',(-1.,0.,0.));
#3927 = ORIENTED_EDGE('',*,*,#3928,.T.);
#3928 = EDGE_CURVE('',#3920,#3890,#3929,.T.);
#3929 = CIRCLE('',#3930,0.8);
#3930 = AXIS2_PLACEMENT_3D('',#3931,#3932,#3933);
#3931 = CARTESIAN_POINT('',(2.6,-98.4,-2.8));
#3932 = DIRECTION('',(0.,1.,-0.));
#3933 = DIRECTION('',(-1.,0.,0.));
#3934 = ORIENTED_EDGE('',*,*,#3897,.T.);
#3935 = ORIENTED_EDGE('',*,*,#1050,.F.);
#3936 = ORIENTED_EDGE('',*,*,#1042,.T.);
#3937 = ORIENTED_EDGE('',*,*,#3865,.T.);
#3938 = PLANE('',#3939);
#3939 = AXIS2_PLACEMENT_3D('',#3940,#3941,#3942);
#3940 = CARTESIAN_POINT('',(2.871580339971,-98.4,-2.008418349927));
#3941 = DIRECTION('',(0.,1.,0.));
#3942 = DIRECTION('',(0.,0.,1.));
#3943 = ADVANCED_FACE('',(#3944),#3988,.T.);
#3944 = FACE_BOUND('',#3945,.T.);
#3945 = EDGE_LOOP('',(#3946,#3956,#3962,#3963,#3964,#3972,#3981));
#3946 = ORIENTED_EDGE('',*,*,#3947,.T.);
#3947 = EDGE_CURVE('',#3948,#3950,#3952,.T.);
#3948 = VERTEX_POINT('',#3949);
#3949 = CARTESIAN_POINT('',(29.55,-128.6,-4.));
#3950 = VERTEX_POINT('',#3951);
#3951 = CARTESIAN_POINT('',(29.55,-128.6,-2.));
#3952 = LINE('',#3953,#3954);
#3953 = CARTESIAN_POINT('',(29.55,-128.6,-2.));
#3954 = VECTOR('',#3955,1.);
#3955 = DIRECTION('',(0.,0.,1.));
#3956 = ORIENTED_EDGE('',*,*,#3957,.F.);
#3957 = EDGE_CURVE('',#1077,#3950,#3958,.T.);
#3958 = LINE('',#3959,#3960);
#3959 = CARTESIAN_POINT('',(29.55,-128.4378941789,-1.594735447462));
#3960 = VECTOR('',#3961,1.);
#3961 = DIRECTION('',(-2.086E-14,-0.371390676354,-0.928476690885));
#3962 = ORIENTED_EDGE('',*,*,#1074,.F.);
#3963 = ORIENTED_EDGE('',*,*,#1116,.F.);
#3964 = ORIENTED_EDGE('',*,*,#3965,.F.);
#3965 = EDGE_CURVE('',#3966,#1109,#3968,.T.);
#3966 = VERTEX_POINT('',#3967);
#3967 = CARTESIAN_POINT('',(29.55,-129.4,-2.));
#3968 = LINE('',#3969,#3970);
#3969 = CARTESIAN_POINT('',(29.55,-129.4,-2.));
#3970 = VECTOR('',#3971,1.);
#3971 = DIRECTION('',(0.,0.,1.));
#3972 = ORIENTED_EDGE('',*,*,#3973,.F.);
#3973 = EDGE_CURVE('',#3974,#3966,#3976,.T.);
#3974 = VERTEX_POINT('',#3975);
#3975 = CARTESIAN_POINT('',(29.55,-129.4,-3.6));
#3976 = CIRCLE('',#3977,0.8);
#3977 = AXIS2_PLACEMENT_3D('',#3978,#3979,#3980);
#3978 = CARTESIAN_POINT('',(29.55,-129.4,-2.8));
#3979 = DIRECTION('',(-1.,0.,0.));
#3980 = DIRECTION('',(0.,-1.,0.));
#3981 = ORIENTED_EDGE('',*,*,#3982,.F.);
#3982 = EDGE_CURVE('',#3948,#3974,#3983,.T.);
#3983 = CIRCLE('',#3984,0.8);
#3984 = AXIS2_PLACEMENT_3D('',#3985,#3986,#3987);
#3985 = CARTESIAN_POINT('',(29.55,-128.7033520605,-3.206704121032));
#3986 = DIRECTION('',(-1.,0.,0.));
#3987 = DIRECTION('',(0.,-1.,0.));
#3988 = PLANE('',#3989);
#3989 = AXIS2_PLACEMENT_3D('',#3990,#3991,#3992);
#3990 = CARTESIAN_POINT('',(29.55,-129.1284196685,-2.008418370682));
#3991 = DIRECTION('',(1.,-9.01E-15,-1.886E-14));
#3992 = DIRECTION('',(1.886E-14,0.,1.));
#3993 = ADVANCED_FACE('',(#3994),#4012,.F.);
#3994 = FACE_BOUND('',#3995,.F.);
#3995 = EDGE_LOOP('',(#3996,#3997,#3998,#4006));
#3996 = ORIENTED_EDGE('',*,*,#3957,.F.);
#3997 = ORIENTED_EDGE('',*,*,#1084,.T.);
#3998 = ORIENTED_EDGE('',*,*,#3999,.T.);
#3999 = EDGE_CURVE('',#1085,#4000,#4002,.T.);
#4000 = VERTEX_POINT('',#4001);
#4001 = CARTESIAN_POINT('',(13.55,-128.6,-2.));
#4002 = LINE('',#4003,#4004);
#4003 = CARTESIAN_POINT('',(13.55,-128.4378941789,-1.594735447462));
#4004 = VECTOR('',#4005,1.);
#4005 = DIRECTION('',(0.,-0.371390676354,-0.928476690885));
#4006 = ORIENTED_EDGE('',*,*,#4007,.F.);
#4007 = EDGE_CURVE('',#3950,#4000,#4008,.T.);
#4008 = LINE('',#4009,#4010);
#4009 = CARTESIAN_POINT('',(29.55,-128.6,-2.));
#4010 = VECTOR('',#4011,1.);
#4011 = DIRECTION('',(-1.,0.,0.));
#4012 = PLANE('',#4013);
#4013 = AXIS2_PLACEMENT_3D('',#4014,#4015,#4016);
#4014 = CARTESIAN_POINT('',(29.55,-128.2,-1.));
#4015 = DIRECTION('',(0.,-0.928476690885,0.371390676354));
#4016 = DIRECTION('',(-1.,0.,0.));
#4017 = ADVANCED_FACE('',(#4018),#4036,.F.);
#4018 = FACE_BOUND('',#4019,.F.);
#4019 = EDGE_LOOP('',(#4020,#4021,#4022,#4030));
#4020 = ORIENTED_EDGE('',*,*,#1108,.F.);
#4021 = ORIENTED_EDGE('',*,*,#3965,.F.);
#4022 = ORIENTED_EDGE('',*,*,#4023,.T.);
#4023 = EDGE_CURVE('',#3966,#4024,#4026,.T.);
#4024 = VERTEX_POINT('',#4025);
#4025 = CARTESIAN_POINT('',(13.55,-129.4,-2.));
#4026 = LINE('',#4027,#4028);
#4027 = CARTESIAN_POINT('',(41.3,-129.4,-2.));
#4028 = VECTOR('',#4029,1.);
#4029 = DIRECTION('',(-1.,0.,0.));
#4030 = ORIENTED_EDGE('',*,*,#4031,.T.);
#4031 = EDGE_CURVE('',#4024,#1101,#4032,.T.);
#4032 = LINE('',#4033,#4034);
#4033 = CARTESIAN_POINT('',(13.55,-129.4,-2.));
#4034 = VECTOR('',#4035,1.);
#4035 = DIRECTION('',(0.,0.,1.));
#4036 = PLANE('',#4037);
#4037 = AXIS2_PLACEMENT_3D('',#4038,#4039,#4040);
#4038 = CARTESIAN_POINT('',(41.3,-129.4,0.));
#4039 = DIRECTION('',(0.,1.,0.));
#4040 = DIRECTION('',(-1.,0.,0.));
#4041 = ADVANCED_FACE('',(#4042),#4072,.T.);
#4042 = FACE_BOUND('',#4043,.T.);
#4043 = EDGE_LOOP('',(#4044,#4052,#4061,#4068,#4069,#4070,#4071));
#4044 = ORIENTED_EDGE('',*,*,#4045,.T.);
#4045 = EDGE_CURVE('',#4000,#4046,#4048,.T.);
#4046 = VERTEX_POINT('',#4047);
#4047 = CARTESIAN_POINT('',(13.55,-128.6,-4.));
#4048 = LINE('',#4049,#4050);
#4049 = CARTESIAN_POINT('',(13.55,-128.6,-2.));
#4050 = VECTOR('',#4051,1.);
#4051 = DIRECTION('',(0.,0.,-1.));
#4052 = ORIENTED_EDGE('',*,*,#4053,.T.);
#4053 = EDGE_CURVE('',#4046,#4054,#4056,.T.);
#4054 = VERTEX_POINT('',#4055);
#4055 = CARTESIAN_POINT('',(13.55,-129.4,-3.6));
#4056 = CIRCLE('',#4057,0.8);
#4057 = AXIS2_PLACEMENT_3D('',#4058,#4059,#4060);
#4058 = CARTESIAN_POINT('',(13.55,-128.7033520605,-3.206704121032));
#4059 = DIRECTION('',(-1.,0.,0.));
#4060 = DIRECTION('',(0.,-1.,0.));
#4061 = ORIENTED_EDGE('',*,*,#4062,.T.);
#4062 = EDGE_CURVE('',#4054,#4024,#4063,.T.);
#4063 = CIRCLE('',#4064,0.8);
#4064 = AXIS2_PLACEMENT_3D('',#4065,#4066,#4067);
#4065 = CARTESIAN_POINT('',(13.55,-129.4,-2.8));
#4066 = DIRECTION('',(-1.,0.,0.));
#4067 = DIRECTION('',(0.,-1.,0.));
#4068 = ORIENTED_EDGE('',*,*,#4031,.T.);
#4069 = ORIENTED_EDGE('',*,*,#1100,.F.);
#4070 = ORIENTED_EDGE('',*,*,#1092,.T.);
#4071 = ORIENTED_EDGE('',*,*,#3999,.T.);
#4072 = PLANE('',#4073);
#4073 = AXIS2_PLACEMENT_3D('',#4074,#4075,#4076);
#4074 = CARTESIAN_POINT('',(13.55,-129.1284196685,-2.008418370682));
#4075 = DIRECTION('',(-1.,-0.,-0.));
#4076 = DIRECTION('',(0.,0.,-1.));
#4077 = ADVANCED_FACE('',(#4078),#4122,.T.);
#4078 = FACE_BOUND('',#4079,.T.);
#4079 = EDGE_LOOP('',(#4080,#4090,#4096,#4097,#4098,#4106,#4115));
#4080 = ORIENTED_EDGE('',*,*,#4081,.T.);
#4081 = EDGE_CURVE('',#4082,#4084,#4086,.T.);
#4082 = VERTEX_POINT('',#4083);
#4083 = CARTESIAN_POINT('',(73.2,-87.6,-4.));
#4084 = VERTEX_POINT('',#4085);
#4085 = CARTESIAN_POINT('',(73.2,-87.6,-2.));
#4086 = LINE('',#4087,#4088);
#4087 = CARTESIAN_POINT('',(73.2,-87.6,-2.));
#4088 = VECTOR('',#4089,1.);
#4089 = DIRECTION('',(0.,0.,1.));
#4090 = ORIENTED_EDGE('',*,*,#4091,.F.);
#4091 = EDGE_CURVE('',#1127,#4084,#4092,.T.);
#4092 = LINE('',#4093,#4094);
#4093 = CARTESIAN_POINT('',(73.2,-87.43789417898,-1.594735447462));
#4094 = VECTOR('',#4095,1.);
#4095 = DIRECTION('',(-1.6271E-13,-0.371390676354,-0.928476690885));
#4096 = ORIENTED_EDGE('',*,*,#1124,.F.);
#4097 = ORIENTED_EDGE('',*,*,#1166,.F.);
#4098 = ORIENTED_EDGE('',*,*,#4099,.F.);
#4099 = EDGE_CURVE('',#4100,#1159,#4102,.T.);
#4100 = VERTEX_POINT('',#4101);
#4101 = CARTESIAN_POINT('',(73.2,-88.4,-2.));
#4102 = LINE('',#4103,#4104);
#4103 = CARTESIAN_POINT('',(73.2,-88.4,-2.));
#4104 = VECTOR('',#4105,1.);
#4105 = DIRECTION('',(0.,0.,1.));
#4106 = ORIENTED_EDGE('',*,*,#4107,.F.);
#4107 = EDGE_CURVE('',#4108,#4100,#4110,.T.);
#4108 = VERTEX_POINT('',#4109);
#4109 = CARTESIAN_POINT('',(73.2,-88.4,-3.6));
#4110 = CIRCLE('',#4111,0.8);
#4111 = AXIS2_PLACEMENT_3D('',#4112,#4113,#4114);
#4112 = CARTESIAN_POINT('',(73.2,-88.4,-2.8));
#4113 = DIRECTION('',(-1.,0.,0.));
#4114 = DIRECTION('',(0.,-1.,0.));
#4115 = ORIENTED_EDGE('',*,*,#4116,.F.);
#4116 = EDGE_CURVE('',#4082,#4108,#4117,.T.);
#4117 = CIRCLE('',#4118,0.8);
#4118 = AXIS2_PLACEMENT_3D('',#4119,#4120,#4121);
#4119 = CARTESIAN_POINT('',(73.2,-87.70335206051,-3.206704121032));
#4120 = DIRECTION('',(-1.,0.,0.));
#4121 = DIRECTION('',(0.,-1.,0.));
#4122 = PLANE('',#4123);
#4123 = AXIS2_PLACEMENT_3D('',#4124,#4125,#4126);
#4124 = CARTESIAN_POINT('',(73.2,-88.12841966857,-2.008418370682));
#4125 = DIRECTION('',(1.,-7.028E-14,-1.4714E-13));
#4126 = DIRECTION('',(1.4714E-13,0.,1.));
#4127 = ADVANCED_FACE('',(#4128),#4146,.F.);
#4128 = FACE_BOUND('',#4129,.F.);
#4129 = EDGE_LOOP('',(#4130,#4131,#4132,#4140));
#4130 = ORIENTED_EDGE('',*,*,#4091,.F.);
#4131 = ORIENTED_EDGE('',*,*,#1134,.T.);
#4132 = ORIENTED_EDGE('',*,*,#4133,.T.);
#4133 = EDGE_CURVE('',#1135,#4134,#4136,.T.);
#4134 = VERTEX_POINT('',#4135);
#4135 = CARTESIAN_POINT('',(57.2,-87.6,-2.));
#4136 = LINE('',#4137,#4138);
#4137 = CARTESIAN_POINT('',(57.2,-87.43789417898,-1.594735447462));
#4138 = VECTOR('',#4139,1.);
#4139 = DIRECTION('',(0.,-0.371390676354,-0.928476690885));
#4140 = ORIENTED_EDGE('',*,*,#4141,.F.);
#4141 = EDGE_CURVE('',#4084,#4134,#4142,.T.);
#4142 = LINE('',#4143,#4144);
#4143 = CARTESIAN_POINT('',(73.2,-87.6,-2.));
#4144 = VECTOR('',#4145,1.);
#4145 = DIRECTION('',(-1.,0.,0.));
#4146 = PLANE('',#4147);
#4147 = AXIS2_PLACEMENT_3D('',#4148,#4149,#4150);
#4148 = CARTESIAN_POINT('',(73.2,-87.2,-1.));
#4149 = DIRECTION('',(0.,-0.928476690885,0.371390676354));
#4150 = DIRECTION('',(-1.,0.,0.));
#4151 = ADVANCED_FACE('',(#4152),#4170,.F.);
#4152 = FACE_BOUND('',#4153,.F.);
#4153 = EDGE_LOOP('',(#4154,#4155,#4156,#4164));
#4154 = ORIENTED_EDGE('',*,*,#1158,.F.);
#4155 = ORIENTED_EDGE('',*,*,#4099,.F.);
#4156 = ORIENTED_EDGE('',*,*,#4157,.T.);
#4157 = EDGE_CURVE('',#4100,#4158,#4160,.T.);
#4158 = VERTEX_POINT('',#4159);
#4159 = CARTESIAN_POINT('',(57.2,-88.4,-2.));
#4160 = LINE('',#4161,#4162);
#4161 = CARTESIAN_POINT('',(86.4,-88.4,-2.));
#4162 = VECTOR('',#4163,1.);
#4163 = DIRECTION('',(-1.,0.,0.));
#4164 = ORIENTED_EDGE('',*,*,#4165,.T.);
#4165 = EDGE_CURVE('',#4158,#1151,#4166,.T.);
#4166 = LINE('',#4167,#4168);
#4167 = CARTESIAN_POINT('',(57.2,-88.4,-2.));
#4168 = VECTOR('',#4169,1.);
#4169 = DIRECTION('',(0.,0.,1.));
#4170 = PLANE('',#4171);
#4171 = AXIS2_PLACEMENT_3D('',#4172,#4173,#4174);
#4172 = CARTESIAN_POINT('',(86.4,-88.4,0.));
#4173 = DIRECTION('',(0.,1.,0.));
#4174 = DIRECTION('',(-1.,0.,0.));
#4175 = ADVANCED_FACE('',(#4176),#4206,.T.);
#4176 = FACE_BOUND('',#4177,.T.);
#4177 = EDGE_LOOP('',(#4178,#4186,#4195,#4202,#4203,#4204,#4205));
#4178 = ORIENTED_EDGE('',*,*,#4179,.T.);
#4179 = EDGE_CURVE('',#4134,#4180,#4182,.T.);
#4180 = VERTEX_POINT('',#4181);
#4181 = CARTESIAN_POINT('',(57.2,-87.6,-4.));
#4182 = LINE('',#4183,#4184);
#4183 = CARTESIAN_POINT('',(57.2,-87.6,-2.));
#4184 = VECTOR('',#4185,1.);
#4185 = DIRECTION('',(0.,0.,-1.));
#4186 = ORIENTED_EDGE('',*,*,#4187,.T.);
#4187 = EDGE_CURVE('',#4180,#4188,#4190,.T.);
#4188 = VERTEX_POINT('',#4189);
#4189 = CARTESIAN_POINT('',(57.2,-88.4,-3.6));
#4190 = CIRCLE('',#4191,0.8);
#4191 = AXIS2_PLACEMENT_3D('',#4192,#4193,#4194);
#4192 = CARTESIAN_POINT('',(57.2,-87.70335206051,-3.206704121032));
#4193 = DIRECTION('',(-1.,0.,0.));
#4194 = DIRECTION('',(0.,-1.,0.));
#4195 = ORIENTED_EDGE('',*,*,#4196,.T.);
#4196 = EDGE_CURVE('',#4188,#4158,#4197,.T.);
#4197 = CIRCLE('',#4198,0.8);
#4198 = AXIS2_PLACEMENT_3D('',#4199,#4200,#4201);
#4199 = CARTESIAN_POINT('',(57.2,-88.4,-2.8));
#4200 = DIRECTION('',(-1.,0.,0.));
#4201 = DIRECTION('',(0.,-1.,0.));
#4202 = ORIENTED_EDGE('',*,*,#4165,.T.);
#4203 = ORIENTED_EDGE('',*,*,#1150,.F.);
#4204 = ORIENTED_EDGE('',*,*,#1142,.T.);
#4205 = ORIENTED_EDGE('',*,*,#4133,.T.);
#4206 = PLANE('',#4207);
#4207 = AXIS2_PLACEMENT_3D('',#4208,#4209,#4210);
#4208 = CARTESIAN_POINT('',(57.2,-88.12841966857,-2.008418370682));
#4209 = DIRECTION('',(-1.,-0.,-0.));
#4210 = DIRECTION('',(0.,0.,-1.));
#4211 = ADVANCED_FACE('',(#4212),#4256,.T.);
#4212 = FACE_BOUND('',#4213,.T.);
#4213 = EDGE_LOOP('',(#4214,#4224,#4230,#4231,#4232,#4240,#4249));
#4214 = ORIENTED_EDGE('',*,*,#4215,.T.);
#4215 = EDGE_CURVE('',#4216,#4218,#4220,.T.);
#4216 = VERTEX_POINT('',#4217);
#4217 = CARTESIAN_POINT('',(85.6,-14.1,-3.999999999997));
#4218 = VERTEX_POINT('',#4219);
#4219 = CARTESIAN_POINT('',(85.6,-14.1,-2.));
#4220 = LINE('',#4221,#4222);
#4221 = CARTESIAN_POINT('',(85.6,-14.1,-2.));
#4222 = VECTOR('',#4223,1.);
#4223 = DIRECTION('',(0.,0.,1.));
#4224 = ORIENTED_EDGE('',*,*,#4225,.F.);
#4225 = EDGE_CURVE('',#1177,#4218,#4226,.T.);
#4226 = LINE('',#4227,#4228);
#4227 = CARTESIAN_POINT('',(85.437894178984,-14.1,-1.59473544746));
#4228 = VECTOR('',#4229,1.);
#4229 = DIRECTION('',(0.371390676354,8.34E-15,-0.928476690885));
#4230 = ORIENTED_EDGE('',*,*,#1174,.F.);
#4231 = ORIENTED_EDGE('',*,*,#1216,.F.);
#4232 = ORIENTED_EDGE('',*,*,#4233,.F.);
#4233 = EDGE_CURVE('',#4234,#1209,#4236,.T.);
#4234 = VERTEX_POINT('',#4235);
#4235 = CARTESIAN_POINT('',(86.4,-14.1,-2.));
#4236 = LINE('',#4237,#4238);
#4237 = CARTESIAN_POINT('',(86.4,-14.1,-2.));
#4238 = VECTOR('',#4239,1.);
#4239 = DIRECTION('',(0.,0.,1.));
#4240 = ORIENTED_EDGE('',*,*,#4241,.F.);
#4241 = EDGE_CURVE('',#4242,#4234,#4244,.T.);
#4242 = VERTEX_POINT('',#4243);
#4243 = CARTESIAN_POINT('',(86.399999999993,-14.1,-3.599999999996));
#4244 = CIRCLE('',#4245,0.8);
#4245 = AXIS2_PLACEMENT_3D('',#4246,#4247,#4248);
#4246 = CARTESIAN_POINT('',(86.4,-14.1,-2.8));
#4247 = DIRECTION('',(0.,-1.,0.));
#4248 = DIRECTION('',(1.,0.,0.));
#4249 = ORIENTED_EDGE('',*,*,#4250,.F.);
#4250 = EDGE_CURVE('',#4216,#4242,#4251,.T.);
#4251 = CIRCLE('',#4252,0.8);
#4252 = AXIS2_PLACEMENT_3D('',#4253,#4254,#4255);
#4253 = CARTESIAN_POINT('',(85.7033520605,-14.1,-3.206704121027));
#4254 = DIRECTION('',(0.,-1.,0.));
#4255 = DIRECTION('',(1.,0.,0.));
#4256 = PLANE('',#4257);
#4257 = AXIS2_PLACEMENT_3D('',#4258,#4259,#4260);
#4258 = CARTESIAN_POINT('',(86.128419668574,-14.1,-2.008418370679));
#4259 = DIRECTION('',(-3.6E-15,1.,7.55E-15));
#4260 = DIRECTION('',(0.,-7.55E-15,1.));
#4261 = ADVANCED_FACE('',(#4262),#4280,.F.);
#4262 = FACE_BOUND('',#4263,.F.);
#4263 = EDGE_LOOP('',(#4264,#4265,#4266,#4274));
#4264 = ORIENTED_EDGE('',*,*,#4225,.F.);
#4265 = ORIENTED_EDGE('',*,*,#1184,.T.);
#4266 = ORIENTED_EDGE('',*,*,#4267,.T.);
#4267 = EDGE_CURVE('',#1185,#4268,#4270,.T.);
#4268 = VERTEX_POINT('',#4269);
#4269 = CARTESIAN_POINT('',(85.6,-30.1,-2.));
#4270 = LINE('',#4271,#4272);
#4271 = CARTESIAN_POINT('',(85.437894178984,-30.1,-1.59473544746));
#4272 = VECTOR('',#4273,1.);
#4273 = DIRECTION('',(0.371390676354,0.,-0.928476690885));
#4274 = ORIENTED_EDGE('',*,*,#4275,.F.);
#4275 = EDGE_CURVE('',#4218,#4268,#4276,.T.);
#4276 = LINE('',#4277,#4278);
#4277 = CARTESIAN_POINT('',(85.6,-14.1,-2.));
#4278 = VECTOR('',#4279,1.);
#4279 = DIRECTION('',(0.,-1.,0.));
#4280 = PLANE('',#4281);
#4281 = AXIS2_PLACEMENT_3D('',#4282,#4283,#4284);
#4282 = CARTESIAN_POINT('',(85.2,-14.1,-1.));
#4283 = DIRECTION('',(0.928476690885,-1.E-17,0.371390676354));
#4284 = DIRECTION('',(-7.215801391611E-18,-1.,-8.886320556644E-18));
#4285 = ADVANCED_FACE('',(#4286),#4304,.F.);
#4286 = FACE_BOUND('',#4287,.F.);
#4287 = EDGE_LOOP('',(#4288,#4289,#4290,#4298));
#4288 = ORIENTED_EDGE('',*,*,#1208,.F.);
#4289 = ORIENTED_EDGE('',*,*,#4233,.F.);
#4290 = ORIENTED_EDGE('',*,*,#4291,.T.);
#4291 = EDGE_CURVE('',#4234,#4292,#4294,.T.);
#4292 = VERTEX_POINT('',#4293);
#4293 = CARTESIAN_POINT('',(86.4,-30.1,-2.));
#4294 = LINE('',#4295,#4296);
#4295 = CARTESIAN_POINT('',(86.4,-2.1,-2.));
#4296 = VECTOR('',#4297,1.);
#4297 = DIRECTION('',(0.,-1.,0.));
#4298 = ORIENTED_EDGE('',*,*,#4299,.T.);
#4299 = EDGE_CURVE('',#4292,#1201,#4300,.T.);
#4300 = LINE('',#4301,#4302);
#4301 = CARTESIAN_POINT('',(86.4,-30.1,-2.));
#4302 = VECTOR('',#4303,1.);
#4303 = DIRECTION('',(0.,0.,1.));
#4304 = PLANE('',#4305);
#4305 = AXIS2_PLACEMENT_3D('',#4306,#4307,#4308);
#4306 = CARTESIAN_POINT('',(86.4,-2.1,0.));
#4307 = DIRECTION('',(-1.,-0.,-0.));
#4308 = DIRECTION('',(0.,-1.,0.));
#4309 = ADVANCED_FACE('',(#4310),#4340,.T.);
#4310 = FACE_BOUND('',#4311,.T.);
#4311 = EDGE_LOOP('',(#4312,#4320,#4329,#4336,#4337,#4338,#4339));
#4312 = ORIENTED_EDGE('',*,*,#4313,.T.);
#4313 = EDGE_CURVE('',#4268,#4314,#4316,.T.);
#4314 = VERTEX_POINT('',#4315);
#4315 = CARTESIAN_POINT('',(85.6,-30.1,-3.999999999997));
#4316 = LINE('',#4317,#4318);
#4317 = CARTESIAN_POINT('',(85.6,-30.1,-2.));
#4318 = VECTOR('',#4319,1.);
#4319 = DIRECTION('',(0.,-2.2E-16,-1.));
#4320 = ORIENTED_EDGE('',*,*,#4321,.T.);
#4321 = EDGE_CURVE('',#4314,#4322,#4324,.T.);
#4322 = VERTEX_POINT('',#4323);
#4323 = CARTESIAN_POINT('',(86.399999999993,-30.1,-3.599999999996));
#4324 = CIRCLE('',#4325,0.8);
#4325 = AXIS2_PLACEMENT_3D('',#4326,#4327,#4328);
#4326 = CARTESIAN_POINT('',(85.7033520605,-30.1,-3.206704121027));
#4327 = DIRECTION('',(0.,-1.,0.));
#4328 = DIRECTION('',(1.,0.,0.));
#4329 = ORIENTED_EDGE('',*,*,#4330,.T.);
#4330 = EDGE_CURVE('',#4322,#4292,#4331,.T.);
#4331 = CIRCLE('',#4332,0.8);
#4332 = AXIS2_PLACEMENT_3D('',#4333,#4334,#4335);
#4333 = CARTESIAN_POINT('',(86.4,-30.1,-2.8));
#4334 = DIRECTION('',(0.,-1.,0.));
#4335 = DIRECTION('',(1.,0.,0.));
#4336 = ORIENTED_EDGE('',*,*,#4299,.T.);
#4337 = ORIENTED_EDGE('',*,*,#1200,.F.);
#4338 = ORIENTED_EDGE('',*,*,#1192,.T.);
#4339 = ORIENTED_EDGE('',*,*,#4267,.T.);
#4340 = PLANE('',#4341);
#4341 = AXIS2_PLACEMENT_3D('',#4342,#4343,#4344);
#4342 = CARTESIAN_POINT('',(86.128419668574,-30.1,-2.008418370679));
#4343 = DIRECTION('',(-0.,-1.,-0.));
#4344 = DIRECTION('',(0.,0.,-1.));
#4345 = ADVANCED_FACE('',(#4346),#4390,.T.);
#4346 = FACE_BOUND('',#4347,.T.);
#4347 = EDGE_LOOP('',(#4348,#4358,#4364,#4365,#4366,#4374,#4383));
#4348 = ORIENTED_EDGE('',*,*,#4349,.T.);
#4349 = EDGE_CURVE('',#4350,#4352,#4354,.T.);
#4350 = VERTEX_POINT('',#4351);
#4351 = CARTESIAN_POINT('',(85.6,-56.4,-4.));
#4352 = VERTEX_POINT('',#4353);
#4353 = CARTESIAN_POINT('',(85.6,-56.39999999999,-2.));
#4354 = LINE('',#4355,#4356);
#4355 = CARTESIAN_POINT('',(85.6,-56.39999999999,-2.));
#4356 = VECTOR('',#4357,1.);
#4357 = DIRECTION('',(0.,0.,1.));
#4358 = ORIENTED_EDGE('',*,*,#4359,.F.);
#4359 = EDGE_CURVE('',#1227,#4352,#4360,.T.);
#4360 = LINE('',#4361,#4362);
#4361 = CARTESIAN_POINT('',(85.437894178985,-56.39999999999,
    -1.594735447462));
#4362 = VECTOR('',#4363,1.);
#4363 = DIRECTION('',(0.371390676354,-2.1904E-13,-0.928476690885));
#4364 = ORIENTED_EDGE('',*,*,#1224,.F.);
#4365 = ORIENTED_EDGE('',*,*,#1266,.F.);
#4366 = ORIENTED_EDGE('',*,*,#4367,.F.);
#4367 = EDGE_CURVE('',#4368,#1259,#4370,.T.);
#4368 = VERTEX_POINT('',#4369);
#4369 = CARTESIAN_POINT('',(86.4,-56.39999999999,-2.));
#4370 = LINE('',#4371,#4372);
#4371 = CARTESIAN_POINT('',(86.4,-56.39999999999,-2.));
#4372 = VECTOR('',#4373,1.);
#4373 = DIRECTION('',(0.,0.,1.));
#4374 = ORIENTED_EDGE('',*,*,#4375,.F.);
#4375 = EDGE_CURVE('',#4376,#4368,#4378,.T.);
#4376 = VERTEX_POINT('',#4377);
#4377 = CARTESIAN_POINT('',(86.399999999999,-56.4,-3.599999999999));
#4378 = CIRCLE('',#4379,0.8);
#4379 = AXIS2_PLACEMENT_3D('',#4380,#4381,#4382);
#4380 = CARTESIAN_POINT('',(86.4,-56.4,-2.8));
#4381 = DIRECTION('',(0.,-1.,0.));
#4382 = DIRECTION('',(1.,0.,0.));
#4383 = ORIENTED_EDGE('',*,*,#4384,.F.);
#4384 = EDGE_CURVE('',#4350,#4376,#4385,.T.);
#4385 = CIRCLE('',#4386,0.8);
#4386 = AXIS2_PLACEMENT_3D('',#4387,#4388,#4389);
#4387 = CARTESIAN_POINT('',(85.703352060514,-56.4,-3.206704121032));
#4388 = DIRECTION('',(0.,-1.,0.));
#4389 = DIRECTION('',(1.,0.,0.));
#4390 = PLANE('',#4391);
#4391 = AXIS2_PLACEMENT_3D('',#4392,#4393,#4394);
#4392 = CARTESIAN_POINT('',(86.128419668574,-56.39999999999,
    -2.008418370682));
#4393 = DIRECTION('',(9.46E-14,1.,-1.9807E-13));
#4394 = DIRECTION('',(0.,1.9807E-13,1.));
#4395 = ADVANCED_FACE('',(#4396),#4414,.F.);
#4396 = FACE_BOUND('',#4397,.F.);
#4397 = EDGE_LOOP('',(#4398,#4399,#4400,#4408));
#4398 = ORIENTED_EDGE('',*,*,#4359,.F.);
#4399 = ORIENTED_EDGE('',*,*,#1234,.T.);
#4400 = ORIENTED_EDGE('',*,*,#4401,.T.);
#4401 = EDGE_CURVE('',#1235,#4402,#4404,.T.);
#4402 = VERTEX_POINT('',#4403);
#4403 = CARTESIAN_POINT('',(85.6,-72.4,-2.));
#4404 = LINE('',#4405,#4406);
#4405 = CARTESIAN_POINT('',(85.437894178985,-72.4,-1.594735447462));
#4406 = VECTOR('',#4407,1.);
#4407 = DIRECTION('',(0.371390676354,0.,-0.928476690885));
#4408 = ORIENTED_EDGE('',*,*,#4409,.F.);
#4409 = EDGE_CURVE('',#4352,#4402,#4410,.T.);
#4410 = LINE('',#4411,#4412);
#4411 = CARTESIAN_POINT('',(85.6,-56.39999999999,-2.));
#4412 = VECTOR('',#4413,1.);
#4413 = DIRECTION('',(0.,-1.,0.));
#4414 = PLANE('',#4415);
#4415 = AXIS2_PLACEMENT_3D('',#4416,#4417,#4418);
#4416 = CARTESIAN_POINT('',(85.2,-56.39999999999,-1.));
#4417 = DIRECTION('',(0.928476690885,1.E-17,0.371390676354));
#4418 = DIRECTION('',(7.215801391611E-18,-1.,8.886320556644E-18));
#4419 = ADVANCED_FACE('',(#4420),#4438,.F.);
#4420 = FACE_BOUND('',#4421,.F.);
#4421 = EDGE_LOOP('',(#4422,#4423,#4424,#4432));
#4422 = ORIENTED_EDGE('',*,*,#1258,.F.);
#4423 = ORIENTED_EDGE('',*,*,#4367,.F.);
#4424 = ORIENTED_EDGE('',*,*,#4425,.T.);
#4425 = EDGE_CURVE('',#4368,#4426,#4428,.T.);
#4426 = VERTEX_POINT('',#4427);
#4427 = CARTESIAN_POINT('',(86.4,-72.4,-2.));
#4428 = LINE('',#4429,#4430);
#4429 = CARTESIAN_POINT('',(86.4,-2.1,-2.));
#4430 = VECTOR('',#4431,1.);
#4431 = DIRECTION('',(0.,-1.,0.));
#4432 = ORIENTED_EDGE('',*,*,#4433,.T.);
#4433 = EDGE_CURVE('',#4426,#1251,#4434,.T.);
#4434 = LINE('',#4435,#4436);
#4435 = CARTESIAN_POINT('',(86.4,-72.4,-2.));
#4436 = VECTOR('',#4437,1.);
#4437 = DIRECTION('',(0.,0.,1.));
#4438 = PLANE('',#4439);
#4439 = AXIS2_PLACEMENT_3D('',#4440,#4441,#4442);
#4440 = CARTESIAN_POINT('',(86.4,-2.1,0.));
#4441 = DIRECTION('',(-1.,-0.,-0.));
#4442 = DIRECTION('',(0.,-1.,0.));
#4443 = ADVANCED_FACE('',(#4444),#4474,.T.);
#4444 = FACE_BOUND('',#4445,.T.);
#4445 = EDGE_LOOP('',(#4446,#4454,#4463,#4470,#4471,#4472,#4473));
#4446 = ORIENTED_EDGE('',*,*,#4447,.T.);
#4447 = EDGE_CURVE('',#4402,#4448,#4450,.T.);
#4448 = VERTEX_POINT('',#4449);
#4449 = CARTESIAN_POINT('',(85.6,-72.4,-4.));
#4450 = LINE('',#4451,#4452);
#4451 = CARTESIAN_POINT('',(85.6,-72.4,-2.));
#4452 = VECTOR('',#4453,1.);
#4453 = DIRECTION('',(0.,-2.2E-16,-1.));
#4454 = ORIENTED_EDGE('',*,*,#4455,.T.);
#4455 = EDGE_CURVE('',#4448,#4456,#4458,.T.);
#4456 = VERTEX_POINT('',#4457);
#4457 = CARTESIAN_POINT('',(86.399999999999,-72.4,-3.599999999999));
#4458 = CIRCLE('',#4459,0.8);
#4459 = AXIS2_PLACEMENT_3D('',#4460,#4461,#4462);
#4460 = CARTESIAN_POINT('',(85.703352060514,-72.4,-3.206704121032));
#4461 = DIRECTION('',(0.,-1.,0.));
#4462 = DIRECTION('',(1.,0.,0.));
#4463 = ORIENTED_EDGE('',*,*,#4464,.T.);
#4464 = EDGE_CURVE('',#4456,#4426,#4465,.T.);
#4465 = CIRCLE('',#4466,0.8);
#4466 = AXIS2_PLACEMENT_3D('',#4467,#4468,#4469);
#4467 = CARTESIAN_POINT('',(86.4,-72.4,-2.8));
#4468 = DIRECTION('',(0.,-1.,0.));
#4469 = DIRECTION('',(1.,0.,0.));
#4470 = ORIENTED_EDGE('',*,*,#4433,.T.);
#4471 = ORIENTED_EDGE('',*,*,#1250,.F.);
#4472 = ORIENTED_EDGE('',*,*,#1242,.T.);
#4473 = ORIENTED_EDGE('',*,*,#4401,.T.);
#4474 = PLANE('',#4475);
#4475 = AXIS2_PLACEMENT_3D('',#4476,#4477,#4478);
#4476 = CARTESIAN_POINT('',(86.128419668574,-72.4,-2.008418370682));
#4477 = DIRECTION('',(-0.,-1.,-0.));
#4478 = DIRECTION('',(0.,0.,-1.));
#4479 = ADVANCED_FACE('',(#4480),#4491,.T.);
#4480 = FACE_BOUND('',#4481,.T.);
#4481 = EDGE_LOOP('',(#4482,#4483,#4489,#4490));
#4482 = ORIENTED_EDGE('',*,*,#1294,.F.);
#4483 = ORIENTED_EDGE('',*,*,#4484,.T.);
#4484 = EDGE_CURVE('',#1295,#1393,#4485,.T.);
#4485 = LINE('',#4486,#4487);
#4486 = CARTESIAN_POINT('',(3.4,-30.1,-4.));
#4487 = VECTOR('',#4488,1.);
#4488 = DIRECTION('',(0.,1.,-2.2E-16));
#4489 = ORIENTED_EDGE('',*,*,#1392,.F.);
#4490 = ORIENTED_EDGE('',*,*,#1354,.F.);
#4491 = PLANE('',#4492);
#4492 = AXIS2_PLACEMENT_3D('',#4493,#4494,#4495);
#4493 = CARTESIAN_POINT('',(3.4,-22.1,-2.));
#4494 = DIRECTION('',(1.,0.,0.));
#4495 = DIRECTION('',(0.,0.,1.));
#4496 = ADVANCED_FACE('',(#4497),#4508,.T.);
#4497 = FACE_BOUND('',#4498,.T.);
#4498 = EDGE_LOOP('',(#4499,#4505,#4506,#4507));
#4499 = ORIENTED_EDGE('',*,*,#4500,.T.);
#4500 = EDGE_CURVE('',#1321,#1401,#4501,.T.);
#4501 = LINE('',#4502,#4503);
#4502 = CARTESIAN_POINT('',(2.6,-30.1,-3.6));
#4503 = VECTOR('',#4504,1.);
#4504 = DIRECTION('',(0.,1.,-2.2E-16));
#4505 = ORIENTED_EDGE('',*,*,#1400,.T.);
#4506 = ORIENTED_EDGE('',*,*,#4484,.F.);
#4507 = ORIENTED_EDGE('',*,*,#1329,.F.);
#4508 = CYLINDRICAL_SURFACE('',#4509,0.8);
#4509 = AXIS2_PLACEMENT_3D('',#4510,#4511,#4512);
#4510 = CARTESIAN_POINT('',(3.296647939484,-30.1,-3.206704121032));
#4511 = DIRECTION('',(0.,-1.,2.2E-16));
#4512 = DIRECTION('',(1.,0.,0.));
#4513 = ADVANCED_FACE('',(#4514),#4520,.T.);
#4514 = FACE_BOUND('',#4515,.T.);
#4515 = EDGE_LOOP('',(#4516,#4517,#4518,#4519));
#4516 = ORIENTED_EDGE('',*,*,#1370,.T.);
#4517 = ORIENTED_EDGE('',*,*,#1409,.T.);
#4518 = ORIENTED_EDGE('',*,*,#4500,.F.);
#4519 = ORIENTED_EDGE('',*,*,#1320,.F.);
#4520 = CYLINDRICAL_SURFACE('',#4521,0.8);
#4521 = AXIS2_PLACEMENT_3D('',#4522,#4523,#4524);
#4522 = CARTESIAN_POINT('',(2.6,-30.1,-2.8));
#4523 = DIRECTION('',(0.,-1.,2.2E-16));
#4524 = DIRECTION('',(1.,0.,0.));
#4525 = ADVANCED_FACE('',(#4526),#4551,.F.);
#4526 = FACE_BOUND('',#4527,.F.);
#4527 = EDGE_LOOP('',(#4528,#4536,#4544,#4550));
#4528 = ORIENTED_EDGE('',*,*,#4529,.F.);
#4529 = EDGE_CURVE('',#4530,#1438,#4532,.T.);
#4530 = VERTEX_POINT('',#4531);
#4531 = CARTESIAN_POINT('',(42.8,-125.,2.));
#4532 = LINE('',#4533,#4534);
#4533 = CARTESIAN_POINT('',(43.1,-125.,1.7));
#4534 = VECTOR('',#4535,1.);
#4535 = DIRECTION('',(0.707106781187,0.,-0.707106781187));
#4536 = ORIENTED_EDGE('',*,*,#4537,.T.);
#4537 = EDGE_CURVE('',#4530,#4538,#4540,.T.);
#4538 = VERTEX_POINT('',#4539);
#4539 = CARTESIAN_POINT('',(42.8,-96.,2.));
#4540 = LINE('',#4541,#4542);
#4541 = CARTESIAN_POINT('',(42.8,-125.,2.));
#4542 = VECTOR('',#4543,1.);
#4543 = DIRECTION('',(0.,1.,0.));
#4544 = ORIENTED_EDGE('',*,*,#4545,.T.);
#4545 = EDGE_CURVE('',#4538,#1429,#4546,.T.);
#4546 = LINE('',#4547,#4548);
#4547 = CARTESIAN_POINT('',(43.1,-96.,1.7));
#4548 = VECTOR('',#4549,1.);
#4549 = DIRECTION('',(0.707106781187,0.,-0.707106781187));
#4550 = ORIENTED_EDGE('',*,*,#1445,.F.);
#4551 = PLANE('',#4552);
#4552 = AXIS2_PLACEMENT_3D('',#4553,#4554,#4555);
#4553 = CARTESIAN_POINT('',(43.1,-125.,1.7));
#4554 = DIRECTION('',(-0.707106781187,0.,-0.707106781187));
#4555 = DIRECTION('',(0.,1.,0.));
#4556 = ADVANCED_FACE('',(#4557),#4576,.F.);
#4557 = FACE_BOUND('',#4558,.F.);
#4558 = EDGE_LOOP('',(#4559,#4560,#4569,#4575));
#4559 = ORIENTED_EDGE('',*,*,#4545,.F.);
#4560 = ORIENTED_EDGE('',*,*,#4561,.T.);
#4561 = EDGE_CURVE('',#4538,#4562,#4564,.T.);
#4562 = VERTEX_POINT('',#4563);
#4563 = CARTESIAN_POINT('',(48.4,-90.4,2.));
#4564 = CIRCLE('',#4565,5.6);
#4565 = AXIS2_PLACEMENT_3D('',#4566,#4567,#4568);
#4566 = CARTESIAN_POINT('',(48.4,-96.,2.));
#4567 = DIRECTION('',(0.,0.,-1.));
#4568 = DIRECTION('',(-1.,0.,0.));
#4569 = ORIENTED_EDGE('',*,*,#4570,.T.);
#4570 = EDGE_CURVE('',#4562,#1462,#4571,.T.);
#4571 = LINE('',#4572,#4573);
#4572 = CARTESIAN_POINT('',(48.4,-91.,1.4));
#4573 = VECTOR('',#4574,1.);
#4574 = DIRECTION('',(4.E-17,-0.707106781187,-0.707106781187));
#4575 = ORIENTED_EDGE('',*,*,#1469,.F.);
#4576 = CONICAL_SURFACE('',#4577,5.,0.785398163397);
#4577 = AXIS2_PLACEMENT_3D('',#4578,#4579,#4580);
#4578 = CARTESIAN_POINT('',(48.4,-96.,1.4));
#4579 = DIRECTION('',(0.,0.,1.));
#4580 = DIRECTION('',(-1.,0.,0.));
#4581 = ADVANCED_FACE('',(#4582),#4601,.T.);
#4582 = FACE_BOUND('',#4583,.F.);
#4583 = EDGE_LOOP('',(#4584,#4592,#4599,#4600));
#4584 = ORIENTED_EDGE('',*,*,#4585,.F.);
#4585 = EDGE_CURVE('',#4586,#1485,#4588,.T.);
#4586 = VERTEX_POINT('',#4587);
#4587 = CARTESIAN_POINT('',(36.4,-131.4,2.));
#4588 = LINE('',#4589,#4590);
#4589 = CARTESIAN_POINT('',(36.4,-131.7,1.7));
#4590 = VECTOR('',#4591,1.);
#4591 = DIRECTION('',(0.,-0.707106781187,-0.707106781187));
#4592 = ORIENTED_EDGE('',*,*,#4593,.T.);
#4593 = EDGE_CURVE('',#4586,#4530,#4594,.T.);
#4594 = CIRCLE('',#4595,6.4);
#4595 = AXIS2_PLACEMENT_3D('',#4596,#4597,#4598);
#4596 = CARTESIAN_POINT('',(36.4,-125.,2.));
#4597 = DIRECTION('',(-0.,0.,1.));
#4598 = DIRECTION('',(0.,-1.,0.));
#4599 = ORIENTED_EDGE('',*,*,#4529,.T.);
#4600 = ORIENTED_EDGE('',*,*,#1494,.F.);
#4601 = CONICAL_SURFACE('',#4602,7.,0.785398163397);
#4602 = AXIS2_PLACEMENT_3D('',#4603,#4604,#4605);
#4603 = CARTESIAN_POINT('',(36.4,-125.,1.4));
#4604 = DIRECTION('',(-0.,-0.,-1.));
#4605 = DIRECTION('',(0.,-1.,0.));
#4606 = ADVANCED_FACE('',(#4607),#4625,.F.);
#4607 = FACE_BOUND('',#4608,.F.);
#4608 = EDGE_LOOP('',(#4609,#4610,#4618,#4624));
#4609 = ORIENTED_EDGE('',*,*,#4570,.F.);
#4610 = ORIENTED_EDGE('',*,*,#4611,.T.);
#4611 = EDGE_CURVE('',#4562,#4612,#4614,.T.);
#4612 = VERTEX_POINT('',#4613);
#4613 = CARTESIAN_POINT('',(82.,-90.4,2.));
#4614 = LINE('',#4615,#4616);
#4615 = CARTESIAN_POINT('',(48.4,-90.4,2.));
#4616 = VECTOR('',#4617,1.);
#4617 = DIRECTION('',(1.,0.,0.));
#4618 = ORIENTED_EDGE('',*,*,#4619,.T.);
#4619 = EDGE_CURVE('',#4612,#1511,#4620,.T.);
#4620 = LINE('',#4621,#4622);
#4621 = CARTESIAN_POINT('',(82.,-90.7,1.7));
#4622 = VECTOR('',#4623,1.);
#4623 = DIRECTION('',(0.,-0.707106781187,-0.707106781187));
#4624 = ORIENTED_EDGE('',*,*,#1510,.F.);
#4625 = PLANE('',#4626);
#4626 = AXIS2_PLACEMENT_3D('',#4627,#4628,#4629);
#4627 = CARTESIAN_POINT('',(48.4,-90.7,1.7));
#4628 = DIRECTION('',(-1.E-17,0.707106781187,-0.707106781187));
#4629 = DIRECTION('',(1.,7.071067811865E-18,-7.071067811865E-18));
#4630 = ADVANCED_FACE('',(#4631),#4649,.F.);
#4631 = FACE_BOUND('',#4632,.F.);
#4632 = EDGE_LOOP('',(#4633,#4641,#4647,#4648));
#4633 = ORIENTED_EDGE('',*,*,#4634,.F.);
#4634 = EDGE_CURVE('',#4635,#1534,#4637,.T.);
#4635 = VERTEX_POINT('',#4636);
#4636 = CARTESIAN_POINT('',(7.,-131.4,2.));
#4637 = LINE('',#4638,#4639);
#4638 = CARTESIAN_POINT('',(7.,-132.,1.4));
#4639 = VECTOR('',#4640,1.);
#4640 = DIRECTION('',(-4.E-17,-0.707106781187,-0.707106781187));
#4641 = ORIENTED_EDGE('',*,*,#4642,.T.);
#4642 = EDGE_CURVE('',#4635,#4586,#4643,.T.);
#4643 = LINE('',#4644,#4645);
#4644 = CARTESIAN_POINT('',(7.,-131.4,2.));
#4645 = VECTOR('',#4646,1.);
#4646 = DIRECTION('',(1.,0.,0.));
#4647 = ORIENTED_EDGE('',*,*,#4585,.T.);
#4648 = ORIENTED_EDGE('',*,*,#1541,.F.);
#4649 = PLANE('',#4650);
#4650 = AXIS2_PLACEMENT_3D('',#4651,#4652,#4653);
#4651 = CARTESIAN_POINT('',(7.,-131.7,1.7));
#4652 = DIRECTION('',(-1.E-17,0.707106781187,-0.707106781187));
#4653 = DIRECTION('',(1.,7.071067811865E-18,-7.071067811865E-18));
#4654 = ADVANCED_FACE('',(#4655),#4674,.T.);
#4655 = FACE_BOUND('',#4656,.F.);
#4656 = EDGE_LOOP('',(#4657,#4658,#4667,#4673));
#4657 = ORIENTED_EDGE('',*,*,#4619,.F.);
#4658 = ORIENTED_EDGE('',*,*,#4659,.T.);
#4659 = EDGE_CURVE('',#4612,#4660,#4662,.T.);
#4660 = VERTEX_POINT('',#4661);
#4661 = CARTESIAN_POINT('',(88.4,-84.,2.));
#4662 = CIRCLE('',#4663,6.4);
#4663 = AXIS2_PLACEMENT_3D('',#4664,#4665,#4666);
#4664 = CARTESIAN_POINT('',(82.,-84.,2.));
#4665 = DIRECTION('',(-0.,0.,1.));
#4666 = DIRECTION('',(0.,-1.,0.));
#4667 = ORIENTED_EDGE('',*,*,#4668,.T.);
#4668 = EDGE_CURVE('',#4660,#1558,#4669,.T.);
#4669 = LINE('',#4670,#4671);
#4670 = CARTESIAN_POINT('',(89.,-84.,1.4));
#4671 = VECTOR('',#4672,1.);
#4672 = DIRECTION('',(0.707106781187,-4.E-17,-0.707106781187));
#4673 = ORIENTED_EDGE('',*,*,#1567,.F.);
#4674 = CONICAL_SURFACE('',#4675,7.,0.785398163397);
#4675 = AXIS2_PLACEMENT_3D('',#4676,#4677,#4678);
#4676 = CARTESIAN_POINT('',(82.,-84.,1.4));
#4677 = DIRECTION('',(-0.,-0.,-1.));
#4678 = DIRECTION('',(0.,-1.,0.));
#4679 = ADVANCED_FACE('',(#4680),#4699,.T.);
#4680 = FACE_BOUND('',#4681,.F.);
#4681 = EDGE_LOOP('',(#4682,#4690,#4697,#4698));
#4682 = ORIENTED_EDGE('',*,*,#4683,.F.);
#4683 = EDGE_CURVE('',#4684,#1583,#4686,.T.);
#4684 = VERTEX_POINT('',#4685);
#4685 = CARTESIAN_POINT('',(0.6,-125.,2.));
#4686 = LINE('',#4687,#4688);
#4687 = CARTESIAN_POINT('',(0.3,-125.,1.7));
#4688 = VECTOR('',#4689,1.);
#4689 = DIRECTION('',(-0.707106781187,0.,-0.707106781187));
#4690 = ORIENTED_EDGE('',*,*,#4691,.T.);
#4691 = EDGE_CURVE('',#4684,#4635,#4692,.T.);
#4692 = CIRCLE('',#4693,6.4);
#4693 = AXIS2_PLACEMENT_3D('',#4694,#4695,#4696);
#4694 = CARTESIAN_POINT('',(7.,-125.,2.));
#4695 = DIRECTION('',(0.,0.,1.));
#4696 = DIRECTION('',(-1.,0.,0.));
#4697 = ORIENTED_EDGE('',*,*,#4634,.T.);
#4698 = ORIENTED_EDGE('',*,*,#1592,.F.);
#4699 = CONICAL_SURFACE('',#4700,7.,0.785398163397);
#4700 = AXIS2_PLACEMENT_3D('',#4701,#4702,#4703);
#4701 = CARTESIAN_POINT('',(7.,-125.,1.4));
#4702 = DIRECTION('',(-0.,-0.,-1.));
#4703 = DIRECTION('',(-1.,0.,0.));
#4704 = ADVANCED_FACE('',(#4705),#4723,.F.);
#4705 = FACE_BOUND('',#4706,.F.);
#4706 = EDGE_LOOP('',(#4707,#4708,#4716,#4722));
#4707 = ORIENTED_EDGE('',*,*,#4668,.F.);
#4708 = ORIENTED_EDGE('',*,*,#4709,.T.);
#4709 = EDGE_CURVE('',#4660,#4710,#4712,.T.);
#4710 = VERTEX_POINT('',#4711);
#4711 = CARTESIAN_POINT('',(88.4,-3.,2.));
#4712 = LINE('',#4713,#4714);
#4713 = CARTESIAN_POINT('',(88.4,-84.,2.));
#4714 = VECTOR('',#4715,1.);
#4715 = DIRECTION('',(0.,1.,0.));
#4716 = ORIENTED_EDGE('',*,*,#4717,.T.);
#4717 = EDGE_CURVE('',#4710,#1608,#4718,.T.);
#4718 = LINE('',#4719,#4720);
#4719 = CARTESIAN_POINT('',(88.7,-3.,1.7));
#4720 = VECTOR('',#4721,1.);
#4721 = DIRECTION('',(0.707106781187,0.,-0.707106781187));
#4722 = ORIENTED_EDGE('',*,*,#1617,.F.);
#4723 = PLANE('',#4724);
#4724 = AXIS2_PLACEMENT_3D('',#4725,#4726,#4727);
#4725 = CARTESIAN_POINT('',(88.7,-84.,1.7));
#4726 = DIRECTION('',(-0.707106781187,-1.E-17,-0.707106781187));
#4727 = DIRECTION('',(-7.071067811865E-18,1.,-7.071067811865E-18));
#4728 = ADVANCED_FACE('',(#4729),#4747,.F.);
#4729 = FACE_BOUND('',#4730,.F.);
#4730 = EDGE_LOOP('',(#4731,#4739,#4745,#4746));
#4731 = ORIENTED_EDGE('',*,*,#4732,.F.);
#4732 = EDGE_CURVE('',#4733,#1632,#4735,.T.);
#4733 = VERTEX_POINT('',#4734);
#4734 = CARTESIAN_POINT('',(0.6,-3.,2.));
#4735 = LINE('',#4736,#4737);
#4736 = CARTESIAN_POINT('',(0.,-3.,1.4));
#4737 = VECTOR('',#4738,1.);
#4738 = DIRECTION('',(-0.707106781187,-1.7E-16,-0.707106781187));
#4739 = ORIENTED_EDGE('',*,*,#4740,.T.);
#4740 = EDGE_CURVE('',#4733,#4684,#4741,.T.);
#4741 = LINE('',#4742,#4743);
#4742 = CARTESIAN_POINT('',(0.6,-3.,2.));
#4743 = VECTOR('',#4744,1.);
#4744 = DIRECTION('',(0.,-1.,0.));
#4745 = ORIENTED_EDGE('',*,*,#4683,.T.);
#4746 = ORIENTED_EDGE('',*,*,#1639,.F.);
#4747 = PLANE('',#4748);
#4748 = AXIS2_PLACEMENT_3D('',#4749,#4750,#4751);
#4749 = CARTESIAN_POINT('',(0.3,-3.,1.7));
#4750 = DIRECTION('',(0.707106781187,-1.E-17,-0.707106781187));
#4751 = DIRECTION('',(-7.071067811865E-18,-1.,7.071067811865E-18));
#4752 = ADVANCED_FACE('',(#4753),#4772,.T.);
#4753 = FACE_BOUND('',#4754,.F.);
#4754 = EDGE_LOOP('',(#4755,#4756,#4765,#4771));
#4755 = ORIENTED_EDGE('',*,*,#4717,.F.);
#4756 = ORIENTED_EDGE('',*,*,#4757,.T.);
#4757 = EDGE_CURVE('',#4710,#4758,#4760,.T.);
#4758 = VERTEX_POINT('',#4759);
#4759 = CARTESIAN_POINT('',(86.,-0.6,2.));
#4760 = CIRCLE('',#4761,2.4);
#4761 = AXIS2_PLACEMENT_3D('',#4762,#4763,#4764);
#4762 = CARTESIAN_POINT('',(86.,-3.,2.));
#4763 = DIRECTION('',(0.,-0.,1.));
#4764 = DIRECTION('',(1.,3.E-16,0.));
#4765 = ORIENTED_EDGE('',*,*,#4766,.T.);
#4766 = EDGE_CURVE('',#4758,#1656,#4767,.T.);
#4767 = LINE('',#4768,#4769);
#4768 = CARTESIAN_POINT('',(86.,0.,1.4));
#4769 = VECTOR('',#4770,1.);
#4770 = DIRECTION('',(-1.7E-16,0.707106781187,-0.707106781187));
#4771 = ORIENTED_EDGE('',*,*,#1665,.F.);
#4772 = CONICAL_SURFACE('',#4773,3.,0.785398163397);
#4773 = AXIS2_PLACEMENT_3D('',#4774,#4775,#4776);
#4774 = CARTESIAN_POINT('',(86.,-3.,1.4));
#4775 = DIRECTION('',(-0.,-0.,-1.));
#4776 = DIRECTION('',(1.,3.E-16,0.));
#4777 = ADVANCED_FACE('',(#4778),#4797,.T.);
#4778 = FACE_BOUND('',#4779,.F.);
#4779 = EDGE_LOOP('',(#4780,#4788,#4795,#4796));
#4780 = ORIENTED_EDGE('',*,*,#4781,.F.);
#4781 = EDGE_CURVE('',#4782,#1683,#4784,.T.);
#4782 = VERTEX_POINT('',#4783);
#4783 = CARTESIAN_POINT('',(3.,-0.6,2.));
#4784 = LINE('',#4785,#4786);
#4785 = CARTESIAN_POINT('',(3.,-0.3,1.7));
#4786 = VECTOR('',#4787,1.);
#4787 = DIRECTION('',(0.,0.707106781187,-0.707106781187));
#4788 = ORIENTED_EDGE('',*,*,#4789,.T.);
#4789 = EDGE_CURVE('',#4782,#4733,#4790,.T.);
#4790 = CIRCLE('',#4791,2.4);
#4791 = AXIS2_PLACEMENT_3D('',#4792,#4793,#4794);
#4792 = CARTESIAN_POINT('',(3.,-3.,2.));
#4793 = DIRECTION('',(0.,0.,1.));
#4794 = DIRECTION('',(-3.E-16,1.,0.));
#4795 = ORIENTED_EDGE('',*,*,#4732,.T.);
#4796 = ORIENTED_EDGE('',*,*,#1690,.F.);
#4797 = CONICAL_SURFACE('',#4798,3.,0.785398163397);
#4798 = AXIS2_PLACEMENT_3D('',#4799,#4800,#4801);
#4799 = CARTESIAN_POINT('',(3.,-3.,1.4));
#4800 = DIRECTION('',(-0.,-0.,-1.));
#4801 = DIRECTION('',(-3.E-16,1.,0.));
#4802 = ADVANCED_FACE('',(#4803),#4814,.F.);
#4803 = FACE_BOUND('',#4804,.F.);
#4804 = EDGE_LOOP('',(#4805,#4806,#4812,#4813));
#4805 = ORIENTED_EDGE('',*,*,#4766,.F.);
#4806 = ORIENTED_EDGE('',*,*,#4807,.T.);
#4807 = EDGE_CURVE('',#4758,#4782,#4808,.T.);
#4808 = LINE('',#4809,#4810);
#4809 = CARTESIAN_POINT('',(86.,-0.6,2.));
#4810 = VECTOR('',#4811,1.);
#4811 = DIRECTION('',(-1.,0.,0.));
#4812 = ORIENTED_EDGE('',*,*,#4781,.T.);
#4813 = ORIENTED_EDGE('',*,*,#1706,.F.);
#4814 = PLANE('',#4815);
#4815 = AXIS2_PLACEMENT_3D('',#4816,#4817,#4818);
#4816 = CARTESIAN_POINT('',(86.,-0.3,1.7));
#4817 = DIRECTION('',(-1.E-17,-0.707106781187,-0.707106781187));
#4818 = DIRECTION('',(-1.,7.071067811865E-18,7.071067811865E-18));
#4819 = ADVANCED_FACE('',(#4820),#4830,.F.);
#4820 = FACE_BOUND('',#4821,.F.);
#4821 = EDGE_LOOP('',(#4822,#4823,#4824,#4825,#4826,#4827,#4828,#4829));
#4822 = ORIENTED_EDGE('',*,*,#1901,.F.);
#4823 = ORIENTED_EDGE('',*,*,#1860,.T.);
#4824 = ORIENTED_EDGE('',*,*,#1811,.T.);
#4825 = ORIENTED_EDGE('',*,*,#1755,.T.);
#4826 = ORIENTED_EDGE('',*,*,#1731,.T.);
#4827 = ORIENTED_EDGE('',*,*,#1788,.T.);
#4828 = ORIENTED_EDGE('',*,*,#1835,.F.);
#4829 = ORIENTED_EDGE('',*,*,#1876,.F.);
#4830 = PLANE('',#4831);
#4831 = AXIS2_PLACEMENT_3D('',#4832,#4833,#4834);
#4832 = CARTESIAN_POINT('',(40.086873508353,-61.33687350835,-2.));
#4833 = DIRECTION('',(0.,0.,1.));
#4834 = DIRECTION('',(1.,0.,0.));
#4835 = ADVANCED_FACE('',(#4836),#4859,.T.);
#4836 = FACE_BOUND('',#4837,.T.);
#4837 = EDGE_LOOP('',(#4838,#4839,#4845,#4846,#4847,#4848,#4849,#4850,
    #4851,#4852,#4853,#4854,#4855,#4856,#4857,#4858));
#4838 = ORIENTED_EDGE('',*,*,#2176,.T.);
#4839 = ORIENTED_EDGE('',*,*,#4840,.T.);
#4840 = EDGE_CURVE('',#2177,#2225,#4841,.T.);
#4841 = LINE('',#4842,#4843);
#4842 = CARTESIAN_POINT('',(32.05,-128.2,-2.));
#4843 = VECTOR('',#4844,1.);
#4844 = DIRECTION('',(1.,0.,0.));
#4845 = ORIENTED_EDGE('',*,*,#2233,.T.);
#4846 = ORIENTED_EDGE('',*,*,#2265,.F.);
#4847 = ORIENTED_EDGE('',*,*,#2282,.F.);
#4848 = ORIENTED_EDGE('',*,*,#2307,.F.);
#4849 = ORIENTED_EDGE('',*,*,#1925,.T.);
#4850 = ORIENTED_EDGE('',*,*,#1957,.F.);
#4851 = ORIENTED_EDGE('',*,*,#1982,.F.);
#4852 = ORIENTED_EDGE('',*,*,#1998,.T.);
#4853 = ORIENTED_EDGE('',*,*,#2022,.F.);
#4854 = ORIENTED_EDGE('',*,*,#2047,.T.);
#4855 = ORIENTED_EDGE('',*,*,#2078,.T.);
#4856 = ORIENTED_EDGE('',*,*,#2096,.T.);
#4857 = ORIENTED_EDGE('',*,*,#2128,.F.);
#4858 = ORIENTED_EDGE('',*,*,#2151,.F.);
#4859 = PLANE('',#4860);
#4860 = AXIS2_PLACEMENT_3D('',#4861,#4862,#4863);
#4861 = CARTESIAN_POINT('',(41.873590374258,-107.6092404061,-2.));
#4862 = DIRECTION('',(-0.,-0.,-1.));
#4863 = DIRECTION('',(-1.,0.,0.));
#4864 = ADVANCED_FACE('',(#4865),#4871,.T.);
#4865 = FACE_BOUND('',#4866,.F.);
#4866 = EDGE_LOOP('',(#4867,#4868,#4869,#4870));
#4867 = ORIENTED_EDGE('',*,*,#2184,.T.);
#4868 = ORIENTED_EDGE('',*,*,#4840,.T.);
#4869 = ORIENTED_EDGE('',*,*,#2224,.F.);
#4870 = ORIENTED_EDGE('',*,*,#2200,.F.);
#4871 = CYLINDRICAL_SURFACE('',#4872,0.5);
#4872 = AXIS2_PLACEMENT_3D('',#4873,#4874,#4875);
#4873 = CARTESIAN_POINT('',(32.05,-128.2,-1.5));
#4874 = DIRECTION('',(1.,0.,0.));
#4875 = DIRECTION('',(0.,1.,0.));
#4876 = ADVANCED_FACE('',(#4877),#4897,.T.);
#4877 = FACE_BOUND('',#4878,.F.);
#4878 = EDGE_LOOP('',(#4879,#4888,#4889,#4890));
#4879 = ORIENTED_EDGE('',*,*,#4880,.F.);
#4880 = EDGE_CURVE('',#2323,#4881,#4883,.T.);
#4881 = VERTEX_POINT('',#4882);
#4882 = CARTESIAN_POINT('',(30.05,-111.5,2.));
#4883 = CIRCLE('',#4884,1.);
#4884 = AXIS2_PLACEMENT_3D('',#4885,#4886,#4887);
#4885 = CARTESIAN_POINT('',(30.05,-111.5,1.));
#4886 = DIRECTION('',(-0.,1.,0.));
#4887 = DIRECTION('',(1.,0.,0.));
#4888 = ORIENTED_EDGE('',*,*,#2330,.F.);
#4889 = ORIENTED_EDGE('',*,*,#4880,.T.);
#4890 = ORIENTED_EDGE('',*,*,#4891,.T.);
#4891 = EDGE_CURVE('',#4881,#4881,#4892,.T.);
#4892 = CIRCLE('',#4893,6.);
#4893 = AXIS2_PLACEMENT_3D('',#4894,#4895,#4896);
#4894 = CARTESIAN_POINT('',(24.05,-111.5,2.));
#4895 = DIRECTION('',(0.,0.,1.));
#4896 = DIRECTION('',(1.,0.,0.));
#4897 = TOROIDAL_SURFACE('',#4898,6.,1.);
#4898 = AXIS2_PLACEMENT_3D('',#4899,#4900,#4901);
#4899 = CARTESIAN_POINT('',(24.05,-111.5,1.));
#4900 = DIRECTION('',(-0.,-0.,-1.));
#4901 = DIRECTION('',(1.,0.,0.));
#4902 = ADVANCED_FACE('',(#4903),#4931,.T.);
#4903 = FACE_BOUND('',#4904,.T.);
#4904 = EDGE_LOOP('',(#4905,#4906,#4912,#4913,#4914,#4915,#4916,#4917,
    #4923,#4924,#4925,#4926,#4927,#4928,#4929,#4930));
#4905 = ORIENTED_EDGE('',*,*,#2516,.F.);
#4906 = ORIENTED_EDGE('',*,*,#4907,.F.);
#4907 = EDGE_CURVE('',#2567,#2508,#4908,.T.);
#4908 = LINE('',#4909,#4910);
#4909 = CARTESIAN_POINT('',(3.8,-122.4,-2.));
#4910 = VECTOR('',#4911,1.);
#4911 = DIRECTION('',(0.,1.,0.));
#4912 = ORIENTED_EDGE('',*,*,#2566,.F.);
#4913 = ORIENTED_EDGE('',*,*,#2598,.F.);
#4914 = ORIENTED_EDGE('',*,*,#2622,.T.);
#4915 = ORIENTED_EDGE('',*,*,#2647,.F.);
#4916 = ORIENTED_EDGE('',*,*,#2672,.T.);
#4917 = ORIENTED_EDGE('',*,*,#4918,.T.);
#4918 = EDGE_CURVE('',#2673,#2721,#4919,.T.);
#4919 = LINE('',#4920,#4921);
#4920 = CARTESIAN_POINT('',(9.05,-128.2,-2.));
#4921 = VECTOR('',#4922,1.);
#4922 = DIRECTION('',(1.,0.,0.));
#4923 = ORIENTED_EDGE('',*,*,#2729,.T.);
#4924 = ORIENTED_EDGE('',*,*,#2754,.F.);
#4925 = ORIENTED_EDGE('',*,*,#2364,.F.);
#4926 = ORIENTED_EDGE('',*,*,#2380,.T.);
#4927 = ORIENTED_EDGE('',*,*,#2404,.F.);
#4928 = ORIENTED_EDGE('',*,*,#2429,.T.);
#4929 = ORIENTED_EDGE('',*,*,#2461,.F.);
#4930 = ORIENTED_EDGE('',*,*,#2484,.F.);
#4931 = PLANE('',#4932);
#4932 = AXIS2_PLACEMENT_3D('',#4933,#4934,#4935);
#4933 = CARTESIAN_POINT('',(5.49509835082,-124.437079457,-2.));
#4934 = DIRECTION('',(-0.,-0.,-1.));
#4935 = DIRECTION('',(-1.,0.,0.));
#4936 = ADVANCED_FACE('',(#4937),#4943,.T.);
#4937 = FACE_BOUND('',#4938,.T.);
#4938 = EDGE_LOOP('',(#4939,#4940,#4941,#4942));
#4939 = ORIENTED_EDGE('',*,*,#2574,.T.);
#4940 = ORIENTED_EDGE('',*,*,#4907,.T.);
#4941 = ORIENTED_EDGE('',*,*,#2507,.F.);
#4942 = ORIENTED_EDGE('',*,*,#2540,.F.);
#4943 = CYLINDRICAL_SURFACE('',#4944,0.5);
#4944 = AXIS2_PLACEMENT_3D('',#4945,#4946,#4947);
#4945 = CARTESIAN_POINT('',(3.8,-122.4,-1.5));
#4946 = DIRECTION('',(0.,1.,0.));
#4947 = DIRECTION('',(1.,0.,0.));
#4948 = ADVANCED_FACE('',(#4949),#4955,.T.);
#4949 = FACE_BOUND('',#4950,.F.);
#4950 = EDGE_LOOP('',(#4951,#4952,#4953,#4954));
#4951 = ORIENTED_EDGE('',*,*,#2680,.T.);
#4952 = ORIENTED_EDGE('',*,*,#4918,.T.);
#4953 = ORIENTED_EDGE('',*,*,#2720,.F.);
#4954 = ORIENTED_EDGE('',*,*,#2696,.F.);
#4955 = CYLINDRICAL_SURFACE('',#4956,0.5);
#4956 = AXIS2_PLACEMENT_3D('',#4957,#4958,#4959);
#4957 = CARTESIAN_POINT('',(9.05,-128.2,-1.5));
#4958 = DIRECTION('',(1.,0.,0.));
#4959 = DIRECTION('',(0.,1.,0.));
#4960 = ADVANCED_FACE('',(#4961),#4981,.T.);
#4961 = FACE_BOUND('',#4962,.F.);
#4962 = EDGE_LOOP('',(#4963,#4972,#4973,#4974));
#4963 = ORIENTED_EDGE('',*,*,#4964,.F.);
#4964 = EDGE_CURVE('',#2770,#4965,#4967,.T.);
#4965 = VERTEX_POINT('',#4966);
#4966 = CARTESIAN_POINT('',(32.6487883,-65.8261061,2.));
#4967 = CIRCLE('',#4968,1.);
#4968 = AXIS2_PLACEMENT_3D('',#4969,#4970,#4971);
#4969 = CARTESIAN_POINT('',(32.6487883,-65.8261061,1.));
#4970 = DIRECTION('',(-0.,1.,0.));
#4971 = DIRECTION('',(1.,0.,0.));
#4972 = ORIENTED_EDGE('',*,*,#2777,.F.);
#4973 = ORIENTED_EDGE('',*,*,#4964,.T.);
#4974 = ORIENTED_EDGE('',*,*,#4975,.T.);
#4975 = EDGE_CURVE('',#4965,#4965,#4976,.T.);
#4976 = CIRCLE('',#4977,4.5);
#4977 = AXIS2_PLACEMENT_3D('',#4978,#4979,#4980);
#4978 = CARTESIAN_POINT('',(28.1487883,-65.8261061,2.));
#4979 = DIRECTION('',(0.,0.,1.));
#4980 = DIRECTION('',(1.,0.,0.));
#4981 = TOROIDAL_SURFACE('',#4982,4.5,1.);
#4982 = AXIS2_PLACEMENT_3D('',#4983,#4984,#4985);
#4983 = CARTESIAN_POINT('',(28.1487883,-65.8261061,1.));
#4984 = DIRECTION('',(-0.,-0.,-1.));
#4985 = DIRECTION('',(1.,0.,0.));
#4986 = ADVANCED_FACE('',(#4987),#5014,.T.);
#4987 = FACE_BOUND('',#4988,.T.);
#4988 = EDGE_LOOP('',(#4989,#4998,#5006,#5013));
#4989 = ORIENTED_EDGE('',*,*,#4990,.F.);
#4990 = EDGE_CURVE('',#4991,#2796,#4993,.T.);
#4991 = VERTEX_POINT('',#4992);
#4992 = CARTESIAN_POINT('',(32.8395,-97.124,2.));
#4993 = CIRCLE('',#4994,1.);
#4994 = AXIS2_PLACEMENT_3D('',#4995,#4996,#4997);
#4995 = CARTESIAN_POINT('',(32.8395,-97.124,1.));
#4996 = DIRECTION('',(0.,-1.,0.));
#4997 = DIRECTION('',(1.,0.,0.));
#4998 = ORIENTED_EDGE('',*,*,#4999,.T.);
#4999 = EDGE_CURVE('',#4991,#5000,#5002,.T.);
#5000 = VERTEX_POINT('',#5001);
#5001 = CARTESIAN_POINT('',(32.8395,-77.124,2.));
#5002 = LINE('',#5003,#5004);
#5003 = CARTESIAN_POINT('',(32.8395,-98.124,2.));
#5004 = VECTOR('',#5005,1.);
#5005 = DIRECTION('',(0.,1.,0.));
#5006 = ORIENTED_EDGE('',*,*,#5007,.T.);
#5007 = EDGE_CURVE('',#5000,#2804,#5008,.T.);
#5008 = CIRCLE('',#5009,1.);
#5009 = AXIS2_PLACEMENT_3D('',#5010,#5011,#5012);
#5010 = CARTESIAN_POINT('',(32.8395,-77.124,1.));
#5011 = DIRECTION('',(6.E-17,-1.,0.));
#5012 = DIRECTION('',(1.,6.E-17,0.));
#5013 = ORIENTED_EDGE('',*,*,#2803,.F.);
#5014 = CYLINDRICAL_SURFACE('',#5015,1.);
#5015 = AXIS2_PLACEMENT_3D('',#5016,#5017,#5018);
#5016 = CARTESIAN_POINT('',(32.8395,-98.124,1.));
#5017 = DIRECTION('',(0.,1.,0.));
#5018 = DIRECTION('',(-1.,0.,0.));
#5019 = ADVANCED_FACE('',(#5020),#5040,.T.);
#5020 = FACE_BOUND('',#5021,.F.);
#5021 = EDGE_LOOP('',(#5022,#5023,#5032,#5039));
#5022 = ORIENTED_EDGE('',*,*,#4990,.F.);
#5023 = ORIENTED_EDGE('',*,*,#5024,.T.);
#5024 = EDGE_CURVE('',#4991,#5025,#5027,.T.);
#5025 = VERTEX_POINT('',#5026);
#5026 = CARTESIAN_POINT('',(30.8395,-99.124,2.));
#5027 = CIRCLE('',#5028,2.);
#5028 = AXIS2_PLACEMENT_3D('',#5029,#5030,#5031);
#5029 = CARTESIAN_POINT('',(30.8395,-97.124,2.));
#5030 = DIRECTION('',(0.,0.,-1.));
#5031 = DIRECTION('',(1.,0.,0.));
#5032 = ORIENTED_EDGE('',*,*,#5033,.T.);
#5033 = EDGE_CURVE('',#5025,#2827,#5034,.T.);
#5034 = CIRCLE('',#5035,1.);
#5035 = AXIS2_PLACEMENT_3D('',#5036,#5037,#5038);
#5036 = CARTESIAN_POINT('',(30.8395,-99.124,1.));
#5037 = DIRECTION('',(-1.,-6.E-17,0.));
#5038 = DIRECTION('',(6.E-17,-1.,0.));
#5039 = ORIENTED_EDGE('',*,*,#2834,.F.);
#5040 = TOROIDAL_SURFACE('',#5041,2.,1.);
#5041 = AXIS2_PLACEMENT_3D('',#5042,#5043,#5044);
#5042 = CARTESIAN_POINT('',(30.8395,-97.124,1.));
#5043 = DIRECTION('',(0.,0.,1.));
#5044 = DIRECTION('',(1.,0.,0.));
#5045 = ADVANCED_FACE('',(#5046),#5066,.T.);
#5046 = FACE_BOUND('',#5047,.F.);
#5047 = EDGE_LOOP('',(#5048,#5057,#5064,#5065));
#5048 = ORIENTED_EDGE('',*,*,#5049,.F.);
#5049 = EDGE_CURVE('',#5050,#2852,#5052,.T.);
#5050 = VERTEX_POINT('',#5051);
#5051 = CARTESIAN_POINT('',(30.8395,-75.124,2.));
#5052 = CIRCLE('',#5053,1.);
#5053 = AXIS2_PLACEMENT_3D('',#5054,#5055,#5056);
#5054 = CARTESIAN_POINT('',(30.8395,-75.124,1.));
#5055 = DIRECTION('',(1.,0.,0.));
#5056 = DIRECTION('',(0.,1.,0.));
#5057 = ORIENTED_EDGE('',*,*,#5058,.T.);
#5058 = EDGE_CURVE('',#5050,#5000,#5059,.T.);
#5059 = CIRCLE('',#5060,2.);
#5060 = AXIS2_PLACEMENT_3D('',#5061,#5062,#5063);
#5061 = CARTESIAN_POINT('',(30.8395,-77.124,2.));
#5062 = DIRECTION('',(0.,0.,-1.));
#5063 = DIRECTION('',(0.,1.,0.));
#5064 = ORIENTED_EDGE('',*,*,#5007,.T.);
#5065 = ORIENTED_EDGE('',*,*,#2859,.F.);
#5066 = TOROIDAL_SURFACE('',#5067,2.,1.);
#5067 = AXIS2_PLACEMENT_3D('',#5068,#5069,#5070);
#5068 = CARTESIAN_POINT('',(30.8395,-77.124,1.));
#5069 = DIRECTION('',(0.,0.,1.));
#5070 = DIRECTION('',(0.,1.,0.));
#5071 = ADVANCED_FACE('',(#5072),#5091,.T.);
#5072 = FACE_BOUND('',#5073,.T.);
#5073 = EDGE_LOOP('',(#5074,#5083,#5089,#5090));
#5074 = ORIENTED_EDGE('',*,*,#5075,.F.);
#5075 = EDGE_CURVE('',#5076,#2877,#5078,.T.);
#5076 = VERTEX_POINT('',#5077);
#5077 = CARTESIAN_POINT('',(10.8395,-99.124,2.));
#5078 = CIRCLE('',#5079,1.);
#5079 = AXIS2_PLACEMENT_3D('',#5080,#5081,#5082);
#5080 = CARTESIAN_POINT('',(10.8395,-99.124,1.));
#5081 = DIRECTION('',(-1.,6.E-17,0.));
#5082 = DIRECTION('',(-6.E-17,-1.,0.));
#5083 = ORIENTED_EDGE('',*,*,#5084,.T.);
#5084 = EDGE_CURVE('',#5076,#5025,#5085,.T.);
#5085 = LINE('',#5086,#5087);
#5086 = CARTESIAN_POINT('',(9.8395,-99.124,2.));
#5087 = VECTOR('',#5088,1.);
#5088 = DIRECTION('',(1.,0.,0.));
#5089 = ORIENTED_EDGE('',*,*,#5033,.T.);
#5090 = ORIENTED_EDGE('',*,*,#2884,.F.);
#5091 = CYLINDRICAL_SURFACE('',#5092,1.);
#5092 = AXIS2_PLACEMENT_3D('',#5093,#5094,#5095);
#5093 = CARTESIAN_POINT('',(9.8395,-99.124,1.));
#5094 = DIRECTION('',(1.,0.,0.));
#5095 = DIRECTION('',(0.,1.,0.));
#5096 = ADVANCED_FACE('',(#5097),#5116,.T.);
#5097 = FACE_BOUND('',#5098,.T.);
#5098 = EDGE_LOOP('',(#5099,#5100,#5108,#5115));
#5099 = ORIENTED_EDGE('',*,*,#5049,.F.);
#5100 = ORIENTED_EDGE('',*,*,#5101,.T.);
#5101 = EDGE_CURVE('',#5050,#5102,#5104,.T.);
#5102 = VERTEX_POINT('',#5103);
#5103 = CARTESIAN_POINT('',(10.8395,-75.124,2.));
#5104 = LINE('',#5105,#5106);
#5105 = CARTESIAN_POINT('',(31.8395,-75.124,2.));
#5106 = VECTOR('',#5107,1.);
#5107 = DIRECTION('',(-1.,0.,0.));
#5108 = ORIENTED_EDGE('',*,*,#5109,.T.);
#5109 = EDGE_CURVE('',#5102,#2902,#5110,.T.);
#5110 = CIRCLE('',#5111,1.);
#5111 = AXIS2_PLACEMENT_3D('',#5112,#5113,#5114);
#5112 = CARTESIAN_POINT('',(10.8395,-75.124,1.));
#5113 = DIRECTION('',(1.,0.,0.));
#5114 = DIRECTION('',(0.,1.,0.));
#5115 = ORIENTED_EDGE('',*,*,#2901,.F.);
#5116 = CYLINDRICAL_SURFACE('',#5117,1.);
#5117 = AXIS2_PLACEMENT_3D('',#5118,#5119,#5120);
#5118 = CARTESIAN_POINT('',(31.8395,-75.124,1.));
#5119 = DIRECTION('',(-1.,0.,0.));
#5120 = DIRECTION('',(0.,-1.,0.));
#5121 = ADVANCED_FACE('',(#5122),#5142,.T.);
#5122 = FACE_BOUND('',#5123,.T.);
#5123 = EDGE_LOOP('',(#5124,#5133,#5140,#5141));
#5124 = ORIENTED_EDGE('',*,*,#5125,.F.);
#5125 = EDGE_CURVE('',#5126,#2926,#5128,.T.);
#5126 = VERTEX_POINT('',#5127);
#5127 = CARTESIAN_POINT('',(8.8395,-97.124,2.));
#5128 = CIRCLE('',#5129,1.);
#5129 = AXIS2_PLACEMENT_3D('',#5130,#5131,#5132);
#5130 = CARTESIAN_POINT('',(8.8395,-97.124,1.));
#5131 = DIRECTION('',(0.,1.,-0.));
#5132 = DIRECTION('',(-1.,0.,0.));
#5133 = ORIENTED_EDGE('',*,*,#5134,.T.);
#5134 = EDGE_CURVE('',#5126,#5076,#5135,.T.);
#5135 = CIRCLE('',#5136,2.);
#5136 = AXIS2_PLACEMENT_3D('',#5137,#5138,#5139);
#5137 = CARTESIAN_POINT('',(10.8395,-97.124,2.));
#5138 = DIRECTION('',(0.,0.,1.));
#5139 = DIRECTION('',(-1.,0.,0.));
#5140 = ORIENTED_EDGE('',*,*,#5075,.T.);
#5141 = ORIENTED_EDGE('',*,*,#2925,.F.);
#5142 = TOROIDAL_SURFACE('',#5143,2.,1.);
#5143 = AXIS2_PLACEMENT_3D('',#5144,#5145,#5146);
#5144 = CARTESIAN_POINT('',(10.8395,-97.124,1.));
#5145 = DIRECTION('',(0.,0.,1.));
#5146 = DIRECTION('',(-1.,0.,0.));
#5147 = ADVANCED_FACE('',(#5148),#5168,.T.);
#5148 = FACE_BOUND('',#5149,.T.);
#5149 = EDGE_LOOP('',(#5150,#5151,#5160,#5167));
#5150 = ORIENTED_EDGE('',*,*,#5109,.F.);
#5151 = ORIENTED_EDGE('',*,*,#5152,.T.);
#5152 = EDGE_CURVE('',#5102,#5153,#5155,.T.);
#5153 = VERTEX_POINT('',#5154);
#5154 = CARTESIAN_POINT('',(8.8395,-77.124,2.));
#5155 = CIRCLE('',#5156,2.);
#5156 = AXIS2_PLACEMENT_3D('',#5157,#5158,#5159);
#5157 = CARTESIAN_POINT('',(10.8395,-77.124,2.));
#5158 = DIRECTION('',(0.,-0.,1.));
#5159 = DIRECTION('',(0.,1.,0.));
#5160 = ORIENTED_EDGE('',*,*,#5161,.T.);
#5161 = EDGE_CURVE('',#5153,#2950,#5162,.T.);
#5162 = CIRCLE('',#5163,1.);
#5163 = AXIS2_PLACEMENT_3D('',#5164,#5165,#5166);
#5164 = CARTESIAN_POINT('',(8.8395,-77.124,1.));
#5165 = DIRECTION('',(6.E-17,1.,-0.));
#5166 = DIRECTION('',(-1.,6.E-17,0.));
#5167 = ORIENTED_EDGE('',*,*,#2957,.F.);
#5168 = TOROIDAL_SURFACE('',#5169,2.,1.);
#5169 = AXIS2_PLACEMENT_3D('',#5170,#5171,#5172);
#5170 = CARTESIAN_POINT('',(10.8395,-77.124,1.));
#5171 = DIRECTION('',(0.,0.,1.));
#5172 = DIRECTION('',(0.,1.,0.));
#5173 = ADVANCED_FACE('',(#5174),#5185,.T.);
#5174 = FACE_BOUND('',#5175,.T.);
#5175 = EDGE_LOOP('',(#5176,#5177,#5183,#5184));
#5176 = ORIENTED_EDGE('',*,*,#5161,.F.);
#5177 = ORIENTED_EDGE('',*,*,#5178,.T.);
#5178 = EDGE_CURVE('',#5153,#5126,#5179,.T.);
#5179 = LINE('',#5180,#5181);
#5180 = CARTESIAN_POINT('',(8.8395,-76.124,2.));
#5181 = VECTOR('',#5182,1.);
#5182 = DIRECTION('',(0.,-1.,0.));
#5183 = ORIENTED_EDGE('',*,*,#5125,.T.);
#5184 = ORIENTED_EDGE('',*,*,#2975,.F.);
#5185 = CYLINDRICAL_SURFACE('',#5186,1.);
#5186 = AXIS2_PLACEMENT_3D('',#5187,#5188,#5189);
#5187 = CARTESIAN_POINT('',(8.8395,-76.124,1.));
#5188 = DIRECTION('',(0.,-1.,0.));
#5189 = DIRECTION('',(1.,0.,0.));
#5190 = ADVANCED_FACE('',(#5191),#5197,.F.);
#5191 = FACE_BOUND('',#5192,.F.);
#5192 = EDGE_LOOP('',(#5193,#5194,#5195,#5196));
#5193 = ORIENTED_EDGE('',*,*,#3071,.F.);
#5194 = ORIENTED_EDGE('',*,*,#3031,.T.);
#5195 = ORIENTED_EDGE('',*,*,#2999,.T.);
#5196 = ORIENTED_EDGE('',*,*,#3055,.T.);
#5197 = PLANE('',#5198);
#5198 = AXIS2_PLACEMENT_3D('',#5199,#5200,#5201);
#5199 = CARTESIAN_POINT('',(40.086873508353,-61.33687350835,-2.));
#5200 = DIRECTION('',(0.,0.,1.));
#5201 = DIRECTION('',(1.,0.,0.));
#5202 = ADVANCED_FACE('',(#5203),#5217,.F.);
#5203 = FACE_BOUND('',#5204,.F.);
#5204 = EDGE_LOOP('',(#5205,#5206,#5207,#5208,#5209,#5210,#5211));
#5205 = ORIENTED_EDGE('',*,*,#3117,.T.);
#5206 = ORIENTED_EDGE('',*,*,#3095,.T.);
#5207 = ORIENTED_EDGE('',*,*,#3219,.T.);
#5208 = ORIENTED_EDGE('',*,*,#3266,.F.);
#5209 = ORIENTED_EDGE('',*,*,#3314,.T.);
#5210 = ORIENTED_EDGE('',*,*,#3354,.F.);
#5211 = ORIENTED_EDGE('',*,*,#5212,.T.);
#5212 = EDGE_CURVE('',#3355,#3118,#5213,.T.);
#5213 = LINE('',#5214,#5215);
#5214 = CARTESIAN_POINT('',(74.99,-2.1,-2.));
#5215 = VECTOR('',#5216,1.);
#5216 = DIRECTION('',(0.,-1.,0.));
#5217 = PLANE('',#5218);
#5218 = AXIS2_PLACEMENT_3D('',#5219,#5220,#5221);
#5219 = CARTESIAN_POINT('',(40.086873508353,-61.33687350835,-2.));
#5220 = DIRECTION('',(0.,0.,1.));
#5221 = DIRECTION('',(1.,0.,0.));
#5222 = ADVANCED_FACE('',(#5223),#5234,.T.);
#5223 = FACE_BOUND('',#5224,.F.);
#5224 = EDGE_LOOP('',(#5225,#5226,#5232,#5233));
#5225 = ORIENTED_EDGE('',*,*,#3431,.T.);
#5226 = ORIENTED_EDGE('',*,*,#5227,.T.);
#5227 = EDGE_CURVE('',#3424,#3187,#5228,.T.);
#5228 = LINE('',#5229,#5230);
#5229 = CARTESIAN_POINT('',(74.5,-2.1,-1.51));
#5230 = VECTOR('',#5231,1.);
#5231 = DIRECTION('',(0.,-1.,0.));
#5232 = ORIENTED_EDGE('',*,*,#3194,.F.);
#5233 = ORIENTED_EDGE('',*,*,#5212,.F.);
#5234 = CYLINDRICAL_SURFACE('',#5235,0.49);
#5235 = AXIS2_PLACEMENT_3D('',#5236,#5237,#5238);
#5236 = CARTESIAN_POINT('',(74.99,-2.1,-1.51));
#5237 = DIRECTION('',(0.,-1.,0.));
#5238 = DIRECTION('',(-0.,-0.,-1.));
#5239 = ADVANCED_FACE('',(#5240),#5251,.F.);
#5240 = FACE_BOUND('',#5241,.F.);
#5241 = EDGE_LOOP('',(#5242,#5243,#5249,#5250));
#5242 = ORIENTED_EDGE('',*,*,#3423,.T.);
#5243 = ORIENTED_EDGE('',*,*,#5244,.T.);
#5244 = EDGE_CURVE('',#3415,#3178,#5245,.T.);
#5245 = LINE('',#5246,#5247);
#5246 = CARTESIAN_POINT('',(74.5,-2.1,-1.49));
#5247 = VECTOR('',#5248,1.);
#5248 = DIRECTION('',(0.,-1.,0.));
#5249 = ORIENTED_EDGE('',*,*,#3186,.F.);
#5250 = ORIENTED_EDGE('',*,*,#5227,.F.);
#5251 = PLANE('',#5252);
#5252 = AXIS2_PLACEMENT_3D('',#5253,#5254,#5255);
#5253 = CARTESIAN_POINT('',(74.5,-2.1,-2.));
#5254 = DIRECTION('',(1.,0.,0.));
#5255 = DIRECTION('',(0.,-1.,0.));
#5256 = ADVANCED_FACE('',(#5257),#5268,.F.);
#5257 = FACE_BOUND('',#5258,.F.);
#5258 = EDGE_LOOP('',(#5259,#5260,#5266,#5267));
#5259 = ORIENTED_EDGE('',*,*,#3414,.T.);
#5260 = ORIENTED_EDGE('',*,*,#5261,.T.);
#5261 = EDGE_CURVE('',#3407,#3170,#5262,.T.);
#5262 = LINE('',#5263,#5264);
#5263 = CARTESIAN_POINT('',(74.01,-2.1,-1.));
#5264 = VECTOR('',#5265,1.);
#5265 = DIRECTION('',(0.,-1.,0.));
#5266 = ORIENTED_EDGE('',*,*,#3177,.F.);
#5267 = ORIENTED_EDGE('',*,*,#5244,.F.);
#5268 = CYLINDRICAL_SURFACE('',#5269,0.49);
#5269 = AXIS2_PLACEMENT_3D('',#5270,#5271,#5272);
#5270 = CARTESIAN_POINT('',(74.01,-2.1,-1.49));
#5271 = DIRECTION('',(0.,-1.,0.));
#5272 = DIRECTION('',(1.,0.,0.));
#5273 = ADVANCED_FACE('',(#5274),#5285,.F.);
#5274 = FACE_BOUND('',#5275,.F.);
#5275 = EDGE_LOOP('',(#5276,#5277,#5283,#5284));
#5276 = ORIENTED_EDGE('',*,*,#3406,.F.);
#5277 = ORIENTED_EDGE('',*,*,#5278,.F.);
#5278 = EDGE_CURVE('',#3161,#3398,#5279,.T.);
#5279 = LINE('',#5280,#5281);
#5280 = CARTESIAN_POINT('',(14.99,-2.9,-1.));
#5281 = VECTOR('',#5282,1.);
#5282 = DIRECTION('',(0.,1.,0.));
#5283 = ORIENTED_EDGE('',*,*,#3169,.F.);
#5284 = ORIENTED_EDGE('',*,*,#5261,.F.);
#5285 = PLANE('',#5286);
#5286 = AXIS2_PLACEMENT_3D('',#5287,#5288,#5289);
#5287 = CARTESIAN_POINT('',(44.5,-2.5,-1.));
#5288 = DIRECTION('',(0.,0.,1.));
#5289 = DIRECTION('',(1.,0.,0.));
#5290 = ADVANCED_FACE('',(#5291),#5305,.F.);
#5291 = FACE_BOUND('',#5292,.F.);
#5292 = EDGE_LOOP('',(#5293,#5294,#5300,#5301,#5302,#5303,#5304));
#5293 = ORIENTED_EDGE('',*,*,#3135,.T.);
#5294 = ORIENTED_EDGE('',*,*,#5295,.T.);
#5295 = EDGE_CURVE('',#3136,#3373,#5296,.T.);
#5296 = LINE('',#5297,#5298);
#5297 = CARTESIAN_POINT('',(14.01,-2.9,-2.));
#5298 = VECTOR('',#5299,1.);
#5299 = DIRECTION('',(0.,1.,0.));
#5300 = ORIENTED_EDGE('',*,*,#3372,.F.);
#5301 = ORIENTED_EDGE('',*,*,#3448,.F.);
#5302 = ORIENTED_EDGE('',*,*,#3332,.F.);
#5303 = ORIENTED_EDGE('',*,*,#3291,.T.);
#5304 = ORIENTED_EDGE('',*,*,#3242,.T.);
#5305 = PLANE('',#5306);
#5306 = AXIS2_PLACEMENT_3D('',#5307,#5308,#5309);
#5307 = CARTESIAN_POINT('',(40.086873508353,-61.33687350835,-2.));
#5308 = DIRECTION('',(0.,0.,1.));
#5309 = DIRECTION('',(1.,0.,0.));
#5310 = ADVANCED_FACE('',(#5311),#5322,.F.);
#5311 = FACE_BOUND('',#5312,.T.);
#5312 = EDGE_LOOP('',(#5313,#5314,#5320,#5321));
#5313 = ORIENTED_EDGE('',*,*,#3160,.T.);
#5314 = ORIENTED_EDGE('',*,*,#5315,.T.);
#5315 = EDGE_CURVE('',#3153,#3390,#5316,.T.);
#5316 = LINE('',#5317,#5318);
#5317 = CARTESIAN_POINT('',(14.5,-2.9,-1.49));
#5318 = VECTOR('',#5319,1.);
#5319 = DIRECTION('',(0.,1.,0.));
#5320 = ORIENTED_EDGE('',*,*,#3397,.F.);
#5321 = ORIENTED_EDGE('',*,*,#5278,.F.);
#5322 = CYLINDRICAL_SURFACE('',#5323,0.49);
#5323 = AXIS2_PLACEMENT_3D('',#5324,#5325,#5326);
#5324 = CARTESIAN_POINT('',(14.99,-2.9,-1.49));
#5325 = DIRECTION('',(0.,1.,0.));
#5326 = DIRECTION('',(0.,0.,1.));
#5327 = ADVANCED_FACE('',(#5328),#5339,.T.);
#5328 = FACE_BOUND('',#5329,.T.);
#5329 = EDGE_LOOP('',(#5330,#5331,#5332,#5333));
#5330 = ORIENTED_EDGE('',*,*,#3143,.T.);
#5331 = ORIENTED_EDGE('',*,*,#5295,.T.);
#5332 = ORIENTED_EDGE('',*,*,#3380,.F.);
#5333 = ORIENTED_EDGE('',*,*,#5334,.F.);
#5334 = EDGE_CURVE('',#3144,#3381,#5335,.T.);
#5335 = LINE('',#5336,#5337);
#5336 = CARTESIAN_POINT('',(14.5,-2.9,-1.51));
#5337 = VECTOR('',#5338,1.);
#5338 = DIRECTION('',(0.,1.,0.));
#5339 = CYLINDRICAL_SURFACE('',#5340,0.49);
#5340 = AXIS2_PLACEMENT_3D('',#5341,#5342,#5343);
#5341 = CARTESIAN_POINT('',(14.01,-2.9,-1.51));
#5342 = DIRECTION('',(0.,1.,0.));
#5343 = DIRECTION('',(1.,0.,0.));
#5344 = ADVANCED_FACE('',(#5345),#5351,.F.);
#5345 = FACE_BOUND('',#5346,.F.);
#5346 = EDGE_LOOP('',(#5347,#5348,#5349,#5350));
#5347 = ORIENTED_EDGE('',*,*,#3152,.T.);
#5348 = ORIENTED_EDGE('',*,*,#5315,.T.);
#5349 = ORIENTED_EDGE('',*,*,#3389,.F.);
#5350 = ORIENTED_EDGE('',*,*,#5334,.F.);
#5351 = PLANE('',#5352);
#5352 = AXIS2_PLACEMENT_3D('',#5353,#5354,#5355);
#5353 = CARTESIAN_POINT('',(14.5,-2.9,-2.));
#5354 = DIRECTION('',(-1.,0.,0.));
#5355 = DIRECTION('',(0.,1.,0.));
#5356 = ADVANCED_FACE('',(#5357),#5377,.T.);
#5357 = FACE_BOUND('',#5358,.F.);
#5358 = EDGE_LOOP('',(#5359,#5368,#5369,#5370));
#5359 = ORIENTED_EDGE('',*,*,#5360,.F.);
#5360 = EDGE_CURVE('',#3465,#5361,#5363,.T.);
#5361 = VERTEX_POINT('',#5362);
#5362 = CARTESIAN_POINT('',(26.2000003,-58.5794611,2.));
#5363 = CIRCLE('',#5364,1.);
#5364 = AXIS2_PLACEMENT_3D('',#5365,#5366,#5367);
#5365 = CARTESIAN_POINT('',(26.2000003,-58.5794611,1.));
#5366 = DIRECTION('',(-0.,1.,0.));
#5367 = DIRECTION('',(1.,0.,0.));
#5368 = ORIENTED_EDGE('',*,*,#3472,.F.);
#5369 = ORIENTED_EDGE('',*,*,#5360,.T.);
#5370 = ORIENTED_EDGE('',*,*,#5371,.T.);
#5371 = EDGE_CURVE('',#5361,#5361,#5372,.T.);
#5372 = CIRCLE('',#5373,4.5);
#5373 = AXIS2_PLACEMENT_3D('',#5374,#5375,#5376);
#5374 = CARTESIAN_POINT('',(21.7000003,-58.5794611,2.));
#5375 = DIRECTION('',(0.,0.,1.));
#5376 = DIRECTION('',(1.,0.,0.));
#5377 = TOROIDAL_SURFACE('',#5378,4.5,1.);
#5378 = AXIS2_PLACEMENT_3D('',#5379,#5380,#5381);
#5379 = CARTESIAN_POINT('',(21.7000003,-58.5794611,1.));
#5380 = DIRECTION('',(-0.,-0.,-1.));
#5381 = DIRECTION('',(1.,0.,0.));
#5382 = ADVANCED_FACE('',(#5383),#5407,.T.);
#5383 = FACE_BOUND('',#5384,.T.);
#5384 = EDGE_LOOP('',(#5385,#5386,#5392,#5393,#5394,#5395,#5401,#5402,
    #5403,#5404,#5405,#5406));
#5385 = ORIENTED_EDGE('',*,*,#3602,.T.);
#5386 = ORIENTED_EDGE('',*,*,#5387,.T.);
#5387 = EDGE_CURVE('',#3603,#3651,#5388,.T.);
#5388 = LINE('',#5389,#5390);
#5389 = CARTESIAN_POINT('',(3.8,-54.5,-2.));
#5390 = VECTOR('',#5391,1.);
#5391 = DIRECTION('',(0.,-1.,0.));
#5392 = ORIENTED_EDGE('',*,*,#3659,.T.);
#5393 = ORIENTED_EDGE('',*,*,#3691,.F.);
#5394 = ORIENTED_EDGE('',*,*,#3723,.F.);
#5395 = ORIENTED_EDGE('',*,*,#5396,.F.);
#5396 = EDGE_CURVE('',#3774,#3715,#5397,.T.);
#5397 = LINE('',#5398,#5399);
#5398 = CARTESIAN_POINT('',(3.8,-88.95,-2.));
#5399 = VECTOR('',#5400,1.);
#5400 = DIRECTION('',(0.,1.,0.));
#5401 = ORIENTED_EDGE('',*,*,#3773,.F.);
#5402 = ORIENTED_EDGE('',*,*,#3798,.F.);
#5403 = ORIENTED_EDGE('',*,*,#3506,.F.);
#5404 = ORIENTED_EDGE('',*,*,#3522,.T.);
#5405 = ORIENTED_EDGE('',*,*,#3554,.F.);
#5406 = ORIENTED_EDGE('',*,*,#3577,.F.);
#5407 = PLANE('',#5408);
#5408 = AXIS2_PLACEMENT_3D('',#5409,#5410,#5411);
#5409 = CARTESIAN_POINT('',(3.048330914369,-64.44528301886,-2.));
#5410 = DIRECTION('',(-0.,-0.,-1.));
#5411 = DIRECTION('',(-1.,0.,0.));
#5412 = ADVANCED_FACE('',(#5413),#5419,.T.);
#5413 = FACE_BOUND('',#5414,.F.);
#5414 = EDGE_LOOP('',(#5415,#5416,#5417,#5418));
#5415 = ORIENTED_EDGE('',*,*,#3610,.T.);
#5416 = ORIENTED_EDGE('',*,*,#5387,.T.);
#5417 = ORIENTED_EDGE('',*,*,#3650,.F.);
#5418 = ORIENTED_EDGE('',*,*,#3626,.F.);
#5419 = CYLINDRICAL_SURFACE('',#5420,0.5);
#5420 = AXIS2_PLACEMENT_3D('',#5421,#5422,#5423);
#5421 = CARTESIAN_POINT('',(3.8,-54.5,-1.5));
#5422 = DIRECTION('',(0.,-1.,0.));
#5423 = DIRECTION('',(1.,0.,0.));
#5424 = ADVANCED_FACE('',(#5425),#5431,.T.);
#5425 = FACE_BOUND('',#5426,.T.);
#5426 = EDGE_LOOP('',(#5427,#5428,#5429,#5430));
#5427 = ORIENTED_EDGE('',*,*,#3781,.T.);
#5428 = ORIENTED_EDGE('',*,*,#5396,.T.);
#5429 = ORIENTED_EDGE('',*,*,#3714,.F.);
#5430 = ORIENTED_EDGE('',*,*,#3747,.F.);
#5431 = CYLINDRICAL_SURFACE('',#5432,0.5);
#5432 = AXIS2_PLACEMENT_3D('',#5433,#5434,#5435);
#5433 = CARTESIAN_POINT('',(3.8,-88.95,-1.5));
#5434 = DIRECTION('',(0.,1.,0.));
#5435 = DIRECTION('',(1.,0.,0.));
#5436 = ADVANCED_FACE('',(#5437),#5448,.T.);
#5437 = FACE_BOUND('',#5438,.T.);
#5438 = EDGE_LOOP('',(#5439,#5440,#5446,#5447));
#5439 = ORIENTED_EDGE('',*,*,#3813,.F.);
#5440 = ORIENTED_EDGE('',*,*,#5441,.F.);
#5441 = EDGE_CURVE('',#3912,#3814,#5442,.T.);
#5442 = LINE('',#5443,#5444);
#5443 = CARTESIAN_POINT('',(3.4,-98.4,-4.));
#5444 = VECTOR('',#5445,1.);
#5445 = DIRECTION('',(0.,-1.,2.2E-16));
#5446 = ORIENTED_EDGE('',*,*,#3911,.F.);
#5447 = ORIENTED_EDGE('',*,*,#3873,.F.);
#5448 = PLANE('',#5449);
#5449 = AXIS2_PLACEMENT_3D('',#5450,#5451,#5452);
#5450 = CARTESIAN_POINT('',(3.4,-106.4,-2.));
#5451 = DIRECTION('',(1.,0.,-2.2E-16));
#5452 = DIRECTION('',(2.2E-16,0.,1.));
#5453 = ADVANCED_FACE('',(#5454),#5465,.T.);
#5454 = FACE_BOUND('',#5455,.T.);
#5455 = EDGE_LOOP('',(#5456,#5457,#5458,#5464));
#5456 = ORIENTED_EDGE('',*,*,#5441,.T.);
#5457 = ORIENTED_EDGE('',*,*,#3848,.T.);
#5458 = ORIENTED_EDGE('',*,*,#5459,.F.);
#5459 = EDGE_CURVE('',#3920,#3840,#5460,.T.);
#5460 = LINE('',#5461,#5462);
#5461 = CARTESIAN_POINT('',(2.600000277128,-98.4,-3.6));
#5462 = VECTOR('',#5463,1.);
#5463 = DIRECTION('',(0.,-1.,2.2E-16));
#5464 = ORIENTED_EDGE('',*,*,#3919,.F.);
#5465 = CYLINDRICAL_SURFACE('',#5466,0.8);
#5466 = AXIS2_PLACEMENT_3D('',#5467,#5468,#5469);
#5467 = CARTESIAN_POINT('',(3.296648197625,-98.4,-3.206704087401));
#5468 = DIRECTION('',(0.,1.,-2.2E-16));
#5469 = DIRECTION('',(-1.,0.,0.));
#5470 = ADVANCED_FACE('',(#5471),#5477,.T.);
#5471 = FACE_BOUND('',#5472,.T.);
#5472 = EDGE_LOOP('',(#5473,#5474,#5475,#5476));
#5473 = ORIENTED_EDGE('',*,*,#5459,.T.);
#5474 = ORIENTED_EDGE('',*,*,#3839,.T.);
#5475 = ORIENTED_EDGE('',*,*,#3889,.T.);
#5476 = ORIENTED_EDGE('',*,*,#3928,.F.);
#5477 = CYLINDRICAL_SURFACE('',#5478,0.8);
#5478 = AXIS2_PLACEMENT_3D('',#5479,#5480,#5481);
#5479 = CARTESIAN_POINT('',(2.6,-98.4,-2.8));
#5480 = DIRECTION('',(0.,1.,-2.2E-16));
#5481 = DIRECTION('',(-1.,0.,0.));
#5482 = ADVANCED_FACE('',(#5483),#5494,.T.);
#5483 = FACE_BOUND('',#5484,.T.);
#5484 = EDGE_LOOP('',(#5485,#5486,#5492,#5493));
#5485 = ORIENTED_EDGE('',*,*,#3947,.F.);
#5486 = ORIENTED_EDGE('',*,*,#5487,.F.);
#5487 = EDGE_CURVE('',#4046,#3948,#5488,.T.);
#5488 = LINE('',#5489,#5490);
#5489 = CARTESIAN_POINT('',(13.55,-128.6,-4.));
#5490 = VECTOR('',#5491,1.);
#5491 = DIRECTION('',(1.,0.,0.));
#5492 = ORIENTED_EDGE('',*,*,#4045,.F.);
#5493 = ORIENTED_EDGE('',*,*,#4007,.F.);
#5494 = PLANE('',#5495);
#5495 = AXIS2_PLACEMENT_3D('',#5496,#5497,#5498);
#5496 = CARTESIAN_POINT('',(21.55,-128.6,-2.));
#5497 = DIRECTION('',(0.,1.,-7.11E-15));
#5498 = DIRECTION('',(0.,7.11E-15,1.));
#5499 = ADVANCED_FACE('',(#5500),#5511,.T.);
#5500 = FACE_BOUND('',#5501,.T.);
#5501 = EDGE_LOOP('',(#5502,#5503,#5504,#5510));
#5502 = ORIENTED_EDGE('',*,*,#5487,.T.);
#5503 = ORIENTED_EDGE('',*,*,#3982,.T.);
#5504 = ORIENTED_EDGE('',*,*,#5505,.F.);
#5505 = EDGE_CURVE('',#4054,#3974,#5506,.T.);
#5506 = LINE('',#5507,#5508);
#5507 = CARTESIAN_POINT('',(13.55,-129.4,-3.6));
#5508 = VECTOR('',#5509,1.);
#5509 = DIRECTION('',(1.,0.,0.));
#5510 = ORIENTED_EDGE('',*,*,#4053,.F.);
#5511 = CYLINDRICAL_SURFACE('',#5512,0.8);
#5512 = AXIS2_PLACEMENT_3D('',#5513,#5514,#5515);
#5513 = CARTESIAN_POINT('',(13.55,-128.7033520605,-3.206704121032));
#5514 = DIRECTION('',(-1.,0.,0.));
#5515 = DIRECTION('',(0.,-1.,0.));
#5516 = ADVANCED_FACE('',(#5517),#5523,.T.);
#5517 = FACE_BOUND('',#5518,.T.);
#5518 = EDGE_LOOP('',(#5519,#5520,#5521,#5522));
#5519 = ORIENTED_EDGE('',*,*,#5505,.T.);
#5520 = ORIENTED_EDGE('',*,*,#3973,.T.);
#5521 = ORIENTED_EDGE('',*,*,#4023,.T.);
#5522 = ORIENTED_EDGE('',*,*,#4062,.F.);
#5523 = CYLINDRICAL_SURFACE('',#5524,0.8);
#5524 = AXIS2_PLACEMENT_3D('',#5525,#5526,#5527);
#5525 = CARTESIAN_POINT('',(13.55,-129.4,-2.8));
#5526 = DIRECTION('',(-1.,0.,0.));
#5527 = DIRECTION('',(0.,-1.,0.));
#5528 = ADVANCED_FACE('',(#5529),#5540,.T.);
#5529 = FACE_BOUND('',#5530,.T.);
#5530 = EDGE_LOOP('',(#5531,#5532,#5538,#5539));
#5531 = ORIENTED_EDGE('',*,*,#4081,.F.);
#5532 = ORIENTED_EDGE('',*,*,#5533,.F.);
#5533 = EDGE_CURVE('',#4180,#4082,#5534,.T.);
#5534 = LINE('',#5535,#5536);
#5535 = CARTESIAN_POINT('',(57.2,-87.6,-4.));
#5536 = VECTOR('',#5537,1.);
#5537 = DIRECTION('',(1.,0.,0.));
#5538 = ORIENTED_EDGE('',*,*,#4179,.F.);
#5539 = ORIENTED_EDGE('',*,*,#4141,.F.);
#5540 = PLANE('',#5541);
#5541 = AXIS2_PLACEMENT_3D('',#5542,#5543,#5544);
#5542 = CARTESIAN_POINT('',(65.2,-87.6,-2.));
#5543 = DIRECTION('',(0.,1.,3.9E-16));
#5544 = DIRECTION('',(0.,-3.9E-16,1.));
#5545 = ADVANCED_FACE('',(#5546),#5557,.T.);
#5546 = FACE_BOUND('',#5547,.T.);
#5547 = EDGE_LOOP('',(#5548,#5549,#5550,#5556));
#5548 = ORIENTED_EDGE('',*,*,#5533,.T.);
#5549 = ORIENTED_EDGE('',*,*,#4116,.T.);
#5550 = ORIENTED_EDGE('',*,*,#5551,.F.);
#5551 = EDGE_CURVE('',#4188,#4108,#5552,.T.);
#5552 = LINE('',#5553,#5554);
#5553 = CARTESIAN_POINT('',(57.2,-88.4,-3.6));
#5554 = VECTOR('',#5555,1.);
#5555 = DIRECTION('',(1.,0.,0.));
#5556 = ORIENTED_EDGE('',*,*,#4187,.F.);
#5557 = CYLINDRICAL_SURFACE('',#5558,0.8);
#5558 = AXIS2_PLACEMENT_3D('',#5559,#5560,#5561);
#5559 = CARTESIAN_POINT('',(57.2,-87.70335206051,-3.206704121032));
#5560 = DIRECTION('',(-1.,0.,0.));
#5561 = DIRECTION('',(0.,-1.,0.));
#5562 = ADVANCED_FACE('',(#5563),#5569,.T.);
#5563 = FACE_BOUND('',#5564,.T.);
#5564 = EDGE_LOOP('',(#5565,#5566,#5567,#5568));
#5565 = ORIENTED_EDGE('',*,*,#5551,.T.);
#5566 = ORIENTED_EDGE('',*,*,#4107,.T.);
#5567 = ORIENTED_EDGE('',*,*,#4157,.T.);
#5568 = ORIENTED_EDGE('',*,*,#4196,.F.);
#5569 = CYLINDRICAL_SURFACE('',#5570,0.8);
#5570 = AXIS2_PLACEMENT_3D('',#5571,#5572,#5573);
#5571 = CARTESIAN_POINT('',(57.2,-88.4,-2.8));
#5572 = DIRECTION('',(-1.,0.,0.));
#5573 = DIRECTION('',(0.,-1.,0.));
#5574 = ADVANCED_FACE('',(#5575),#5586,.T.);
#5575 = FACE_BOUND('',#5576,.T.);
#5576 = EDGE_LOOP('',(#5577,#5578,#5584,#5585));
#5577 = ORIENTED_EDGE('',*,*,#4215,.F.);
#5578 = ORIENTED_EDGE('',*,*,#5579,.F.);
#5579 = EDGE_CURVE('',#4314,#4216,#5580,.T.);
#5580 = LINE('',#5581,#5582);
#5581 = CARTESIAN_POINT('',(85.6,-30.1,-3.999999999997));
#5582 = VECTOR('',#5583,1.);
#5583 = DIRECTION('',(0.,1.,-2.2E-16));
#5584 = ORIENTED_EDGE('',*,*,#4313,.F.);
#5585 = ORIENTED_EDGE('',*,*,#4275,.F.);
#5586 = PLANE('',#5587);
#5587 = AXIS2_PLACEMENT_3D('',#5588,#5589,#5590);
#5588 = CARTESIAN_POINT('',(85.6,-22.1,-1.999999999998));
#5589 = DIRECTION('',(-1.,-0.,-1.0283E-13));
#5590 = DIRECTION('',(1.0283E-13,0.,-1.));
#5591 = ADVANCED_FACE('',(#5592),#5603,.T.);
#5592 = FACE_BOUND('',#5593,.T.);
#5593 = EDGE_LOOP('',(#5594,#5595,#5596,#5602));
#5594 = ORIENTED_EDGE('',*,*,#5579,.T.);
#5595 = ORIENTED_EDGE('',*,*,#4250,.T.);
#5596 = ORIENTED_EDGE('',*,*,#5597,.F.);
#5597 = EDGE_CURVE('',#4322,#4242,#5598,.T.);
#5598 = LINE('',#5599,#5600);
#5599 = CARTESIAN_POINT('',(86.399999999993,-30.1,-3.599999999996));
#5600 = VECTOR('',#5601,1.);
#5601 = DIRECTION('',(0.,1.,-2.2E-16));
#5602 = ORIENTED_EDGE('',*,*,#4321,.F.);
#5603 = CYLINDRICAL_SURFACE('',#5604,0.8);
#5604 = AXIS2_PLACEMENT_3D('',#5605,#5606,#5607);
#5605 = CARTESIAN_POINT('',(85.7033520605,-30.1,-3.206704121027));
#5606 = DIRECTION('',(0.,-1.,2.2E-16));
#5607 = DIRECTION('',(1.,0.,0.));
#5608 = ADVANCED_FACE('',(#5609),#5615,.T.);
#5609 = FACE_BOUND('',#5610,.T.);
#5610 = EDGE_LOOP('',(#5611,#5612,#5613,#5614));
#5611 = ORIENTED_EDGE('',*,*,#5597,.T.);
#5612 = ORIENTED_EDGE('',*,*,#4241,.T.);
#5613 = ORIENTED_EDGE('',*,*,#4291,.T.);
#5614 = ORIENTED_EDGE('',*,*,#4330,.F.);
#5615 = CYLINDRICAL_SURFACE('',#5616,0.8);
#5616 = AXIS2_PLACEMENT_3D('',#5617,#5618,#5619);
#5617 = CARTESIAN_POINT('',(86.4,-30.1,-2.8));
#5618 = DIRECTION('',(0.,-1.,2.2E-16));
#5619 = DIRECTION('',(1.,0.,0.));
#5620 = ADVANCED_FACE('',(#5621),#5632,.T.);
#5621 = FACE_BOUND('',#5622,.T.);
#5622 = EDGE_LOOP('',(#5623,#5624,#5630,#5631));
#5623 = ORIENTED_EDGE('',*,*,#4349,.F.);
#5624 = ORIENTED_EDGE('',*,*,#5625,.F.);
#5625 = EDGE_CURVE('',#4448,#4350,#5626,.T.);
#5626 = LINE('',#5627,#5628);
#5627 = CARTESIAN_POINT('',(85.6,-72.4,-4.));
#5628 = VECTOR('',#5629,1.);
#5629 = DIRECTION('',(0.,1.,-2.2E-16));
#5630 = ORIENTED_EDGE('',*,*,#4447,.F.);
#5631 = ORIENTED_EDGE('',*,*,#4409,.F.);
#5632 = PLANE('',#5633);
#5633 = AXIS2_PLACEMENT_3D('',#5634,#5635,#5636);
#5634 = CARTESIAN_POINT('',(85.6,-64.39999999999,-2.));
#5635 = DIRECTION('',(-1.,-0.,-6.51E-15));
#5636 = DIRECTION('',(6.51E-15,0.,-1.));
#5637 = ADVANCED_FACE('',(#5638),#5649,.T.);
#5638 = FACE_BOUND('',#5639,.T.);
#5639 = EDGE_LOOP('',(#5640,#5641,#5642,#5648));
#5640 = ORIENTED_EDGE('',*,*,#5625,.T.);
#5641 = ORIENTED_EDGE('',*,*,#4384,.T.);
#5642 = ORIENTED_EDGE('',*,*,#5643,.F.);
#5643 = EDGE_CURVE('',#4456,#4376,#5644,.T.);
#5644 = LINE('',#5645,#5646);
#5645 = CARTESIAN_POINT('',(86.399999999999,-72.4,-3.599999999999));
#5646 = VECTOR('',#5647,1.);
#5647 = DIRECTION('',(0.,1.,-2.2E-16));
#5648 = ORIENTED_EDGE('',*,*,#4455,.F.);
#5649 = CYLINDRICAL_SURFACE('',#5650,0.8);
#5650 = AXIS2_PLACEMENT_3D('',#5651,#5652,#5653);
#5651 = CARTESIAN_POINT('',(85.703352060514,-72.4,-3.206704121032));
#5652 = DIRECTION('',(0.,-1.,2.2E-16));
#5653 = DIRECTION('',(1.,0.,0.));
#5654 = ADVANCED_FACE('',(#5655),#5661,.T.);
#5655 = FACE_BOUND('',#5656,.T.);
#5656 = EDGE_LOOP('',(#5657,#5658,#5659,#5660));
#5657 = ORIENTED_EDGE('',*,*,#5643,.T.);
#5658 = ORIENTED_EDGE('',*,*,#4375,.T.);
#5659 = ORIENTED_EDGE('',*,*,#4425,.T.);
#5660 = ORIENTED_EDGE('',*,*,#4464,.F.);
#5661 = CYLINDRICAL_SURFACE('',#5662,0.8);
#5662 = AXIS2_PLACEMENT_3D('',#5663,#5664,#5665);
#5663 = CARTESIAN_POINT('',(86.4,-72.4,-2.8));
#5664 = DIRECTION('',(0.,-1.,2.2E-16));
#5665 = DIRECTION('',(1.,0.,0.));
#5666 = ADVANCED_FACE('',(#5667,#5681,#5684,#5687,#5697),#5700,.T.);
#5667 = FACE_BOUND('',#5668,.T.);
#5668 = EDGE_LOOP('',(#5669,#5670,#5671,#5672,#5673,#5674,#5675,#5676,
    #5677,#5678,#5679,#5680));
#5669 = ORIENTED_EDGE('',*,*,#4537,.T.);
#5670 = ORIENTED_EDGE('',*,*,#4561,.T.);
#5671 = ORIENTED_EDGE('',*,*,#4611,.T.);
#5672 = ORIENTED_EDGE('',*,*,#4659,.T.);
#5673 = ORIENTED_EDGE('',*,*,#4709,.T.);
#5674 = ORIENTED_EDGE('',*,*,#4757,.T.);
#5675 = ORIENTED_EDGE('',*,*,#4807,.T.);
#5676 = ORIENTED_EDGE('',*,*,#4789,.T.);
#5677 = ORIENTED_EDGE('',*,*,#4740,.T.);
#5678 = ORIENTED_EDGE('',*,*,#4691,.T.);
#5679 = ORIENTED_EDGE('',*,*,#4642,.T.);
#5680 = ORIENTED_EDGE('',*,*,#4593,.T.);
#5681 = FACE_BOUND('',#5682,.T.);
#5682 = EDGE_LOOP('',(#5683));
#5683 = ORIENTED_EDGE('',*,*,#5371,.F.);
#5684 = FACE_BOUND('',#5685,.T.);
#5685 = EDGE_LOOP('',(#5686));
#5686 = ORIENTED_EDGE('',*,*,#4975,.F.);
#5687 = FACE_BOUND('',#5688,.T.);
#5688 = EDGE_LOOP('',(#5689,#5690,#5691,#5692,#5693,#5694,#5695,#5696));
#5689 = ORIENTED_EDGE('',*,*,#5101,.F.);
#5690 = ORIENTED_EDGE('',*,*,#5058,.T.);
#5691 = ORIENTED_EDGE('',*,*,#4999,.F.);
#5692 = ORIENTED_EDGE('',*,*,#5024,.T.);
#5693 = ORIENTED_EDGE('',*,*,#5084,.F.);
#5694 = ORIENTED_EDGE('',*,*,#5134,.F.);
#5695 = ORIENTED_EDGE('',*,*,#5178,.F.);
#5696 = ORIENTED_EDGE('',*,*,#5152,.F.);
#5697 = FACE_BOUND('',#5698,.T.);
#5698 = EDGE_LOOP('',(#5699));
#5699 = ORIENTED_EDGE('',*,*,#4891,.F.);
#5700 = PLANE('',#5701);
#5701 = AXIS2_PLACEMENT_3D('',#5702,#5703,#5704);
#5702 = CARTESIAN_POINT('',(40.270135746606,-61.7701357466,2.));
#5703 = DIRECTION('',(0.,0.,1.));
#5704 = DIRECTION('',(1.,0.,0.));
#5705 = ( GEOMETRIC_REPRESENTATION_CONTEXT(3) 
GLOBAL_UNCERTAINTY_ASSIGNED_CONTEXT((#5709)) 
GLOBAL_UNIT_ASSIGNED_CONTEXT((#5706,#5707,#5708)) REPRESENTATION_CONTEXT
('Context #1','3D Context with UNIT and UNCERTAINTY') );
#5706 = ( LENGTH_UNIT() NAMED_UNIT(*) SI_UNIT(.MILLI.,.METRE.) );
#5707 = ( NAMED_UNIT(*) PLANE_ANGLE_UNIT() SI_UNIT($,.RADIAN.) );
#5708 = ( NAMED_UNIT(*) SI_UNIT($,.STERADIAN.) SOLID_ANGLE_UNIT() );
#5709 = UNCERTAINTY_MEASURE_WITH_UNIT(LENGTH_MEASURE(1.E-07),#5706,
  'distance_accuracy_value','confusion accuracy');
#5710 = PRODUCT_RELATED_PRODUCT_CATEGORY('part',$,(#7));
#5711 = MECHANICAL_DESIGN_GEOMETRIC_PRESENTATION_REPRESENTATION('',(
    #5712),#5705);
#5712 = STYLED_ITEM('color',(#5713),#15);
#5713 = PRESENTATION_STYLE_ASSIGNMENT((#5714,#5720));
#5714 = SURFACE_STYLE_USAGE(.BOTH.,#5715);
#5715 = SURFACE_SIDE_STYLE('',(#5716));
#5716 = SURFACE_STYLE_FILL_AREA(#5717);
#5717 = FILL_AREA_STYLE('',(#5718));
#5718 = FILL_AREA_STYLE_COLOUR('',#5719);
#5719 = COLOUR_RGB('',0.800000010877,0.800000010877,0.901960800373);
#5720 = CURVE_STYLE('',#5721,POSITIVE_LENGTH_MEASURE(0.1),#5722);
#5721 = DRAUGHTING_PRE_DEFINED_CURVE_FONT('continuous');
#5722 = COLOUR_RGB('',9.803921802644E-02,9.803921802644E-02,
  9.803921802644E-02);
ENDSEC;
END-ISO-10303-21;
